date,cash,mv,nav,n_pos,ret,dd
2015-05-25,16680.050000000003,372459.0,389139.05,6,-0.22172190000000003,0.0
2015-05-26,7686.050000000003,389773.0,397459.05,6,0.02138053222877523,0.0
2015-05-27,564.0500000000029,406030.0,406594.05,6,0.022983499809603014,0.0
2015-05-28,2385.0700000000033,384099.3,386484.37,6,-0.04945886443739156,-0.04945886443739156
2015-05-29,3959.4400000000032,398735.3,402694.74,6,0.04194314507466368,-0.009590179689053513
2015-06-01,645.8700000000026,405616.2,406262.07,8,0.008858645633166295,-0.0008164900593109481
2015-06-02,721.4799999999959,492558.0,493279.48,7,0.21419033777876417,0.0
2015-06-03,75.1899999999955,501472.0,501547.19,7,0.016760701256010035,0.0
2015-06-04,2966.8499999999954,498999.0,501965.85,7,0.0008347370065018289,0.0
2015-06-05,2266.7599999999948,521589.0,523855.76,7,0.043608364991363446,0.0
2015-06-08,1595.8399999999947,519443.0,521038.83999999997,7,-0.005377281715867821,-0.005377281715867821
2015-06-09,564978.49,0.0,564978.49,1,0.08433085333907164,0.0
2015-06-10,564978.49,0.0,564978.49,1,0.0,0.0
2015-06-11,564978.49,0.0,564978.49,1,0.0,0.0
2015-06-12,564978.49,0.0,564978.49,1,0.0,0.0
2015-06-15,167.08999999992375,547537.0,547704.09,7,-0.03057532331894619,-0.03057532331894619
2015-06-16,167.08999999992375,540491.0,540658.09,7,-0.012864610888700834,-0.04304659457035265
2015-06-17,589.9099999999235,549791.0,550380.9099999999,7,0.017983306233334995,-0.02583740842947857
2015-06-18,200.90999999992346,529543.0,529743.9099999999,7,-0.03749584991964927,-0.062364462760343464
2015-06-19,259.4699999999234,498617.0,498876.4699999999,7,-0.05826860756171792,-0.11699917991568154
2015-06-23,140.32999999992262,529205.0,529345.33,7,0.061074959097589865,-0.06306994094589347
2015-06-24,214.98999999993248,536006.0,536220.99,7,0.012988987736984647,-0.05090016789842744
2015-06-25,449.28999999993266,522002.0,522451.2899999999,7,-0.025679151425982205,-0.07527224620533801
2015-06-26,418.55999999993264,481023.0,481441.55999999994,7,-0.07849483920309586,-0.14785860254608996
2015-06-29,303945.31999999995,174643.0,478588.31999999995,3,-0.005926451384878351,-0.1529087771111428
2015-06-30,475383.1699999999,0.0,475383.1699999999,1,-0.0066970919808491125,-0.15858182494699946
2015-07-01,475383.1699999999,0.0,475383.1699999999,1,0.0,-0.15858182494699946
2015-07-02,475383.1699999999,0.0,475383.1699999999,1,0.0,-0.15858182494699946
2015-07-03,475383.1699999999,0.0,475383.1699999999,1,0.0,-0.15858182494699946
2015-07-06,475383.1699999999,0.0,475383.1699999999,1,0.0,-0.15858182494699946
2015-07-07,475383.1699999999,0.0,475383.1699999999,1,0.0,-0.15858182494699946
2015-07-08,475383.1699999999,0.0,475383.1699999999,1,0.0,-0.15858182494699946
2015-07-09,475383.1699999999,0.0,475383.1699999999,1,0.0,-0.15858182494699946
2015-07-10,475383.1699999999,0.0,475383.1699999999,1,0.0,-0.15858182494699946
2015-07-13,475383.1699999999,0.0,475383.1699999999,1,0.0,-0.15858182494699946
2015-07-14,475383.1699999999,0.0,475383.1699999999,1,0.0,-0.15858182494699946
2015-07-15,475383.1699999999,0.0,475383.1699999999,1,0.0,-0.15858182494699946
2015-07-16,475383.1699999999,0.0,475383.1699999999,1,0.0,-0.15858182494699946
2015-07-17,475383.1699999999,0.0,475383.1699999999,1,0.0,-0.15858182494699946
2015-07-20,541057.6799999999,0.0,541057.6799999999,0,0.13815068379471662,-0.04233932870612478
2015-07-21,541057.6799999999,0.0,541057.6799999999,0,0.0,-0.04233932870612478
2015-07-22,541057.6799999999,0.0,541057.6799999999,0,0.0,-0.04233932870612478
2015-07-23,541057.6799999999,0.0,541057.6799999999,0,0.0,-0.04233932870612478
2015-07-24,541057.6799999999,0.0,541057.6799999999,0,0.0,-0.04233932870612478
2015-07-27,541057.6799999999,0.0,541057.6799999999,0,0.0,-0.04233932870612478
2015-07-28,541057.6799999999,0.0,541057.6799999999,0,0.0,-0.04233932870612478
2015-07-29,541057.6799999999,0.0,541057.6799999999,0,0.0,-0.04233932870612478
2015-07-30,541057.6799999999,0.0,541057.6799999999,0,0.0,-0.04233932870612478
2015-07-31,541057.6799999999,0.0,541057.6799999999,0,0.0,-0.04233932870612478
2015-08-03,541057.6799999999,0.0,541057.6799999999,0,0.0,-0.04233932870612478
2015-08-04,541057.6799999999,0.0,541057.6799999999,0,0.0,-0.04233932870612478
2015-08-05,541057.6799999999,0.0,541057.6799999999,0,0.0,-0.04233932870612478
2015-08-06,541057.6799999999,0.0,541057.6799999999,0,0.0,-0.04233932870612478
2015-08-07,541057.6799999999,0.0,541057.6799999999,0,0.0,-0.04233932870612478
2015-08-10,134.43999999995867,473441.0,473575.43999999994,6,-0.12472282067967322,-0.16178146888388623
2015-08-11,-73.58000000004176,488396.0,488322.42,6,0.0311396638305399,-0.13567962560840152
2015-08-12,4906.159999999958,481247.0,486153.16,6,-0.0044422699248583,-0.1395191700130035
2015-08-13,6604.669999999958,506063.0,512667.67,6,0.054539417166392656,-0.09258904706265902
2015-08-14,1608.829999999958,511002.0,512610.82999999996,6,-0.0001108710443942229,-0.0926896526627059
2015-08-17,4361.279999999958,524648.0,529009.2799999999,6,0.031990057642753866,-0.06366474235151864
2015-08-18,634851.57,0.0,634851.57,0,0.20007643344177262,0.0
2015-08-19,634851.57,0.0,634851.57,0,0.0,0.0
2015-08-20,634851.57,0.0,634851.57,0,0.0,0.0
2015-08-21,634851.57,0.0,634851.57,0,0.0,0.0
2015-08-24,634851.57,0.0,634851.57,0,0.0,0.0
2015-08-25,634851.57,0.0,634851.57,0,0.0,0.0
2015-08-26,634851.57,0.0,634851.57,0,0.0,0.0
2015-08-27,634851.57,0.0,634851.57,0,0.0,0.0
2015-08-28,634851.57,0.0,634851.57,0,0.0,0.0
2015-08-31,634851.57,0.0,634851.57,0,0.0,0.0
2015-09-01,634851.57,0.0,634851.57,0,0.0,0.0
2015-09-02,634851.57,0.0,634851.57,0,0.0,0.0
2015-09-07,634851.57,0.0,634851.57,0,0.0,0.0
2015-09-08,634851.57,0.0,634851.57,0,0.0,0.0
2015-09-09,634851.57,0.0,634851.57,0,0.0,0.0
2015-09-10,634851.57,0.0,634851.57,0,0.0,0.0
2015-09-11,634851.57,0.0,634851.57,0,0.0,0.0
2015-09-14,634851.57,0.0,634851.57,0,0.0,0.0
2015-09-15,634851.57,0.0,634851.57,0,0.0,0.0
2015-09-16,634851.57,0.0,634851.57,0,0.0,0.0
2015-09-17,634851.57,0.0,634851.57,0,0.0,0.0
2015-09-18,634851.57,0.0,634851.57,0,0.0,0.0
2015-09-21,634851.57,0.0,634851.57,0,0.0,0.0
2015-09-22,634851.57,0.0,634851.57,0,0.0,0.0
2015-09-23,634851.57,0.0,634851.57,0,0.0,0.0
2015-09-24,634851.57,0.0,634851.57,0,0.0,0.0
2015-09-25,634851.57,0.0,634851.57,0,0.0,0.0
2015-09-28,3687.2699999998877,328024.0,331711.2699999999,6,-0.47749791340990155,-0.47749791340990155
2015-09-29,2292.5999999998876,319657.0,321949.59999999986,6,-0.02942821327716738,-0.4928742162518399
2015-09-30,13523.039999999888,322892.0,336415.03999999986,6,0.0449307593486683,-0.47008866970274654
2015-10-08,459635.92999999993,0.0,459635.92999999993,2,0.36627640072215595,-0.2759946549395791
2015-10-09,693571.4099999999,0.0,693571.4099999999,0,0.5089582095986274,0.0
2015-10-12,549.5699999999197,607311.0,607860.57,6,-0.12357896932343271,-0.12357896932343271
2015-10-13,238.0399999999197,622944.0,623182.0399999999,6,0.025205566467323193,-0.10148828078135463
2015-10-14,5026.3999999999205,607536.0,612562.3999999999,6,-0.0170409917461678,-0.11679981157239461
2015-10-15,2445.919999999921,645249.0,647694.9199999999,6,0.057353373305315536,-0.06614530146218112
2015-10-16,873.5299999999211,661523.0,662396.5299999999,6,0.02269835619522853,-0.04494833488018202
2015-10-19,-60.660000000090804,666220.0,666159.3399999999,7,0.00568060041014995,-0.039523067999587935
2015-10-20,930.5699999999197,687054.0,687984.57,6,0.03276277714578035,-0.00805517632279562
2015-10-21,2380.4599999999195,636857.0,639237.46,6,-0.07085494664509695,-0.0783393738793241
2015-10-22,5885.57999999992,656960.0,662845.58,6,0.03693169045506184,-0.04430088893081674
2015-10-23,340.5799999999199,690091.0,690431.58,6,0.041617536319696,-0.004527046465193751
2015-10-26,4793.21999999992,698992.0,703785.22,6,0.019341004071685264,0.0
2015-10-27,4642.37999999992,701530.0,706172.3799999999,6,0.003391887087370149,0.0
2015-10-28,2026.57999999992,691429.0,693455.58,6,-0.01800806766189289,-0.01800806766189289
2015-10-29,2562.46999999992,706738.0,709300.47,6,0.02284917802521691,0.0
2015-10-30,1396.2699999999204,710753.0,712149.2699999999,6,0.004016351490645276,0.0
2015-11-02,802.6999999999207,702931.0,703733.7,6,-0.011817143335694169,-0.011817143335694169
2015-11-03,835906.6399999999,0.0,835906.6399999999,0,0.18781669827663494,0.0
2015-11-04,835906.6399999999,0.0,835906.6399999999,0,0.0,0.0
2015-11-05,835906.6399999999,0.0,835906.6399999999,0,0.0,0.0
2015-11-06,835906.6399999999,0.0,835906.6399999999,0,0.0,0.0
2015-11-09,835906.6399999999,0.0,835906.6399999999,0,0.0,0.0
2015-11-10,835906.6399999999,0.0,835906.6399999999,0,0.0,0.0
2015-11-11,835906.6399999999,0.0,835906.6399999999,0,0.0,0.0
2015-11-12,835906.6399999999,0.0,835906.6399999999,0,0.0,0.0
2015-11-13,835906.6399999999,0.0,835906.6399999999,0,0.0,0.0
2015-11-16,835906.6399999999,0.0,835906.6399999999,0,0.0,0.0
2015-11-17,835906.6399999999,0.0,835906.6399999999,0,0.0,0.0
2015-11-18,835906.6399999999,0.0,835906.6399999999,0,0.0,0.0
2015-11-19,835906.6399999999,0.0,835906.6399999999,0,0.0,0.0
2015-11-20,835906.6399999999,0.0,835906.6399999999,0,0.0,0.0
2015-11-23,835906.6399999999,0.0,835906.6399999999,0,0.0,0.0
2015-11-24,835906.6399999999,0.0,835906.6399999999,0,0.0,0.0
2015-11-25,835906.6399999999,0.0,835906.6399999999,0,0.0,0.0
2015-11-26,835906.6399999999,0.0,835906.6399999999,0,0.0,0.0
2015-11-27,835906.6399999999,0.0,835906.6399999999,0,0.0,0.0
2015-11-30,5577.609999999855,682790.0,688367.6099999999,6,-0.17650180407706784,-0.17650180407706784
2015-12-01,6033.1699999998555,683081.0,689114.1699999998,6,0.0010845367927754257,-0.17560868998480517
2015-12-02,1573.2499999998554,688697.0,690270.2499999999,6,0.001677632024313258,-0.17422566472255807
2015-12-03,2090.0299999998556,702881.0,704971.0299999999,6,0.021297136882257428,-0.15663903567029924
2015-12-04,371.0299999998556,698355.0,698726.0299999999,6,-0.008858520044433549,-0.1641099656775068
2015-12-07,258.6299999998582,763818.0,764076.6299999999,8,0.09352821734721983,-0.08593066086901768
2015-12-08,3086.3299999998417,744333.0,747419.3299999998,6,-0.021800562071895957,-0.10585788623475956
2015-12-09,5295.309999999841,745334.0,750629.3099999998,6,0.00429475111380917,-0.1020177683957626
2015-12-10,5312.029999999842,740203.0,745515.0299999998,6,-0.006813323076872657,-0.10813601145697338
2015-12-11,24.98999999984244,745863.0,745887.9899999999,6,0.0005002716041822008,-0.10768983722871261
2015-12-14,719.3999999998414,761870.0,762589.3999999998,7,0.022391311059988928,-0.08770984281211136
2015-12-15,2589.6499999998487,766424.0,769013.6499999999,6,0.008424258191892076,-0.08002447498203868
2015-12-16,1435.6499999998487,782419.0,783854.6499999999,6,0.019298747167881825,-0.062270099924077615
2015-12-17,2141.3999999998487,803477.0,805618.3999999999,6,0.02776503271365427,-0.03623399857189791
2015-12-18,737.0099999998488,801886.0,802623.0099999999,6,-0.0037181251073709065,-0.03981740113943821
2015-12-21,1786.7599999998488,819733.0,821519.7599999999,6,0.02354374315782448,-0.017211108647252726
2015-12-22,934331.8799999999,0.0,934331.8799999999,0,0.13732124958260283,0.0
2015-12-23,934331.8799999999,0.0,934331.8799999999,0,0.0,0.0
2015-12-24,934331.8799999999,0.0,934331.8799999999,0,0.0,0.0
2015-12-25,934331.8799999999,0.0,934331.8799999999,0,0.0,0.0
2015-12-28,934331.8799999999,0.0,934331.8799999999,0,0.0,0.0
2015-12-29,934331.8799999999,0.0,934331.8799999999,0,0.0,0.0
2015-12-30,934331.8799999999,0.0,934331.8799999999,0,0.0,0.0
2015-12-31,934331.8799999999,0.0,934331.8799999999,0,0.0,0.0
2016-01-04,934331.8799999999,0.0,934331.8799999999,0,0.0,0.0
2016-01-05,934331.8799999999,0.0,934331.8799999999,0,0.0,0.0
2016-01-06,934331.8799999999,0.0,934331.8799999999,0,0.0,0.0
2016-01-07,934331.8799999999,0.0,934331.8799999999,0,0.0,0.0
2016-01-08,934331.8799999999,0.0,934331.8799999999,0,0.0,0.0
2016-01-11,934331.8799999999,0.0,934331.8799999999,0,0.0,0.0
2016-01-12,934331.8799999999,0.0,934331.8799999999,0,0.0,0.0
2016-01-13,934331.8799999999,0.0,934331.8799999999,0,0.0,0.0
2016-01-14,934331.8799999999,0.0,934331.8799999999,0,0.0,0.0
2016-01-15,934331.8799999999,0.0,934331.8799999999,0,0.0,0.0
2016-01-18,29801.609999999986,799139.0,828940.61,6,-0.112798537924233,-0.112798537924233
2016-01-19,5363.609999999986,859523.0,864886.61,6,0.04336378211703251,-0.07432612702886676
2016-01-20,4057.849999999986,845284.0,849341.85,6,-0.0179731768537843,-0.09096342725670448
2016-01-21,3654.999999999986,825205.0,828860.0,6,-0.024114966194118348,-0.11288481347762624
2016-01-22,10492.139999999985,826733.0,837225.14,6,0.010092343700986994,-0.10393174211287737
2016-01-25,674869.14,336618.0,1011487.14,2,0.20814234030287238,0.0
2016-01-26,1009889.05,0.0,1009889.05,0,-0.0015799409965805422,-0.0015799409965805422
2016-01-27,1009889.05,0.0,1009889.05,0,0.0,-0.0015799409965805422
2016-01-28,1009889.05,0.0,1009889.05,0,0.0,-0.0015799409965805422
2016-01-29,1009889.05,0.0,1009889.05,0,0.0,-0.0015799409965805422
2016-02-01,1009889.05,0.0,1009889.05,0,0.0,-0.0015799409965805422
2016-02-02,1009889.05,0.0,1009889.05,0,0.0,-0.0015799409965805422
2016-02-03,1009889.05,0.0,1009889.05,0,0.0,-0.0015799409965805422
2016-02-04,1009889.05,0.0,1009889.05,0,0.0,-0.0015799409965805422
2016-02-05,1009889.05,0.0,1009889.05,0,0.0,-0.0015799409965805422
2016-02-15,1009889.05,0.0,1009889.05,0,0.0,-0.0015799409965805422
2016-02-16,1009889.05,0.0,1009889.05,0,0.0,-0.0015799409965805422
2016-02-17,1009889.05,0.0,1009889.05,0,0.0,-0.0015799409965805422
2016-02-18,1009889.05,0.0,1009889.05,0,0.0,-0.0015799409965805422
2016-02-19,1009889.05,0.0,1009889.05,0,0.0,-0.0015799409965805422
2016-02-22,1009889.05,0.0,1009889.05,0,0.0,-0.0015799409965805422
2016-02-23,1009889.05,0.0,1009889.05,0,0.0,-0.0015799409965805422
2016-02-24,1009889.05,0.0,1009889.05,0,0.0,-0.0015799409965805422
2016-02-25,1009889.05,0.0,1009889.05,0,0.0,-0.0015799409965805422
2016-02-26,1009889.05,0.0,1009889.05,0,0.0,-0.0015799409965805422
2016-02-29,1009889.05,0.0,1009889.05,0,0.0,-0.0015799409965805422
2016-03-01,1009889.05,0.0,1009889.05,0,0.0,-0.0015799409965805422
2016-03-02,1009889.05,0.0,1009889.05,0,0.0,-0.0015799409965805422
2016-03-03,1009889.05,0.0,1009889.05,0,0.0,-0.0015799409965805422
2016-03-04,1009889.05,0.0,1009889.05,0,0.0,-0.0015799409965805422
2016-03-07,1009889.05,0.0,1009889.05,0,0.0,-0.0015799409965805422
2016-03-08,1009889.05,0.0,1009889.05,0,0.0,-0.0015799409965805422
2016-03-09,1009889.05,0.0,1009889.05,0,0.0,-0.0015799409965805422
2016-03-10,1009889.05,0.0,1009889.05,0,0.0,-0.0015799409965805422
2016-03-11,1009889.05,0.0,1009889.05,0,0.0,-0.0015799409965805422
2016-03-14,1009889.05,0.0,1009889.05,0,0.0,-0.0015799409965805422
2016-03-15,1009889.05,0.0,1009889.05,0,0.0,-0.0015799409965805422
2016-03-16,1009889.05,0.0,1009889.05,0,0.0,-0.0015799409965805422
2016-03-17,1009889.05,0.0,1009889.05,0,0.0,-0.0015799409965805422
2016-03-18,1009889.05,0.0,1009889.05,0,0.0,-0.0015799409965805422
2016-03-21,1009889.05,0.0,1009889.05,0,0.0,-0.0015799409965805422
2016-03-22,1009889.05,0.0,1009889.05,0,0.0,-0.0015799409965805422
2016-03-23,1009889.05,0.0,1009889.05,0,0.0,-0.0015799409965805422
2016-03-24,1009889.05,0.0,1009889.05,0,0.0,-0.0015799409965805422
2016-03-25,1009889.05,0.0,1009889.05,0,0.0,-0.0015799409965805422
2016-03-28,-29.859999999811407,992998.0,992968.1400000001,6,-0.01675521682307568,-0.018308685565690763
2016-03-29,855.1800000001886,970374.0,971229.1800000002,6,-0.021892907863086064,-0.03980076306259306
2016-03-30,8615.560000000187,1000305.0,1008920.5600000002,6,0.038807915552949046,-0.0025374321615199147
2016-03-31,6086.560000000187,1011227.0,1017313.5600000002,6,0.008318791719340135,0.0
2016-04-01,1620.690000000187,1038098.0,1039718.6900000002,6,0.022023819283407464,0.0
2016-04-05,1238.030000000187,1077756.0,1078994.0300000003,6,0.037774967765559886,0.0
2016-04-06,899980.1400000001,174338.99999999997,1074319.1400000001,1,-0.004332637503101089,-0.004332637503101089
2016-04-07,899980.1400000001,174338.99999999997,1074319.1400000001,1,0.0,-0.004332637503101089
2016-04-08,899980.1400000001,174338.99999999997,1074319.1400000001,1,0.0,-0.004332637503101089
2016-04-11,899980.1400000001,174338.99999999997,1074319.1400000001,1,0.0,-0.004332637503101089
2016-04-12,899980.1400000001,174338.99999999997,1074319.1400000001,1,0.0,-0.004332637503101089
2016-04-13,899980.1400000001,174338.99999999997,1074319.1400000001,1,0.0,-0.004332637503101089
2016-04-14,899980.1400000001,174338.99999999997,1074319.1400000001,1,0.0,-0.004332637503101089
2016-04-15,899980.1400000001,174338.99999999997,1074319.1400000001,1,0.0,-0.004332637503101089
2016-04-18,1074092.5,0.0,1074092.5,0,-0.00021096152117339173,-0.004542685004476077
2016-04-19,1074092.5,0.0,1074092.5,0,0.0,-0.004542685004476077
2016-04-20,1074092.5,0.0,1074092.5,0,0.0,-0.004542685004476077
2016-04-21,1074092.5,0.0,1074092.5,0,0.0,-0.004542685004476077
2016-04-22,1074092.5,0.0,1074092.5,0,0.0,-0.004542685004476077
2016-04-25,1074092.5,0.0,1074092.5,0,0.0,-0.004542685004476077
2016-04-26,1074092.5,0.0,1074092.5,0,0.0,-0.004542685004476077
2016-04-27,1074092.5,0.0,1074092.5,0,0.0,-0.004542685004476077
2016-04-28,1074092.5,0.0,1074092.5,0,0.0,-0.004542685004476077
2016-04-29,1074092.5,0.0,1074092.5,0,0.0,-0.004542685004476077
2016-05-03,1074092.5,0.0,1074092.5,0,0.0,-0.004542685004476077
2016-05-04,1074092.5,0.0,1074092.5,0,0.0,-0.004542685004476077
2016-05-05,1074092.5,0.0,1074092.5,0,0.0,-0.004542685004476077
2016-05-06,1074092.5,0.0,1074092.5,0,0.0,-0.004542685004476077
2016-05-09,1074092.5,0.0,1074092.5,0,0.0,-0.004542685004476077
2016-05-10,1074092.5,0.0,1074092.5,0,0.0,-0.004542685004476077
2016-05-11,1074092.5,0.0,1074092.5,0,0.0,-0.004542685004476077
2016-05-12,1074092.5,0.0,1074092.5,0,0.0,-0.004542685004476077
2016-05-13,1074092.5,0.0,1074092.5,0,0.0,-0.004542685004476077
2016-05-16,5013.879999999976,922314.0,927327.88,6,-0.1366405779762916,-0.14056254787619193
2016-05-17,2552.9699999999757,913782.0,916334.97,6,-0.01185439393885157,-0.1507506579994703
2016-05-18,2211.6099999999756,892067.0,894278.61,6,-0.0240701934577483,-0.1711922539552886
2016-05-19,10312.589999999975,883237.0,893549.59,6,-0.0008152045591250934,-0.1718679018085023
2016-05-20,1538.5899999999747,899850.0,901388.59,6,0.008772876276514241,-0.16460280137045824
2016-05-23,6795.219999999976,900647.0,907442.22,7,0.006715893752327284,-0.1589923625434705
2016-05-24,175.04999999998836,1076329.0,1076504.05,6,0.18630588953641603,-0.0023076865402120728
2016-05-25,4981.779999999988,1065737.0,1070718.78,6,-0.00537412748238153,-0.0076694122209371995
2016-05-26,2601.449999999988,1067912.0,1070513.45,6,-0.00019176837451195805,-0.007859709844734053
2016-05-27,-45.700000000012096,1075679.0,1075633.3,6,0.004782611558967531,-0.0031146882249202257
2016-05-30,11456.67999999999,1069974.0,1081430.68,6,0.005389736446426374,0.0
2016-05-31,1677.8599999999888,1120517.0,1122194.86,6,0.03769467683310057,0.0
2016-06-01,-362.14000000001124,1117246.0,1116883.86,6,-0.004732689650708277,-0.004732689650708277
2016-06-02,435.0599999999888,1117460.0,1117895.06,6,0.0009053761417949779,-0.003831598373209455
2016-06-03,-55.52000000001112,1124123.0,1124067.48,6,0.005521466388803908,0.0
2016-06-06,250.64999999998963,1115551.0,1115801.65,7,-0.007353499809459874,-0.007353499809459874
2016-06-07,2362.970000000001,936972.0,939334.97,6,-0.15815237412491723,-0.1643429004813839
2016-06-08,1413.9700000000012,932359.0,933772.97,6,-0.005921210406975463,-0.16929100199571645
2016-06-13,18944.81,895117.0,914061.81,6,-0.02110915675787861,-0.1868265684547692
2016-06-14,5277.100000000002,924434.0,929711.1,6,0.01712060369309154,-0.17290454839953207
2016-06-15,98.04000000000224,949035.0,949133.04,6,0.0208902959209587,-0.1556262796607193
2016-06-16,-2.419999999997799,944010.0,944007.58,6,-0.0054001491719223305,-0.16018602370740231
2016-06-17,3577.5800000000017,947536.0,951113.58,6,0.007527481929753055,-0.15386433917650566
2016-06-20,43171.21,916123.0,959294.21,7,0.008601107346190906,-0.14658663552832252
2016-06-21,-353.75,953260.0,952906.25,6,-0.00665902069814428,-0.15226953278641242
2016-06-22,3294.59,961370.0,964664.59,6,0.012339451021545988,-0.14180900420675813
2016-06-23,-393.40999999999985,990508.0,990114.59,6,0.026382226800716335,-0.11916801471740823
2016-06-24,3383.6399999999994,981530.0,984913.64,6,-0.005252876841255305,-0.12379491665393605
2016-06-27,526977.92,606025.0,1133002.92,3,0.1503576293247395,0.0
2016-06-28,1127204.6,0.0,1127204.6,0,-0.005117656713541252,-0.005117656713541252
2016-06-29,1127204.6,0.0,1127204.6,0,0.0,-0.005117656713541252
2016-06-30,1127204.6,0.0,1127204.6,0,0.0,-0.005117656713541252
2016-07-01,1127204.6,0.0,1127204.6,0,0.0,-0.005117656713541252
2016-07-04,1127204.6,0.0,1127204.6,0,0.0,-0.005117656713541252
2016-07-05,1127204.6,0.0,1127204.6,0,0.0,-0.005117656713541252
2016-07-06,1127204.6,0.0,1127204.6,0,0.0,-0.005117656713541252
2016-07-07,1127204.6,0.0,1127204.6,0,0.0,-0.005117656713541252
2016-07-08,1127204.6,0.0,1127204.6,0,0.0,-0.005117656713541252
2016-07-11,1949.1300000000629,932930.0,934879.1300000001,6,-0.1706216156321576,-0.17486608948898363
2016-07-12,3483.2800000000625,937712.0,941195.28,6,0.006756114022996584,-0.16929139070533017
2016-07-13,1984.8300000000627,943960.0,945944.8300000001,6,0.005046296024773911,-0.16509938915250089
2016-07-14,109.83000000006268,953378.0,953487.8300000001,6,0.007974037978515147,-0.1584418599733175
2016-07-15,6734.5700000000625,947669.0,954403.5700000001,6,0.0009604107899310321,-0.15763361845528157
2016-07-18,757910.0200000001,376058.0,1133968.02,2,0.18814310386538047,0.0
2016-07-19,1133668.9000000001,0.0,1133668.9000000001,0,-0.0002637816893635847,-0.0002637816893635847
2016-07-20,1133668.9000000001,0.0,1133668.9000000001,0,0.0,-0.0002637816893635847
2016-07-21,1133668.9000000001,0.0,1133668.9000000001,0,0.0,-0.0002637816893635847
2016-07-22,1133668.9000000001,0.0,1133668.9000000001,0,0.0,-0.0002637816893635847
2016-07-25,6476.85000000018,739572.0,746048.8500000002,6,-0.3419164537370655,-0.3420900441266411
2016-07-26,856.2900000001805,756323.0,757179.2900000002,6,0.014919183911348277,-0.3322745644978593
2016-07-27,1634.2900000001805,734730.0,736364.2900000002,6,-0.027490186637302183,-0.35063046134228715
2016-07-28,4704.040000000181,721973.0,726677.0400000002,6,-0.013155513013810016,-0.3591732507588705
2016-07-29,10245.20000000018,717272.0,727517.2000000002,6,0.0011561669816897435,-0.35843234803041435
2016-08-01,13267.67000000018,702646.0,715913.6700000002,6,-0.015949492328153902,-0.36866502637349496
2016-08-02,2038.9600000001801,717623.0,719661.9600000002,6,0.005235673178303868,-0.3653595627855535
2016-08-03,6998.940000000181,725618.0,732616.9400000002,6,0.018001479472389947,-0.353935095982689
2016-08-04,1908.6800000001813,736220.0,738128.6800000002,6,0.007523358659984103,-0.3490745179921386
2016-08-05,476.22000000018136,732256.0,732732.2200000002,6,-0.007311001653532823,-0.3538334352674247
2016-08-08,-358.9099999998191,736693.0,736334.0900000002,6,0.004915670284022733,-0.35065709348663976
2016-08-09,1120467.1,0.0,1120467.1,0,0.5216830447168348,-0.011905908951471034
2016-08-10,1120467.1,0.0,1120467.1,0,0.0,-0.011905908951471034
2016-08-11,1120467.1,0.0,1120467.1,0,0.0,-0.011905908951471034
2016-08-12,1120467.1,0.0,1120467.1,0,0.0,-0.011905908951471034
2016-08-15,8063.480000000098,771687.0,779750.4800000001,6,-0.3040844483519418,-0.31236995554777636
2016-08-16,2600.480000000098,782110.0,784710.4800000001,6,0.0063610092295165455,-0.3079959344885228
2016-08-17,2600.480000000098,780014.0,782614.4800000001,6,-0.0026710488179029213,-0.30984431112969124
2016-08-18,29.48000000009779,779322.0,779351.4800000001,6,-0.004169358072700136,-0.3127218173225026
2016-08-19,1807.6800000000978,777889.0,779696.68,6,0.0004429323724386425,-0.3124173995665239
2016-08-22,582677.4800000001,402056.0,984733.4800000001,3,0.2629699539056649,-0.13160383482419546
2016-08-23,1148802.56,0.0,1148802.56,0,0.16661267574653804,0.0
2016-08-24,1148802.56,0.0,1148802.56,0,0.0,0.0
2016-08-25,1148802.56,0.0,1148802.56,0,0.0,0.0
2016-08-26,1148802.56,0.0,1148802.56,0,0.0,0.0
2016-08-29,1148802.56,0.0,1148802.56,0,0.0,0.0
2016-08-30,1148802.56,0.0,1148802.56,0,0.0,0.0
2016-08-31,1148802.56,0.0,1148802.56,0,0.0,0.0
2016-09-01,1148802.56,0.0,1148802.56,0,0.0,0.0
2016-09-02,1148802.56,0.0,1148802.56,0,0.0,0.0
2016-09-05,1148802.56,0.0,1148802.56,0,0.0,0.0
2016-09-06,1148802.56,0.0,1148802.56,0,0.0,0.0
2016-09-07,1148802.56,0.0,1148802.56,0,0.0,0.0
2016-09-08,1148802.56,0.0,1148802.56,0,0.0,0.0
2016-09-09,1148802.56,0.0,1148802.56,0,0.0,0.0
2016-09-12,1148802.56,0.0,1148802.56,0,0.0,0.0
2016-09-13,1148802.56,0.0,1148802.56,0,0.0,0.0
2016-09-14,1148802.56,0.0,1148802.56,0,0.0,0.0
2016-09-19,2727.8400000000256,940786.0,943513.8400000001,6,-0.1786980001158771,-0.1786980001158771
2016-09-20,2936.7100000000255,945901.0,948837.7100000001,6,0.005642598734958648,-0.174063722490312
2016-09-21,1108.5900000000256,946453.0,947561.5900000001,6,-0.0013449296824427082,-0.175174548705741
2016-09-22,-54.40999999997439,948812.0,948757.5900000001,6,0.001262187083796773,-0.17413346467473045
2016-09-23,2274.2500000000255,950274.0,952548.25,6,0.003995393596798458,-0.1708338028076818
2016-09-26,-237.45999999997457,921341.0,921103.54,7,-0.03301114667944638,-0.19820552976483619
2016-09-27,933.2600000000384,765083.0,766016.26,6,-0.16837116921730644,-0.33320460219030157
2016-09-28,1850.3400000000383,760755.0,762605.3400000001,6,-0.004452803651974646,-0.3361737111727884
2016-09-29,897.9800000000382,770794.0,771691.98,6,0.011915258815260676,-0.3282640491330382
2016-09-30,1953.6900000000383,773097.0,775050.6900000001,6,0.0043523971831351815,-0.32534038747267413
2016-10-10,779776.5000000001,397426.0,1177202.5,2,0.5188716237385711,0.0
2016-10-11,1175013.02,0.0,1175013.02,0,-0.0018599009091468943,-0.0018599009091468943
2016-10-12,1175013.02,0.0,1175013.02,0,0.0,-0.0018599009091468943
2016-10-13,1175013.02,0.0,1175013.02,0,0.0,-0.0018599009091468943
2016-10-14,1175013.02,0.0,1175013.02,0,0.0,-0.0018599009091468943
2016-10-17,3939.7999999999884,706383.0,710322.8,6,-0.3954766560799471,-0.3966010095969045
2016-10-18,2456.7999999999884,716527.0,718983.8,6,0.012193048005779916,-0.38924373674028045
2016-10-19,2467.959999999988,708477.0,710944.96,6,-0.011180836063343969,-0.3960725023944479
2016-10-20,331.4599999999882,713785.0,714116.46,6,0.0044609641792805466,-0.39337840346074704
2016-10-21,2822.659999999988,705679.0,708501.66,6,-0.007862583086237662,-0.39814801616544304
2016-10-24,1092.659999999988,707374.0,708466.66,6,-4.9400025400103686e-05,-0.3981777476687316
2016-10-25,1871.6699999999837,949829.0,951700.6699999999,6,0.34332456801848643,-0.19155738286318635
2016-10-26,586.0499999999838,955755.0,956341.0499999999,6,0.004875881825322281,-0.18761551219947292
2016-10-27,2387.239999999984,944500.0,946887.24,6,-0.009885396010136716,-0.1956462545738732
2016-10-28,893.2399999999839,935759.0,936652.24,6,-0.01080910119773082,-0.20434059560695805
2016-10-31,769667.22,382739.0,1152406.22,2,0.23034587522045524,-0.02106373372465653
2016-11-01,1149576.69,0.0,1149576.69,0,-0.0024553234362099108,-0.023467338881798194
2016-11-02,1149576.69,0.0,1149576.69,0,0.0,-0.023467338881798194
2016-11-03,1149576.69,0.0,1149576.69,0,0.0,-0.023467338881798194
2016-11-04,1149576.69,0.0,1149576.69,0,0.0,-0.023467338881798194
2016-11-07,5077.449999999895,1145346.0,1150423.45,6,0.000736584176911359,-0.022748040375381473
2016-11-08,3328.449999999895,1145186.0,1148514.45,6,-0.001659388984117105,-0.02436968151188945
2016-11-09,3328.449999999895,1132895.0,1136223.45,6,-0.010701650292688991,-0.034810535995293934
2016-11-10,3328.449999999895,1138849.0,1142177.45,6,0.005240166447893602,-0.02975278255015601
2016-11-11,2214.449999999895,1149310.0,1151524.45,6,0.008183491978413615,-0.02181277222907707
2016-11-14,763781.1199999999,382070.0,1145851.1199999999,2,-0.004926799426620998,-0.02663210450198683
2016-11-15,1145129.73,0.0,1145129.73,0,-0.0006295669545620663,-0.027244904763623956
2016-11-16,1145129.73,0.0,1145129.73,0,0.0,-0.027244904763623956
2016-11-17,1145129.73,0.0,1145129.73,0,0.0,-0.027244904763623956
2016-11-18,1145129.73,0.0,1145129.73,0,0.0,-0.027244904763623956
2016-11-21,1145129.73,0.0,1145129.73,0,0.0,-0.027244904763623956
2016-11-22,1145129.73,0.0,1145129.73,0,0.0,-0.027244904763623956
2016-11-23,1145129.73,0.0,1145129.73,0,0.0,-0.027244904763623956
2016-11-24,1145129.73,0.0,1145129.73,0,0.0,-0.027244904763623956
2016-11-25,1145129.73,0.0,1145129.73,0,0.0,-0.027244904763623956
2016-11-28,1145129.73,0.0,1145129.73,0,0.0,-0.027244904763623956
2016-11-29,1145129.73,0.0,1145129.73,0,0.0,-0.027244904763623956
2016-11-30,1145129.73,0.0,1145129.73,0,0.0,-0.027244904763623956
2016-12-01,1145129.73,0.0,1145129.73,0,0.0,-0.027244904763623956
2016-12-02,1145129.73,0.0,1145129.73,0,0.0,-0.027244904763623956
2016-12-05,1145129.73,0.0,1145129.73,0,0.0,-0.027244904763623956
2016-12-06,1145129.73,0.0,1145129.73,0,0.0,-0.027244904763623956
2016-12-07,1145129.73,0.0,1145129.73,0,0.0,-0.027244904763623956
2016-12-08,1145129.73,0.0,1145129.73,0,0.0,-0.027244904763623956
2016-12-09,1145129.73,0.0,1145129.73,0,0.0,-0.027244904763623956
2016-12-12,1145129.73,0.0,1145129.73,0,0.0,-0.027244904763623956
2016-12-13,1145129.73,0.0,1145129.73,0,0.0,-0.027244904763623956
2016-12-14,1145129.73,0.0,1145129.73,0,0.0,-0.027244904763623956
2016-12-15,1145129.73,0.0,1145129.73,0,0.0,-0.027244904763623956
2016-12-16,1145129.73,0.0,1145129.73,0,0.0,-0.027244904763623956
2016-12-19,1145129.73,0.0,1145129.73,0,0.0,-0.027244904763623956
2016-12-20,1145129.73,0.0,1145129.73,0,0.0,-0.027244904763623956
2016-12-21,1145129.73,0.0,1145129.73,0,0.0,-0.027244904763623956
2016-12-22,1145129.73,0.0,1145129.73,0,0.0,-0.027244904763623956
2016-12-23,1145129.73,0.0,1145129.73,0,0.0,-0.027244904763623956
2016-12-26,1145129.73,0.0,1145129.73,0,0.0,-0.027244904763623956
2016-12-27,1145129.73,0.0,1145129.73,0,0.0,-0.027244904763623956
2016-12-28,1145129.73,0.0,1145129.73,0,0.0,-0.027244904763623956
2016-12-29,1145129.73,0.0,1145129.73,0,0.0,-0.027244904763623956
2016-12-30,1145129.73,0.0,1145129.73,0,0.0,-0.027244904763623956
2017-01-03,1145129.73,0.0,1145129.73,0,0.0,-0.027244904763623956
2017-01-04,1145129.73,0.0,1145129.73,0,0.0,-0.027244904763623956
2017-01-05,1145129.73,0.0,1145129.73,0,0.0,-0.027244904763623956
2017-01-06,1145129.73,0.0,1145129.73,0,0.0,-0.027244904763623956
2017-01-09,1794.8300000000163,1152899.0,1154693.83,6,0.008351979473976368,-0.019120474175003843
2017-01-10,1952.0300000000161,1177046.0,1178998.03,6,0.02104817690071137,0.0
2017-01-11,5410.920000000016,1186916.0,1192326.92,6,0.01130526910210361,0.0
2017-01-12,3032.6700000000164,1191199.0,1194231.67,6,0.0015975064959532492,0.0
2017-01-13,3006.6700000000164,1166473.0,1169479.67,6,-0.020726296766187757,-0.020726296766187757
2017-01-16,213333.16,915293.0,1128626.16,5,-0.034933065574367816,-0.05493532925650846
2017-01-17,1122703.4400000002,0.0,1122703.4400000002,0,-0.005247725252088609,-0.059894768994025904
2017-01-18,1122703.4400000002,0.0,1122703.4400000002,0,0.0,-0.059894768994025904
2017-01-19,1122703.4400000002,0.0,1122703.4400000002,0,0.0,-0.059894768994025904
2017-01-20,1122703.4400000002,0.0,1122703.4400000002,0,0.0,-0.059894768994025904
2017-01-23,1122703.4400000002,0.0,1122703.4400000002,0,0.0,-0.059894768994025904
2017-01-24,1122703.4400000002,0.0,1122703.4400000002,0,0.0,-0.059894768994025904
2017-01-25,1122703.4400000002,0.0,1122703.4400000002,0,0.0,-0.059894768994025904
2017-01-26,1122703.4400000002,0.0,1122703.4400000002,0,0.0,-0.059894768994025904
2017-02-03,6087.550000000105,963271.0,969358.55,6,-0.1365853924879754,-0.18829941095097558
2017-02-06,644.7900000001058,984274.0,984918.7900000002,6,0.016052099607518855,-0.17526991224407884
2017-02-07,1172.0000000000873,976694.0,977866.0000000001,6,-0.007160783276355276,-0.18117562566398848
2017-02-08,1497.1800000000876,987786.0,989283.18,6,0.011675607905377472,-0.17161535332587508
2017-02-09,4532.750000000087,993964.0,998496.7500000001,6,0.009313379815069744,-0.16390029247842663
2017-02-10,2674.6700000000874,1001544.0,1004218.67,6,0.005730534425875566,-0.15910899432100967
2017-02-13,2746.7300000000873,1012432.0,1015178.7300000001,6,0.010914017362373851,-0.14993149528516514
2017-02-14,1170960.07,0.0,1170960.07,0,0.15345213152761783,-0.019486671292178848
2017-02-15,1170960.07,0.0,1170960.07,0,0.0,-0.019486671292178848
2017-02-16,1170960.07,0.0,1170960.07,0,0.0,-0.019486671292178848
2017-02-17,1170960.07,0.0,1170960.07,0,0.0,-0.019486671292178848
2017-02-20,1170960.07,0.0,1170960.07,0,0.0,-0.019486671292178848
2017-02-21,1170960.07,0.0,1170960.07,0,0.0,-0.019486671292178848
2017-02-22,1170960.07,0.0,1170960.07,0,0.0,-0.019486671292178848
2017-02-23,1170960.07,0.0,1170960.07,0,0.0,-0.019486671292178848
2017-02-24,1170960.07,0.0,1170960.07,0,0.0,-0.019486671292178848
2017-02-27,1170960.07,0.0,1170960.07,0,0.0,-0.019486671292178848
2017-02-28,1170960.07,0.0,1170960.07,0,0.0,-0.019486671292178848
2017-03-01,1170960.07,0.0,1170960.07,0,0.0,-0.019486671292178848
2017-03-02,1170960.07,0.0,1170960.07,0,0.0,-0.019486671292178848
2017-03-03,1170960.07,0.0,1170960.07,0,0.0,-0.019486671292178848
2017-03-06,1170960.07,0.0,1170960.07,0,0.0,-0.019486671292178848
2017-03-07,1170960.07,0.0,1170960.07,0,0.0,-0.019486671292178848
2017-03-08,1170960.07,0.0,1170960.07,0,0.0,-0.019486671292178848
2017-03-09,1170960.07,0.0,1170960.07,0,0.0,-0.019486671292178848
2017-03-10,1170960.07,0.0,1170960.07,0,0.0,-0.019486671292178848
2017-03-13,1170960.07,0.0,1170960.07,0,0.0,-0.019486671292178848
2017-03-14,1170960.07,0.0,1170960.07,0,0.0,-0.019486671292178848
2017-03-15,1170960.07,0.0,1170960.07,0,0.0,-0.019486671292178848
2017-03-16,1170960.07,0.0,1170960.07,0,0.0,-0.019486671292178848
2017-03-17,1170960.07,0.0,1170960.07,0,0.0,-0.019486671292178848
2017-03-20,178575.44000000003,988519.0,1167094.44,5,-0.003301248350851216,-0.022723589301563263
2017-03-21,172382.72000000003,998288.0,1170670.72,5,0.003064259307070216,-0.019728960964500275
2017-03-22,171401.72000000003,995365.0,1166766.72,5,-0.0033348403896187317,-0.022998008418249283
2017-03-23,168518.72000000003,1001844.0,1170362.72,5,0.0030820214001303636,-0.019986867372224326
2017-03-24,171201.32000000004,999152.0,1170353.32,5,-8.031698070398718e-06,-0.019994738541810664
2017-03-27,561701.14,603989.0,1165690.1400000001,3,-0.003984420704680858,-0.02389949179626072
2017-03-28,1164638.29,0.0,1164638.29,0,-0.0009023409943229588,-0.024780267299392533
2017-03-29,1164638.29,0.0,1164638.29,0,0.0,-0.024780267299392533
2017-03-30,1164638.29,0.0,1164638.29,0,0.0,-0.024780267299392533
2017-03-31,1164638.29,0.0,1164638.29,0,0.0,-0.024780267299392533
2017-04-05,1164638.29,0.0,1164638.29,0,0.0,-0.024780267299392533
2017-04-06,1164638.29,0.0,1164638.29,0,0.0,-0.024780267299392533
2017-04-07,1164638.29,0.0,1164638.29,0,0.0,-0.024780267299392533
2017-04-10,2797.8399999999383,927788.0,930585.84,6,-0.2009657865533513,-0.22076606794391906
2017-04-11,1395.6999999999384,936149.0,937544.7,6,0.007477934544974474,-0.21493900760478069
2017-04-12,2060.0299999999384,926665.0,928725.0299999999,6,-0.009407199464729565,-0.22232423295222115
2017-04-13,2787.919999999938,931618.0,934405.9199999999,6,0.0061168697046960485,-0.21756729161269017
2017-04-14,-143.08000000006177,924238.0,924094.9199999999,6,-0.011034818786250788,-0.22620129476217965
2017-04-17,574402.9999999999,548451.0,1122854.0,3,0.21508513432797582,-0.05976869630328918
2017-04-18,1120920.5999999999,0.0,1120920.5999999999,0,-0.0017218623258233867,-0.06138764516268447
2017-04-19,1120920.5999999999,0.0,1120920.5999999999,0,0.0,-0.06138764516268447
2017-04-20,1120920.5999999999,0.0,1120920.5999999999,0,0.0,-0.06138764516268447
2017-04-21,1120920.5999999999,0.0,1120920.5999999999,0,0.0,-0.06138764516268447
2017-04-24,1120920.5999999999,0.0,1120920.5999999999,0,0.0,-0.06138764516268447
2017-04-25,1120920.5999999999,0.0,1120920.5999999999,0,0.0,-0.06138764516268447
2017-04-26,1120920.5999999999,0.0,1120920.5999999999,0,0.0,-0.06138764516268447
2017-04-27,1120920.5999999999,0.0,1120920.5999999999,0,0.0,-0.06138764516268447
2017-04-28,1120920.5999999999,0.0,1120920.5999999999,0,0.0,-0.06138764516268447
2017-05-02,1120920.5999999999,0.0,1120920.5999999999,0,0.0,-0.06138764516268447
2017-05-03,1120920.5999999999,0.0,1120920.5999999999,0,0.0,-0.06138764516268447
2017-05-04,1120920.5999999999,0.0,1120920.5999999999,0,0.0,-0.06138764516268447
2017-05-05,1120920.5999999999,0.0,1120920.5999999999,0,0.0,-0.06138764516268447
2017-05-08,12154.079999999842,713913.0,726067.0799999998,6,-0.3522582420199969,-0.3920215832159267
2017-05-09,1081.5799999998417,733017.0,734098.5799999998,6,0.011061650116405142,-0.38529633869113533
2017-05-10,3838.5299999998415,708770.0,712608.5299999998,6,-0.029274065616637035,-0.403291214007078
2017-05-11,1019.8599999998414,702318.0,703337.8599999999,6,-0.013009485025389678,-0.4110540880229714
2017-05-12,2791.099999999841,694736.0,697527.0999999999,6,-0.008261690903430097,-0.41591977710656436
2017-05-15,195.56999999984146,714072.0,714267.5699999998,7,0.023999741372055627,-0.4019020028165893
2017-05-16,1057.809999999823,923832.0,924889.8099999998,6,0.2948786265068706,-0.22553568689063497
2017-05-17,8145.939999999822,917986.0,926131.9399999998,6,0.0013430032275953963,-0.2244955788184717
2017-05-18,488.94999999982247,926412.0,926900.9499999998,6,0.0008303460519891726,-0.2238516417840436
2017-05-19,959.9199999998227,930559.0,931518.9199999998,6,0.004982161254662554,-0.21998474550587
2017-05-22,-395.4700000001758,918821.0,918425.5299999998,6,-0.014055957124306184,-0.23094860647934423
2017-05-23,7849.369999999821,728475.0,736324.3699999999,6,-0.1982753680638646,-0.3834325545896803
2017-05-24,1782.799999999821,756733.0,758515.7999999998,6,0.030138116982329377,-0.3648503727924082
2017-05-25,5774.59999999982,757647.0,763421.5999999999,6,0.006467630601762142,-0.36074245962678253
2017-05-26,1761.9499999998206,760157.0,761918.9499999998,6,-0.001968309516000133,-0.36200071632667397
2017-05-31,139802.21999999983,757000.0,896802.2199999999,5,0.1770309952259359,-0.24905506818455092
2017-06-01,836574.2299999999,214609.0,1051183.23,1,0.17214610597195024,-0.11978282237314974
2017-06-02,836574.2299999999,214609.0,1051183.23,1,0.0,-0.11978282237314974
2017-06-05,-179.7300000001269,833386.0,833206.2699999999,7,-0.20736342987511325,-0.30230767536084524
2017-06-06,-179.7300000001269,859006.0,858826.2699999999,7,0.030748688437018057,-0.280854551445617
2017-06-07,-295.63000000012653,890846.0,890550.3699999999,7,0.03693890267236477,-0.2542901077141926
2017-06-08,34.409999999874344,918045.0,918079.4099999999,7,0.030912389604644153,-0.23123843299181646
2017-06-09,-11.470000000128493,929254.0,929242.5299999999,7,0.012159209626539713,-0.22189089994573663
2017-06-12,-324.70000000012897,922718.0,922393.2999999998,7,-0.0073707668115450264,-0.2276261606761778
2017-06-13,953901.1899999998,214609.0,1168510.19,1,0.26682423864093563,-0.021538099052422544
2017-06-14,953901.1899999998,214609.0,1168510.19,1,0.0,-0.021538099052422544
2017-06-15,953901.1899999998,214609.0,1168510.19,1,0.0,-0.021538099052422544
2017-06-16,953901.1899999998,214609.0,1168510.19,1,0.0,-0.021538099052422544
2017-06-19,125.13999999975204,959896.0,960021.1399999998,6,-0.178422962661541,-0.1961181702709326
2017-06-20,-230.23000000024808,955040.0,954809.7699999998,7,-0.005428390878975842,-0.2004819550632082
2017-06-21,-76.93000000024767,964302.0,964225.0699999997,7,0.009860917112316514,-0.19259797389228528
2017-06-22,14.63999999975249,953088.0,953102.6399999998,7,-0.011535097298393193,-0.20191143482235752
2017-06-23,14.63999999975249,949798.0,949812.6399999998,7,-0.0034518842587614174,-0.20466634417759177
2017-06-26,-352.22000000024855,979749.0,979396.7799999998,7,0.031147342911755693,-0.1798938140704308
2017-06-27,-338.5000000002483,977803.0,977464.4999999998,7,-0.001972928683714903,-0.1815118250883433
2017-06-28,-338.5000000002483,971043.0,970704.4999999998,7,-0.006915852186959226,-0.18717236832280637
2017-06-29,-338.5000000002483,975618.0,975279.4999999998,7,0.004713071794763435,-0.18334145333794416
2017-06-30,-338.5000000002483,982257.0,981918.4999999998,7,0.006807279349150708,-0.17778223047794417
2017-07-03,-143.56000000024824,990445.0,990301.4399999997,7,0.00853730732234892,-0.17076270469363808
2017-07-04,978484.6099999996,214609.0,1193093.6099999996,1,0.20477822389110134,-0.0009529641765406716
2017-07-05,978484.6099999996,214609.0,1193093.6099999996,1,0.0,-0.0009529641765406716
2017-07-06,978484.6099999996,214609.0,1193093.6099999996,1,0.0,-0.0009529641765406716
2017-07-07,978484.6099999996,214609.0,1193093.6099999996,1,0.0,-0.0009529641765406716
2017-07-10,978484.6099999996,214609.0,1193093.6099999996,1,0.0,-0.0009529641765406716
2017-07-11,978484.6099999996,214609.0,1193093.6099999996,1,0.0,-0.0009529641765406716
2017-07-12,978484.6099999996,214609.0,1193093.6099999996,1,0.0,-0.0009529641765406716
2017-07-13,978484.6099999996,214609.0,1193093.6099999996,1,0.0,-0.0009529641765406716
2017-07-14,978484.6099999996,214609.0,1193093.6099999996,1,0.0,-0.0009529641765406716
2017-07-17,978484.6099999996,214609.0,1193093.6099999996,1,0.0,-0.0009529641765406716
2017-07-18,978484.6099999996,214609.0,1193093.6099999996,1,0.0,-0.0009529641765406716
2017-07-19,978484.6099999996,214609.0,1193093.6099999996,1,0.0,-0.0009529641765406716
2017-07-20,978484.6099999996,214609.0,1193093.6099999996,1,0.0,-0.0009529641765406716
2017-07-21,978484.6099999996,214609.0,1193093.6099999996,1,0.0,-0.0009529641765406716
2017-07-24,341.479999999603,548011.0,548352.4799999996,7,-0.5403944205182695,-0.5408324081708538
2017-07-25,-268.520000000397,546869.0,546600.4799999996,7,-0.003195025214438707,-0.542299460204401
2017-07-26,-268.520000000397,557121.0,556852.4799999996,7,0.018755929376425007,-0.5337148612044431
2017-07-27,7.15999999960286,551547.0,551554.1599999996,7,-0.009514764125680197,-0.5381514543153929
2017-07-28,-319.4600000003966,550711.0,550391.5399999996,7,-0.002107898161805122,-0.5391249840158738
2017-07-31,112.42999999960375,548138.0,548250.4299999996,8,-0.0038901579046799473,-0.5409178606023741
2017-08-01,-163.93000000037136,545293.0,545129.0699999996,7,-0.0056933106281376045,-0.5435315578257947
2017-08-02,-259.45000000037135,539607.0,539347.5499999996,7,-0.010605781856396046,-0.5483727625478232
2017-08-03,-259.45000000037135,544119.0,543859.5499999996,7,0.008365663290766712,-0.5445946011463592
2017-08-04,-31.29000000037138,545765.0,545733.7099999996,7,0.0034460367571003125,-0.5430252574025276
2017-08-07,260.77999999962856,554073.0,554333.7799999997,7,0.01575872965589764,-0.5358239159743605
2017-08-08,998447.9599999995,214609.0,1213056.9599999995,1,1.1883150617304978,0.0
2017-08-09,998447.9599999995,214609.0,1213056.9599999995,1,0.0,0.0
2017-08-10,998447.9599999995,214609.0,1213056.9599999995,1,0.0,0.0
2017-08-11,998447.9599999995,214609.0,1213056.9599999995,1,0.0,0.0
2017-08-14,998447.9599999995,214609.0,1213056.9599999995,1,0.0,0.0
2017-08-15,998447.9599999995,214609.0,1213056.9599999995,1,0.0,0.0
2017-08-16,998447.9599999995,214609.0,1213056.9599999995,1,0.0,0.0
2017-08-17,998447.9599999995,214609.0,1213056.9599999995,1,0.0,0.0
2017-08-18,998447.9599999995,214609.0,1213056.9599999995,1,0.0,0.0
2017-08-21,998447.9599999995,214609.0,1213056.9599999995,1,0.0,0.0
2017-08-22,998447.9599999995,214609.0,1213056.9599999995,1,0.0,0.0
2017-08-23,998447.9599999995,214609.0,1213056.9599999995,1,0.0,0.0
2017-08-24,998447.9599999995,214609.0,1213056.9599999995,1,0.0,0.0
2017-08-25,1234305.9499999995,0.0,1234305.9499999995,0,0.017516893848084525,0.0
2017-08-28,1234305.9499999995,0.0,1234305.9499999995,0,0.0,0.0
2017-08-29,1234305.9499999995,0.0,1234305.9499999995,0,0.0,0.0
2017-08-30,1234305.9499999995,0.0,1234305.9499999995,0,0.0,0.0
2017-08-31,1234305.9499999995,0.0,1234305.9499999995,0,0.0,0.0
2017-09-01,1234305.9499999995,0.0,1234305.9499999995,0,0.0,0.0
2017-09-04,189833.68999999942,642381.0,832214.6899999995,5,-0.325763041164956,-0.325763041164956
2017-09-05,184726.94999999943,648220.0,832946.9499999995,5,0.0008798931439193414,-0.3251697846875
2017-09-06,184242.94999999943,652086.0,836328.9499999995,5,0.004060282590625963,-0.3224297833126383
2017-09-07,183919.97999999943,651189.0,835108.9799999994,5,-0.0014587202798612697,-0.3234181687287502
2017-09-08,183413.49999999942,673915.0,857328.4999999994,5,0.02660673101611244,-0.30541653793372725
2017-09-11,-161.35000000056607,838901.0,838739.6499999994,8,-0.021682295642801996,-0.32047670190684907
2017-09-12,2970.3799999994226,410736.0,413706.3799999994,6,-0.5067523277336421,-0.6648267149647948
2017-09-13,2954.2199999994227,416340.0,419294.21999999945,6,0.013506777439593831,-0.6602996040001268
2017-09-14,937.1099999994226,420226.0,421163.1099999994,6,0.004457228148768477,-0.6587854818329284
2017-09-15,3111.089999999422,417858.00000000006,420969.0899999995,6,-0.00046067662478777027,-0.6589426713854862
2017-09-18,180499.9299999994,235176.00000000003,415675.92999999947,5,-0.012573749773409859,-0.6632310408938726
2017-09-19,1274938.3099999994,0.0,1274938.3099999994,0,2.067144903001723,0.0
2017-09-20,1274938.3099999994,0.0,1274938.3099999994,0,0.0,0.0
2017-09-21,1274938.3099999994,0.0,1274938.3099999994,0,0.0,0.0
2017-09-22,1274938.3099999994,0.0,1274938.3099999994,0,0.0,0.0
2017-09-25,1274938.3099999994,0.0,1274938.3099999994,0,0.0,0.0
2017-09-26,1274938.3099999994,0.0,1274938.3099999994,0,0.0,0.0
2017-09-27,1274938.3099999994,0.0,1274938.3099999994,0,0.0,0.0
2017-09-28,1274938.3099999994,0.0,1274938.3099999994,0,0.0,0.0
2017-09-29,1274938.3099999994,0.0,1274938.3099999994,0,0.0,0.0
2017-10-09,1274938.3099999994,0.0,1274938.3099999994,0,0.0,0.0
2017-10-10,1274938.3099999994,0.0,1274938.3099999994,0,0.0,0.0
2017-10-11,1274938.3099999994,0.0,1274938.3099999994,0,0.0,0.0
2017-10-12,1274938.3099999994,0.0,1274938.3099999994,0,0.0,0.0
2017-10-13,1274938.3099999994,0.0,1274938.3099999994,0,0.0,0.0
2017-10-16,1274938.3099999994,0.0,1274938.3099999994,0,0.0,0.0
2017-10-17,1274938.3099999994,0.0,1274938.3099999994,0,0.0,0.0
2017-10-18,1274938.3099999994,0.0,1274938.3099999994,0,0.0,0.0
2017-10-19,1274938.3099999994,0.0,1274938.3099999994,0,0.0,0.0
2017-10-20,1274938.3099999994,0.0,1274938.3099999994,0,0.0,0.0
2017-10-23,1274938.3099999994,0.0,1274938.3099999994,0,0.0,0.0
2017-10-24,1274938.3099999994,0.0,1274938.3099999994,0,0.0,0.0
2017-10-25,1274938.3099999994,0.0,1274938.3099999994,0,0.0,0.0
2017-10-26,1274938.3099999994,0.0,1274938.3099999994,0,0.0,0.0
2017-10-27,1274938.3099999994,0.0,1274938.3099999994,0,0.0,0.0
2017-10-30,1274938.3099999994,0.0,1274938.3099999994,0,0.0,0.0
2017-10-31,1274938.3099999994,0.0,1274938.3099999994,0,0.0,0.0
2017-11-01,1274938.3099999994,0.0,1274938.3099999994,0,0.0,0.0
2017-11-02,1274938.3099999994,0.0,1274938.3099999994,0,0.0,0.0
2017-11-03,1274938.3099999994,0.0,1274938.3099999994,0,0.0,0.0
2017-11-06,1274938.3099999994,0.0,1274938.3099999994,0,0.0,0.0
2017-11-07,1274938.3099999994,0.0,1274938.3099999994,0,0.0,0.0
2017-11-08,1274938.3099999994,0.0,1274938.3099999994,0,0.0,0.0
2017-11-09,1274938.3099999994,0.0,1274938.3099999994,0,0.0,0.0
2017-11-10,1274938.3099999994,0.0,1274938.3099999994,0,0.0,0.0
2017-11-13,1274938.3099999994,0.0,1274938.3099999994,0,0.0,0.0
2017-11-14,1274938.3099999994,0.0,1274938.3099999994,0,0.0,0.0
2017-11-15,1274938.3099999994,0.0,1274938.3099999994,0,0.0,0.0
2017-11-16,1274938.3099999994,0.0,1274938.3099999994,0,0.0,0.0
2017-11-17,1274938.3099999994,0.0,1274938.3099999994,0,0.0,0.0
2017-11-20,6397.859999999491,856069.0,862466.8599999995,6,-0.3235226730303524,-0.3235226730303524
2017-11-21,1970.649999999491,852029.0,853999.6499999994,6,-0.009817432289514372,-0.3301639433832686
2017-11-22,-158.38000000050897,866909.0,866750.6199999995,6,0.014930884339355632,-0.3201626986955942
2017-11-23,406.10999999949127,849120.0,849526.1099999995,6,-0.019872509580668107,-0.33367277197906153
2017-11-24,5412.519999999491,845954.0,851366.5199999994,6,0.002166396039316565,-0.33222924331138826
2017-11-27,-219.390000000516,902850.0,902630.6099999995,8,0.06021389001766253,-0.2920201684111289
2017-11-28,3677.739999999467,866872.0,870549.7399999995,6,-0.03554152678247857,-0.3171828525569994
2017-11-29,1740.039999999467,855923.0,857663.0399999995,6,-0.014802945090765407,-0.32729055729763123
2017-11-30,7737.579999999467,846983.0,854720.5799999995,6,-0.003430787923424994,-0.3295984807296285
2017-12-01,-164.69000000053302,861571.0,861406.3099999995,6,0.007822123576338713,-0.3243545172001303
2017-12-04,-240.00000000053114,856129.0,855888.9999999994,7,-0.006405003000268361,-0.3286820285445812
2017-12-05,11192.679999999411,1094676.0,1105868.6799999995,6,0.29207021003891875,-0.1326100476186961
2017-12-06,-200.32000000058906,1113186.0,1112985.6799999995,6,0.006435664675845665,-0.1270278167419724
2017-12-07,1538.929999999411,1125261.0,1126799.9299999995,6,0.012411884760278324,-0.1161925866044452
2017-12-08,5114.949999999411,1140945.0,1146059.9499999995,6,0.017092670568412238,-0.10108595764135442
2017-12-11,684.7299999994111,1142617.0,1143301.7299999995,6,-0.0024066978346115597,-0.10324937212060081
2017-12-12,1327133.0899999994,0.0,1327133.0899999994,0,0.160789890521726,0.0
2017-12-13,1327133.0899999994,0.0,1327133.0899999994,0,0.0,0.0
2017-12-14,1327133.0899999994,0.0,1327133.0899999994,0,0.0,0.0
2017-12-15,1327133.0899999994,0.0,1327133.0899999994,0,0.0,0.0
2017-12-18,1327133.0899999994,0.0,1327133.0899999994,0,0.0,0.0
2017-12-19,1327133.0899999994,0.0,1327133.0899999994,0,0.0,0.0
2017-12-20,1327133.0899999994,0.0,1327133.0899999994,0,0.0,0.0
2017-12-21,1327133.0899999994,0.0,1327133.0899999994,0,0.0,0.0
2017-12-22,1327133.0899999994,0.0,1327133.0899999994,0,0.0,0.0
2017-12-25,1327133.0899999994,0.0,1327133.0899999994,0,0.0,0.0
2017-12-26,1327133.0899999994,0.0,1327133.0899999994,0,0.0,0.0
2017-12-27,1327133.0899999994,0.0,1327133.0899999994,0,0.0,0.0
2017-12-28,1327133.0899999994,0.0,1327133.0899999994,0,0.0,0.0
2017-12-29,1327133.0899999994,0.0,1327133.0899999994,0,0.0,0.0
2018-01-02,6343.9799999994575,951219.0,957562.9799999995,6,-0.2784725305884732,-0.2784725305884732
2018-01-03,1445.2599999994572,954870.0,956315.2599999994,6,-0.0013030161211955438,-0.27941269251300194
2018-01-04,1311.6099999994572,951168.0,952479.6099999994,6,-0.004010863530505615,-0.28230286986514674
2018-01-05,1157.7999999994572,954009.0,955166.7999999995,6,0.0028212572445514006,-0.28027806163736
2018-01-08,895739.2499999995,448984.0,1344723.2499999995,2,0.4078412796592179,0.0
2018-01-09,1342467.7499999995,0.0,1342467.7499999995,0,-0.001677296796943173,-0.001677296796943173
2018-01-10,1342467.7499999995,0.0,1342467.7499999995,0,0.0,-0.001677296796943173
2018-01-11,1342467.7499999995,0.0,1342467.7499999995,0,0.0,-0.001677296796943173
2018-01-12,1342467.7499999995,0.0,1342467.7499999995,0,0.0,-0.001677296796943173
2018-01-15,1342467.7499999995,0.0,1342467.7499999995,0,0.0,-0.001677296796943173
2018-01-16,1342467.7499999995,0.0,1342467.7499999995,0,0.0,-0.001677296796943173
2018-01-17,1342467.7499999995,0.0,1342467.7499999995,0,0.0,-0.001677296796943173
2018-01-18,1342467.7499999995,0.0,1342467.7499999995,0,0.0,-0.001677296796943173
2018-01-19,1342467.7499999995,0.0,1342467.7499999995,0,0.0,-0.001677296796943173
2018-01-22,1342467.7499999995,0.0,1342467.7499999995,0,0.0,-0.001677296796943173
2018-01-23,1342467.7499999995,0.0,1342467.7499999995,0,0.0,-0.001677296796943173
2018-01-24,1342467.7499999995,0.0,1342467.7499999995,0,0.0,-0.001677296796943173
2018-01-25,1342467.7499999995,0.0,1342467.7499999995,0,0.0,-0.001677296796943173
2018-01-26,1342467.7499999995,0.0,1342467.7499999995,0,0.0,-0.001677296796943173
2018-01-29,1625.6099999995204,1172058.0,1173683.6099999994,6,-0.1257267744420677,-0.12719319012294927
2018-01-30,16035.579999999522,1172792.0,1188827.5799999996,6,0.012902940682625985,-0.1159314156277137
2018-01-31,6852.76999999952,1140779.0,1147631.7699999996,6,-0.034652468274667725,-0.14656657420030483
2018-02-01,1113.0399999995207,1102066.0,1103179.0399999996,6,-0.03873431457896992,-0.17962373298743817
2018-02-02,-167.96000000047843,1091216.0,1091048.0399999996,6,-0.010996401817061408,-0.18864492006068911
2018-02-05,-61.38000000047941,1076000.0,1075938.6199999994,6,-0.013848537778409997,-0.19988100153693356
2018-02-06,1213950.3499999996,0.0,1213950.3499999996,0,0.12827100676059033,-0.09724893207580065
2018-02-07,1213950.3499999996,0.0,1213950.3499999996,0,0.0,-0.09724893207580065
2018-02-08,1213950.3499999996,0.0,1213950.3499999996,0,0.0,-0.09724893207580065
2018-02-09,1213950.3499999996,0.0,1213950.3499999996,0,0.0,-0.09724893207580065
2018-02-12,-193.7800000004063,776682.0,776488.2199999996,6,-0.36036245633933883,-0.42256652437592646
2018-02-13,3745.269999999594,770252.0,773997.2699999996,6,-0.003207968821471674,-0.4244189129622026
2018-02-14,3801.269999999594,768202.0,772003.2699999996,6,-0.0025762364769064128,-0.42590174595404684
2018-02-22,160.3099999995934,782976.0,783136.3099999996,7,0.014420975185765794,-0.41762268927825863
2018-02-23,6723.679999999644,1129632.0,1136355.6799999997,6,0.45103178781226516,-0.15495200964213263
2018-02-26,845681.5199999997,430628.0,1276309.5199999996,2,0.12316024151874694,-0.050875695054726
2018-02-27,1275052.6099999999,0.0,1275052.6099999999,0,-0.0009848003014187867,-0.05181039295631995
2018-02-28,1275052.6099999999,0.0,1275052.6099999999,0,0.0,-0.05181039295631995
2018-03-01,1275052.6099999999,0.0,1275052.6099999999,0,0.0,-0.05181039295631995
2018-03-02,1275052.6099999999,0.0,1275052.6099999999,0,0.0,-0.05181039295631995
2018-03-05,1275052.6099999999,0.0,1275052.6099999999,0,0.0,-0.05181039295631995
2018-03-06,1275052.6099999999,0.0,1275052.6099999999,0,0.0,-0.05181039295631995
2018-03-07,1275052.6099999999,0.0,1275052.6099999999,0,0.0,-0.05181039295631995
2018-03-08,1275052.6099999999,0.0,1275052.6099999999,0,0.0,-0.05181039295631995
2018-03-09,1275052.6099999999,0.0,1275052.6099999999,0,0.0,-0.05181039295631995
2018-03-12,5133.749999999913,843250.0,848383.7499999999,6,-0.33462843544942045,-0.36910159767074735
2018-03-13,20.289999999912652,844064.0,844084.2899999999,6,-0.005067824554631062,-0.372298880085549
2018-03-14,2010.2799999999127,821563.0,823573.2799999999,6,-0.024299717745013383,-0.38755184012769894
2018-03-15,1041.5699999999126,823629.0,824670.57,6,0.00133235259890907,-0.38673584323019605
2018-03-16,2798.9099999999125,821462.0,824260.9099999999,6,-0.0004967559349183803,-0.38704048583974415
2018-03-19,45.43999999991138,809298.0,809343.44,8,-0.018097995208822826,-0.3981338241902189
2018-03-20,7597.759999999951,834429.0,842026.76,6,0.04038251054459652,-0.3738289569991444
2018-03-21,215.59999999995125,848742.0,848957.6,6,0.00823113982743262,-0.36867485558831514
2018-03-22,1992.339999999951,842253.0,844245.34,6,-0.005550642340677592,-0.372179115665621
2018-03-23,993.9499999999498,795905.0,796898.95,6,-0.05608131636237401,-0.4073881372988827
2018-03-26,369147.0799999999,672419.0,1041566.0799999998,4,0.30702403359924113,-0.22544205285362606
2018-03-27,1218975.8699999999,0.0,1218975.8699999999,0,0.1703298459949849,-0.09351171700199257
2018-03-28,1218975.8699999999,0.0,1218975.8699999999,0,0.0,-0.09351171700199257
2018-03-29,1218975.8699999999,0.0,1218975.8699999999,0,0.0,-0.09351171700199257
2018-03-30,1218975.8699999999,0.0,1218975.8699999999,0,0.0,-0.09351171700199257
2018-04-02,1218975.8699999999,0.0,1218975.8699999999,0,0.0,-0.09351171700199257
2018-04-03,1218975.8699999999,0.0,1218975.8699999999,0,0.0,-0.09351171700199257
2018-04-04,1218975.8699999999,0.0,1218975.8699999999,0,0.0,-0.09351171700199257
2018-04-09,7782.629999999888,774119.0,781901.6299999999,6,-0.35855856605266523,-0.4185408558973007
2018-04-10,2323.1799999998875,784446.0,786769.1799999999,6,0.006225271585634129,-0.41492111480931093
2018-04-11,1881.989999999888,785761.0,787642.9899999999,6,0.0011106306934900445,-0.4142713082413053
2018-04-12,155.10999999988792,782095.0,782250.1099999999,6,-0.00684685837170973,-0.4182817096380239
2018-04-13,921.5199999998877,768989.0,769910.5199999999,6,-0.015774481642450655,-0.4274580141304166
2018-04-16,784293.2399999998,210399.0,994692.2399999998,2,0.29195823951074185,-0.2602996638899491
2018-04-17,1179577.6999999997,0.0,1179577.6999999997,0,0.18587202409460835,-0.12281006519371174
2018-04-18,1179577.6999999997,0.0,1179577.6999999997,0,0.0,-0.12281006519371174
2018-04-19,1179577.6999999997,0.0,1179577.6999999997,0,0.0,-0.12281006519371174
2018-04-20,1179577.6999999997,0.0,1179577.6999999997,0,0.0,-0.12281006519371174
2018-04-23,1179577.6999999997,0.0,1179577.6999999997,0,0.0,-0.12281006519371174
2018-04-24,1179577.6999999997,0.0,1179577.6999999997,0,0.0,-0.12281006519371174
2018-04-25,1179577.6999999997,0.0,1179577.6999999997,0,0.0,-0.12281006519371174
2018-04-26,1179577.6999999997,0.0,1179577.6999999997,0,0.0,-0.12281006519371174
2018-04-27,1179577.6999999997,0.0,1179577.6999999997,0,0.0,-0.12281006519371174
2018-05-02,1179577.6999999997,0.0,1179577.6999999997,0,0.0,-0.12281006519371174
2018-05-03,1179577.6999999997,0.0,1179577.6999999997,0,0.0,-0.12281006519371174
2018-05-04,1179577.6999999997,0.0,1179577.6999999997,0,0.0,-0.12281006519371174
2018-05-07,6966.0299999999115,440481.0,447447.0299999999,6,-0.6206718472212556,-0.6672571623938234
2018-05-08,2433.139999999912,446722.0,449155.1399999999,6,0.003817457454125872,-0.6659869307680967
2018-05-09,14863.869999999912,445608.0,460471.86999999994,6,0.025195592774470033,-0.6575712734943788
2018-05-10,11303.659999999913,460832.0,472135.6599999999,6,0.025330081509647773,-0.6488975259407466
2018-05-11,1067.3399999999128,462876.0,463943.3399999999,6,-0.017351623048341702,-0.6549897237219628
2018-05-14,-414.34000000008723,465801.0,465386.6599999999,6,0.0031109833368876405,-0.6539164025014068
2018-05-15,1215846.45,0.0,1215846.45,0,1.612551141882752,-0.0958389021681596
2018-05-16,1215846.45,0.0,1215846.45,0,0.0,-0.0958389021681596
2018-05-17,1215846.45,0.0,1215846.45,0,0.0,-0.0958389021681596
2018-05-18,1215846.45,0.0,1215846.45,0,0.0,-0.0958389021681596
2018-05-21,-258.27000000004773,1048408.0,1048149.73,6,-0.1379259033901855,-0.2205461383968781
2018-05-22,1893.5199999999522,1049390.0,1051283.52,6,0.0029898304701181377,-0.21821570349140584
2018-05-23,505.98999999995203,1034078.0,1034583.99,6,-0.015884896588124975,-0.23063426619566496
2018-05-24,3307.7299999999523,1035052.0,1038359.73,6,0.003649524868444942,-0.22782644681721664
2018-05-25,6627.329999999953,1018714.0,1025341.33,6,-0.012537466182360513,-0.2375075466271589
2018-05-28,658533.88,540719.0,1199252.88,3,0.16961332281416963,-0.10817866798986309
2018-05-29,1197929.75,0.0,1197929.75,0,-0.0011032952449527844,-0.10916261022481732
2018-05-30,1197929.75,0.0,1197929.75,0,0.0,-0.10916261022481732
2018-05-31,1197929.75,0.0,1197929.75,0,0.0,-0.10916261022481732
2018-06-01,1197929.75,0.0,1197929.75,0,0.0,-0.10916261022481732
2018-06-04,1197929.75,0.0,1197929.75,0,0.0,-0.10916261022481732
2018-06-05,1197929.75,0.0,1197929.75,0,0.0,-0.10916261022481732
2018-06-06,1197929.75,0.0,1197929.75,0,0.0,-0.10916261022481732
2018-06-07,1197929.75,0.0,1197929.75,0,0.0,-0.10916261022481732
2018-06-08,1197929.75,0.0,1197929.75,0,0.0,-0.10916261022481732
2018-06-11,1197929.75,0.0,1197929.75,0,0.0,-0.10916261022481732
2018-06-12,1197929.75,0.0,1197929.75,0,0.0,-0.10916261022481732
2018-06-13,1197929.75,0.0,1197929.75,0,0.0,-0.10916261022481732
2018-06-14,1197929.75,0.0,1197929.75,0,0.0,-0.10916261022481732
2018-06-15,1197929.75,0.0,1197929.75,0,0.0,-0.10916261022481732
2018-06-19,1197929.75,0.0,1197929.75,0,0.0,-0.10916261022481732
2018-06-20,1197929.75,0.0,1197929.75,0,0.0,-0.10916261022481732
2018-06-21,1197929.75,0.0,1197929.75,0,0.0,-0.10916261022481732
2018-06-22,1197929.75,0.0,1197929.75,0,0.0,-0.10916261022481732
2018-06-25,-472.6600000000617,771460.0,770987.34,6,-0.3564002062725298,-0.42665723969597447
2018-06-26,508.8999999999387,770159.0,770667.8999999999,6,-0.00041432586947542926,-0.42689479043364487
2018-06-27,2062.469999999939,768169.0,770231.47,6,-0.0005663009968365218,-0.42721934048511456
2018-06-28,2037.0999999999385,762286.0,764323.1,6,-0.00767090183941721,-0.4316130846997698
2018-06-29,-426.3800000000615,783692.0,783265.62,6,0.02478339330578927,-0.41752652822801994
2018-07-02,-887.0800000000609,776159.0,775271.9199999999,6,-0.010205605602860546,-0.42347102275505377
2018-07-03,1451.329999999958,958174.0,959625.33,6,0.23779193498972595,-0.2863770816783302
2018-07-04,-353.6700000000419,953705.0,953351.33,6,-0.0065379683131123745,-0.2910427257058281
2018-07-05,2777.789999999958,924704.0,927481.7899999999,6,-0.02713536886763457,-0.31028054285519324
2018-07-06,3903.2199999999584,929592.0,933495.22,6,0.006483609775238985,-0.30580867104067677
2018-07-09,24334.70999999996,921777.0,946111.71,7,0.013515323624260223,-0.29642645057263617
2018-07-10,255816.37999999998,927948.0,1183764.38,5,0.2511888051781961,-0.11969665133699425
2018-07-11,255885.18999999997,891696.0,1147581.19,5,-0.030566209468137484,-0.14660418788773055
2018-07-12,249443.18999999997,922972.0,1172415.19,5,0.021640298931703494,-0.12813644740655716
2018-07-13,251239.96999999997,929695.0,1180934.97,5,0.0072668625182177315,-0.12180073483521581
2018-07-16,254777.83,921791.0,1176568.83,5,-0.003697189185616123,-0.12504760366119905
2018-07-17,1177394.85,0.0,1177394.85,0,0.0007020583742645137,-0.12443333600426665
2018-07-18,1177394.85,0.0,1177394.85,0,0.0,-0.12443333600426665
2018-07-19,1177394.85,0.0,1177394.85,0,0.0,-0.12443333600426665
2018-07-20,1177394.85,0.0,1177394.85,0,0.0,-0.12443333600426665
2018-07-23,1177394.85,0.0,1177394.85,0,0.0,-0.12443333600426665
2018-07-24,1177394.85,0.0,1177394.85,0,0.0,-0.12443333600426665
2018-07-25,1177394.85,0.0,1177394.85,0,0.0,-0.12443333600426665
2018-07-26,1177394.85,0.0,1177394.85,0,0.0,-0.12443333600426665
2018-07-27,1177394.85,0.0,1177394.85,0,0.0,-0.12443333600426665
2018-07-30,1177394.85,0.0,1177394.85,0,0.0,-0.12443333600426665
2018-07-31,1177394.85,0.0,1177394.85,0,0.0,-0.12443333600426665
2018-08-01,1177394.85,0.0,1177394.85,0,0.0,-0.12443333600426665
2018-08-02,1177394.85,0.0,1177394.85,0,0.0,-0.12443333600426665
2018-08-03,1177394.85,0.0,1177394.85,0,0.0,-0.12443333600426665
2018-08-06,1177394.85,0.0,1177394.85,0,0.0,-0.12443333600426665
2018-08-07,1177394.85,0.0,1177394.85,0,0.0,-0.12443333600426665
2018-08-08,1177394.85,0.0,1177394.85,0,0.0,-0.12443333600426665
2018-08-09,1177394.85,0.0,1177394.85,0,0.0,-0.12443333600426665
2018-08-10,1177394.85,0.0,1177394.85,0,0.0,-0.12443333600426665
2018-08-13,1177394.85,0.0,1177394.85,0,0.0,-0.12443333600426665
2018-08-14,1177394.85,0.0,1177394.85,0,0.0,-0.12443333600426665
2018-08-15,1177394.85,0.0,1177394.85,0,0.0,-0.12443333600426665
2018-08-16,1177394.85,0.0,1177394.85,0,0.0,-0.12443333600426665
2018-08-17,1177394.85,0.0,1177394.85,0,0.0,-0.12443333600426665
2018-08-20,1177394.85,0.0,1177394.85,0,0.0,-0.12443333600426665
2018-08-21,1177394.85,0.0,1177394.85,0,0.0,-0.12443333600426665
2018-08-22,1177394.85,0.0,1177394.85,0,0.0,-0.12443333600426665
2018-08-23,1177394.85,0.0,1177394.85,0,0.0,-0.12443333600426665
2018-08-24,1177394.85,0.0,1177394.85,0,0.0,-0.12443333600426665
2018-08-27,1177394.85,0.0,1177394.85,0,0.0,-0.12443333600426665
2018-08-28,1177394.85,0.0,1177394.85,0,0.0,-0.12443333600426665
2018-08-29,1177394.85,0.0,1177394.85,0,0.0,-0.12443333600426665
2018-08-30,1177394.85,0.0,1177394.85,0,0.0,-0.12443333600426665
2018-08-31,1177394.85,0.0,1177394.85,0,0.0,-0.12443333600426665
2018-09-03,1177394.85,0.0,1177394.85,0,0.0,-0.12443333600426665
2018-09-04,1177394.85,0.0,1177394.85,0,0.0,-0.12443333600426665
2018-09-05,1177394.85,0.0,1177394.85,0,0.0,-0.12443333600426665
2018-09-06,1177394.85,0.0,1177394.85,0,0.0,-0.12443333600426665
2018-09-07,1177394.85,0.0,1177394.85,0,0.0,-0.12443333600426665
2018-09-10,1089.0600000000559,954647.0,955736.06,6,-0.18826206858302463,-0.28926932735044153
2018-09-11,294.17000000005555,961720.0,962014.17,6,0.006568874255932,-0.2846006269319725
2018-09-12,2065.6700000000556,942401.0,944466.67,6,-0.018240375814838616,-0.29764978035443324
2018-09-13,-148.20999999994365,961549.0,961400.79,6,0.017929822764418013,-0.28505676539763825
2018-09-14,3373.8700000000567,954001.0,957374.8700000001,6,-0.004187556367620582,-0.2880506304921846
2018-09-17,-475.9899999999434,926204.0,925728.01,7,-0.03305587078967309,-0.3115847368594242
2018-09-18,-33.13999999992666,764922.0,764888.8600000001,6,-0.17374341951692696,-0.43119235872511286
2018-09-19,292.4500000000735,772506.0,772798.4500000001,6,0.010340835660751946,-0.42531041238410927
2018-09-20,54.48000000007323,767695.0,767749.4800000001,6,-0.006533359377208892,-0.4290650659903439
2018-09-21,-382.9599999999267,772244.0,771861.04,6,0.005355340650963214,-0.42600751492918687
2018-09-25,17845.380000000074,770377.0,788222.3800000001,7,0.02119726110285347,-0.41384044635206507
2018-09-26,4005.3700000000244,975150.0,979155.37,6,0.24223238878347986,-0.27185361746366743
2018-09-27,203.48000000002457,957447.0,957650.48,6,-0.021962694235134528,-0.2878456738217322
2018-09-28,-810.3599999999751,960358.0,959547.64,6,0.0019810568047748944,-0.2864348556478068
2018-10-08,-493.6799999999751,934154.0,933660.3200000001,6,-0.026978670907887303,-0.30568589484862374
2018-10-09,1707.750000000029,794099.0,795806.75,6,-0.14764852596498912,-0.40820034903092495
2018-10-10,6875.6400000000285,815578.0,822453.64,6,0.03348412161620895,-0.38838445754544637
2018-10-11,43.240000000028886,778788.0,778831.24,6,-0.0530393421324028,-0.4208241435551886
2018-10-12,1796.250000000029,775126.0,776922.25,6,-0.002451095824045235,-0.42224375907830825
2018-10-15,1123.620000000028,764388.0,765511.62,6,-0.014686965137116315,-0.43072924484647657
2018-10-16,1067861.05,0.0,1067861.05,0,0.39496386743286793,-0.2058878657746117
2018-10-17,1067861.05,0.0,1067861.05,0,0.0,-0.2058878657746117
2018-10-18,1067861.05,0.0,1067861.05,0,0.0,-0.2058878657746117
2018-10-19,1067861.05,0.0,1067861.05,0,0.0,-0.2058878657746117
2018-10-22,-829.4499999999243,940551.0,939721.55,6,-0.11999641713685505,-0.3011784766865596
2018-10-23,4309.630000000076,939143.0,943452.6300000001,6,0.003970410170970329,-0.29840386860270285
2018-10-24,5230.240000000076,945769.0,950999.2400000001,6,0.00799892836167082,-0.29279185140883046
2018-10-25,621.400000000076,943197.0,943818.4,6,-0.007550836738839162,-0.29813186467921904
2018-10-26,-150.5899999999274,929197.0,929046.41,6,-0.015651305378238,-0.3091170172003791
2018-10-29,-458.31999999992695,914357.0,913898.68,6,-0.016304599896145078,-0.32038158780998216
2018-10-30,-899.5799999999263,922331.0,921431.42,6,0.008242423547432987,-0.3147798850060781
2018-10-31,120.39000000007377,930031.0,930151.3900000001,6,0.00946350407716734,-0.30829530165407604
2018-11-01,4996.4100000000735,940103.0,945099.41,6,0.01607052374560225,-0.2971792448743633
2018-11-02,935.5000000000728,977926.0,978861.5000000001,6,0.0357233214228756,-0.27207215313634203
2018-11-05,64266.78000000007,915640.0,979906.78,7,0.001067852806551084,-0.2712948333421019
2018-11-06,4803.500000000058,736827.0,741630.5,6,-0.24316219140763573,-0.44848837855670287
2018-11-07,-420.6999999999416,737974.0,737553.3,6,-0.005497616400619965,-0.45152037789188204
2018-11-08,1659.6700000000583,735761.0,737420.67,6,-0.0001798242920206805,-0.45161900785161535
2018-11-09,22.160000000058062,735500.0,735522.16,6,-0.0025745277793746135,-0.4530308299495823
2018-11-12,216670.71000000005,542740.0,759410.7100000001,5,0.03247835524085363,-0.43526617093889
2018-11-13,1184055.4700000002,0.0,1184055.4700000002,0,0.5591766805606417,-0.1194801830041976
2018-11-14,1184055.4700000002,0.0,1184055.4700000002,0,0.0,-0.1194801830041976
2018-11-15,1184055.4700000002,0.0,1184055.4700000002,0,0.0,-0.1194801830041976
2018-11-16,1184055.4700000002,0.0,1184055.4700000002,0,0.0,-0.1194801830041976
2018-11-19,1184055.4700000002,0.0,1184055.4700000002,0,0.0,-0.1194801830041976
2018-11-20,1184055.4700000002,0.0,1184055.4700000002,0,0.0,-0.1194801830041976
2018-11-21,1184055.4700000002,0.0,1184055.4700000002,0,0.0,-0.1194801830041976
2018-11-22,1184055.4700000002,0.0,1184055.4700000002,0,0.0,-0.1194801830041976
2018-11-23,1184055.4700000002,0.0,1184055.4700000002,0,0.0,-0.1194801830041976
2018-11-26,1184055.4700000002,0.0,1184055.4700000002,0,0.0,-0.1194801830041976
2018-11-27,1184055.4700000002,0.0,1184055.4700000002,0,0.0,-0.1194801830041976
2018-11-28,1184055.4700000002,0.0,1184055.4700000002,0,0.0,-0.1194801830041976
2018-11-29,1184055.4700000002,0.0,1184055.4700000002,0,0.0,-0.1194801830041976
2018-11-30,1184055.4700000002,0.0,1184055.4700000002,0,0.0,-0.1194801830041976
2018-12-03,1184055.4700000002,0.0,1184055.4700000002,0,0.0,-0.1194801830041976
2018-12-04,1184055.4700000002,0.0,1184055.4700000002,0,0.0,-0.1194801830041976
2018-12-05,1184055.4700000002,0.0,1184055.4700000002,0,0.0,-0.1194801830041976
2018-12-06,1184055.4700000002,0.0,1184055.4700000002,0,0.0,-0.1194801830041976
2018-12-07,1184055.4700000002,0.0,1184055.4700000002,0,0.0,-0.1194801830041976
2018-12-10,1184055.4700000002,0.0,1184055.4700000002,0,0.0,-0.1194801830041976
2018-12-11,1184055.4700000002,0.0,1184055.4700000002,0,0.0,-0.1194801830041976
2018-12-12,1184055.4700000002,0.0,1184055.4700000002,0,0.0,-0.1194801830041976
2018-12-13,1184055.4700000002,0.0,1184055.4700000002,0,0.0,-0.1194801830041976
2018-12-14,1184055.4700000002,0.0,1184055.4700000002,0,0.0,-0.1194801830041976
2018-12-17,10620.550000000221,984366.0,994986.5500000003,6,-0.15967910692562393,-0.26008080101240116
2018-12-18,2159.590000000222,986662.0,988821.5900000002,6,-0.006196023453784449,-0.26466535772323374
2018-12-19,500.36000000022204,976380.0,976880.3600000002,6,-0.012076222971628248,-0.27354542282213046
2018-12-20,-37.06999999977779,972601.0,972563.9300000002,6,-0.004418586120413015,-0.27675532493395905
2018-12-21,-47.87999999977774,962517.0,962469.1200000002,6,-0.010379585021212834,-0.2842623045299465
2018-12-24,-563.9399999997772,958847.0,958283.0600000002,7,-0.0043492927856221275,-0.28737525732525226
2018-12-25,-331.31999999974505,941499.0,941167.6800000003,6,-0.017860463900926993,-0.300103065816702
2018-12-26,1586.9000000002552,933264.0,934850.9000000003,6,-0.006711641436731086,-0.30480052308160765
2018-12-27,3354.650000000255,917662.0,921016.6500000003,6,-0.014798349127117527,-0.3150883276540355
2018-12-28,5987.090000000255,926942.0,932929.0900000002,6,0.012934011562114378,-0.3062296721648856
2019-01-02,2885.060000000254,925268.0,928153.0600000003,8,-0.005119392300222847,-0.30978135463932777
2019-01-03,-678.319999999745,1112003.0,1111324.6800000002,6,0.19735066110755461,-0.17356624866863823
2019-01-04,390.7200000002549,1154708.0,1155098.7200000002,6,0.039389064949048036,-0.14101379596136188
2019-01-07,20820.240000000253,1163892.0,1184712.2400000002,6,0.02563721999449542,-0.11899177767618685
2019-01-08,14740.750000000262,1175180.0,1189920.7500000002,6,0.0043964346987754865,-0.11511848255765589
2019-01-09,428.24000000026194,1198909.0,1199337.2400000002,6,0.007913543822141156,-0.10811593389197316
2019-01-10,2201.910000000262,1185519.0,1187720.9100000001,6,-0.009685624370339818,-0.11675438793818682
2019-01-11,1307.9000000002618,1196382.0,1197689.9000000004,6,0.008393377531763946,-0.10934097406287813
2019-01-14,21036.54000000026,1157600.0,1178636.5400000003,7,-0.015908425043911656,-0.12350995641668228
2019-01-15,3391.6000000002678,989490.0,992881.6000000003,6,-0.15760154525669112,-0.26164614168751776
2019-01-16,-677.9599999997322,981371.0,980693.0400000003,6,-0.012275945087510953,-0.2707101331073136
2019-01-17,940.4100000002679,974003.0,974943.4100000003,6,-0.005862823294840558,-0.2749858307276233
2019-01-18,2510.2600000002676,985500.0,988010.2600000002,6,0.013402675340920434,-0.26526870119929835
2019-01-21,588620.9500000003,395260.0,983880.9500000003,3,-0.004179420161082081,-0.2683394520024841
2019-01-22,1183016.2400000002,0.0,1183016.2400000002,0,0.2023977494431617,-0.12025300373143644
2019-01-23,1183016.2400000002,0.0,1183016.2400000002,0,0.0,-0.12025300373143644
2019-01-24,1183016.2400000002,0.0,1183016.2400000002,0,0.0,-0.12025300373143644
2019-01-25,1183016.2400000002,0.0,1183016.2400000002,0,0.0,-0.12025300373143644
2019-01-28,1183016.2400000002,0.0,1183016.2400000002,0,0.0,-0.12025300373143644
2019-01-29,1183016.2400000002,0.0,1183016.2400000002,0,0.0,-0.12025300373143644
2019-01-30,1183016.2400000002,0.0,1183016.2400000002,0,0.0,-0.12025300373143644
2019-01-31,1183016.2400000002,0.0,1183016.2400000002,0,0.0,-0.12025300373143644
2019-02-01,1183016.2400000002,0.0,1183016.2400000002,0,0.0,-0.12025300373143644
2019-02-11,1183016.2400000002,0.0,1183016.2400000002,0,0.0,-0.12025300373143644
2019-02-12,1183016.2400000002,0.0,1183016.2400000002,0,0.0,-0.12025300373143644
2019-02-13,1183016.2400000002,0.0,1183016.2400000002,0,0.0,-0.12025300373143644
2019-02-14,1183016.2400000002,0.0,1183016.2400000002,0,0.0,-0.12025300373143644
2019-02-15,1183016.2400000002,0.0,1183016.2400000002,0,0.0,-0.12025300373143644
2019-02-18,1183016.2400000002,0.0,1183016.2400000002,0,0.0,-0.12025300373143644
2019-02-19,1183016.2400000002,0.0,1183016.2400000002,0,0.0,-0.12025300373143644
2019-02-20,1183016.2400000002,0.0,1183016.2400000002,0,0.0,-0.12025300373143644
2019-02-21,1183016.2400000002,0.0,1183016.2400000002,0,0.0,-0.12025300373143644
2019-02-22,1183016.2400000002,0.0,1183016.2400000002,0,0.0,-0.12025300373143644
2019-02-25,1183016.2400000002,0.0,1183016.2400000002,0,0.0,-0.12025300373143644
2019-02-26,1183016.2400000002,0.0,1183016.2400000002,0,0.0,-0.12025300373143644
2019-02-27,1183016.2400000002,0.0,1183016.2400000002,0,0.0,-0.12025300373143644
2019-02-28,1183016.2400000002,0.0,1183016.2400000002,0,0.0,-0.12025300373143644
2019-03-01,1183016.2400000002,0.0,1183016.2400000002,0,0.0,-0.12025300373143644
2019-03-04,1183016.2400000002,0.0,1183016.2400000002,0,0.0,-0.12025300373143644
2019-03-05,1183016.2400000002,0.0,1183016.2400000002,0,0.0,-0.12025300373143644
2019-03-06,1183016.2400000002,0.0,1183016.2400000002,0,0.0,-0.12025300373143644
2019-03-07,1183016.2400000002,0.0,1183016.2400000002,0,0.0,-0.12025300373143644
2019-03-08,1183016.2400000002,0.0,1183016.2400000002,0,0.0,-0.12025300373143644
2019-03-11,1183016.2400000002,0.0,1183016.2400000002,0,0.0,-0.12025300373143644
2019-03-12,1183016.2400000002,0.0,1183016.2400000002,0,0.0,-0.12025300373143644
2019-03-13,1183016.2400000002,0.0,1183016.2400000002,0,0.0,-0.12025300373143644
2019-03-14,1183016.2400000002,0.0,1183016.2400000002,0,0.0,-0.12025300373143644
2019-03-15,1183016.2400000002,0.0,1183016.2400000002,0,0.0,-0.12025300373143644
2019-03-18,1183016.2400000002,0.0,1183016.2400000002,0,0.0,-0.12025300373143644
2019-03-19,1183016.2400000002,0.0,1183016.2400000002,0,0.0,-0.12025300373143644
2019-03-20,1183016.2400000002,0.0,1183016.2400000002,0,0.0,-0.12025300373143644
2019-03-21,1183016.2400000002,0.0,1183016.2400000002,0,0.0,-0.12025300373143644
2019-03-22,1183016.2400000002,0.0,1183016.2400000002,0,0.0,-0.12025300373143644
2019-03-25,1183016.2400000002,0.0,1183016.2400000002,0,0.0,-0.12025300373143644
2019-03-26,1183016.2400000002,0.0,1183016.2400000002,0,0.0,-0.12025300373143644
2019-03-27,1183016.2400000002,0.0,1183016.2400000002,0,0.0,-0.12025300373143644
2019-03-28,1183016.2400000002,0.0,1183016.2400000002,0,0.0,-0.12025300373143644
2019-03-29,1183016.2400000002,0.0,1183016.2400000002,0,0.0,-0.12025300373143644
2019-04-01,1183016.2400000002,0.0,1183016.2400000002,0,0.0,-0.12025300373143644
2019-04-02,1183016.2400000002,0.0,1183016.2400000002,0,0.0,-0.12025300373143644
2019-04-03,1183016.2400000002,0.0,1183016.2400000002,0,0.0,-0.12025300373143644
2019-04-04,1183016.2400000002,0.0,1183016.2400000002,0,0.0,-0.12025300373143644
2019-04-08,-789.7899999997171,1173486.0,1172696.2100000002,6,-0.0087234897130406,-0.12792746760346374
2019-04-09,-388.14999999971724,1187228.0,1186839.8500000003,6,0.012060787678336737,-0.11740958595011963
2019-04-10,5129.6100000002825,1193626.0,1198755.6100000003,6,0.010039905552547745,-0.1085484615514748
2019-04-11,452.38000000028296,1174552.0,1175004.3800000004,6,-0.019813237829185204,-0.12621100289594844
2019-04-12,4413.910000000283,1186031.0,1190444.9100000004,6,0.013140827611212824,-0.11472869231642957
2019-04-15,-933.6699999997145,1168136.0,1167202.3300000003,7,-0.019524280212177225,-0.13201297739144413
2019-04-16,-665.4399999997113,1018930.0,1018264.5600000003,6,-0.1276023583674648,-0.24277016850864996
2019-04-17,5303.570000000289,1018003.0,1023306.5700000003,6,0.004951571721203862,-0.23902069068858545
2019-04-18,-647.1499999997113,1013785.0,1013137.8500000003,6,-0.009937119821286755,-0.24658263326673302
2019-04-19,-733.2099999997113,1023609.0,1022875.7900000003,6,0.009611663407896431,-0.2393410391320291
2019-04-22,812740.6600000004,231014.00000000003,1043754.6600000004,2,0.020411930954001845,-0.22381452094324927
2019-04-23,1224449.7400000005,0.0,1224449.7400000005,0,0.1731202618055856,-0.08944108759925073
2019-04-24,1224449.7400000005,0.0,1224449.7400000005,0,0.0,-0.08944108759925073
2019-04-25,1224449.7400000005,0.0,1224449.7400000005,0,0.0,-0.08944108759925073
2019-04-26,1224449.7400000005,0.0,1224449.7400000005,0,0.0,-0.08944108759925073
2019-04-29,1224449.7400000005,0.0,1224449.7400000005,0,0.0,-0.08944108759925073
2019-04-30,1224449.7400000005,0.0,1224449.7400000005,0,0.0,-0.08944108759925073
2019-05-06,1224449.7400000005,0.0,1224449.7400000005,0,0.0,-0.08944108759925073
2019-05-07,1224449.7400000005,0.0,1224449.7400000005,0,0.0,-0.08944108759925073
2019-05-08,1224449.7400000005,0.0,1224449.7400000005,0,0.0,-0.08944108759925073
2019-05-09,1224449.7400000005,0.0,1224449.7400000005,0,0.0,-0.08944108759925073
2019-05-10,1224449.7400000005,0.0,1224449.7400000005,0,0.0,-0.08944108759925073
2019-05-13,1224449.7400000005,0.0,1224449.7400000005,0,0.0,-0.08944108759925073
2019-05-14,1224449.7400000005,0.0,1224449.7400000005,0,0.0,-0.08944108759925073
2019-05-15,1224449.7400000005,0.0,1224449.7400000005,0,0.0,-0.08944108759925073
2019-05-16,1224449.7400000005,0.0,1224449.7400000005,0,0.0,-0.08944108759925073
2019-05-17,1224449.7400000005,0.0,1224449.7400000005,0,0.0,-0.08944108759925073
2019-05-20,1224449.7400000005,0.0,1224449.7400000005,0,0.0,-0.08944108759925073
2019-05-21,1224449.7400000005,0.0,1224449.7400000005,0,0.0,-0.08944108759925073
2019-05-22,1224449.7400000005,0.0,1224449.7400000005,0,0.0,-0.08944108759925073
2019-05-23,1224449.7400000005,0.0,1224449.7400000005,0,0.0,-0.08944108759925073
2019-05-24,1224449.7400000005,0.0,1224449.7400000005,0,0.0,-0.08944108759925073
2019-05-27,1224449.7400000005,0.0,1224449.7400000005,0,0.0,-0.08944108759925073
2019-05-28,1224449.7400000005,0.0,1224449.7400000005,0,0.0,-0.08944108759925073
2019-05-29,1224449.7400000005,0.0,1224449.7400000005,0,0.0,-0.08944108759925073
2019-05-30,1224449.7400000005,0.0,1224449.7400000005,0,0.0,-0.08944108759925073
2019-05-31,1224449.7400000005,0.0,1224449.7400000005,0,0.0,-0.08944108759925073
2019-06-03,1224449.7400000005,0.0,1224449.7400000005,0,0.0,-0.08944108759925073
2019-06-04,1224449.7400000005,0.0,1224449.7400000005,0,0.0,-0.08944108759925073
2019-06-05,1224449.7400000005,0.0,1224449.7400000005,0,0.0,-0.08944108759925073
2019-06-06,1224449.7400000005,0.0,1224449.7400000005,0,0.0,-0.08944108759925073
2019-06-10,1224449.7400000005,0.0,1224449.7400000005,0,0.0,-0.08944108759925073
2019-06-11,1224449.7400000005,0.0,1224449.7400000005,0,0.0,-0.08944108759925073
2019-06-12,1224449.7400000005,0.0,1224449.7400000005,0,0.0,-0.08944108759925073
2019-06-13,1224449.7400000005,0.0,1224449.7400000005,0,0.0,-0.08944108759925073
2019-06-14,1224449.7400000005,0.0,1224449.7400000005,0,0.0,-0.08944108759925073
2019-06-17,1224449.7400000005,0.0,1224449.7400000005,0,0.0,-0.08944108759925073
2019-06-18,1224449.7400000005,0.0,1224449.7400000005,0,0.0,-0.08944108759925073
2019-06-19,1224449.7400000005,0.0,1224449.7400000005,0,0.0,-0.08944108759925073
2019-06-20,1224449.7400000005,0.0,1224449.7400000005,0,0.0,-0.08944108759925073
2019-06-21,1224449.7400000005,0.0,1224449.7400000005,0,0.0,-0.08944108759925073
2019-06-24,1224449.7400000005,0.0,1224449.7400000005,0,0.0,-0.08944108759925073
2019-06-25,1224449.7400000005,0.0,1224449.7400000005,0,0.0,-0.08944108759925073
2019-06-26,1224449.7400000005,0.0,1224449.7400000005,0,0.0,-0.08944108759925073
2019-06-27,1224449.7400000005,0.0,1224449.7400000005,0,0.0,-0.08944108759925073
2019-06-28,1224449.7400000005,0.0,1224449.7400000005,0,0.0,-0.08944108759925073
2019-07-01,1224449.7400000005,0.0,1224449.7400000005,0,0.0,-0.08944108759925073
2019-07-02,1224449.7400000005,0.0,1224449.7400000005,0,0.0,-0.08944108759925073
2019-07-03,1224449.7400000005,0.0,1224449.7400000005,0,0.0,-0.08944108759925073
2019-07-04,1224449.7400000005,0.0,1224449.7400000005,0,0.0,-0.08944108759925073
2019-07-05,1224449.7400000005,0.0,1224449.7400000005,0,0.0,-0.08944108759925073
2019-07-08,-640.6799999995856,789100.0,788459.3200000004,6,-0.35607049089658827,-0.413664246528049
2019-07-09,4516.820000000414,790430.0,794946.8200000004,6,0.00822807193147268,-0.40883983377248767
2019-07-10,-34.17999999958556,783239.0,783204.8200000004,6,-0.014770799385045663,-0.41757174199226443
2019-07-11,326.5300000004145,772510.0,772836.5300000004,6,-0.013238286761309781,-0.425282094289661
2019-07-12,342.36000000041463,772488.0,772830.3600000005,6,-7.983577070214132e-06,-0.42528668259435487
2019-07-15,212.73000000041475,771486.0,771698.7300000004,6,-0.0014642670093861776,-0.42612821634488685
2019-07-16,1166649.3800000004,0.0,1166649.3800000004,0,0.5117938317716288,-0.13242417724241717
2019-07-17,1166649.3800000004,0.0,1166649.3800000004,0,0.0,-0.13242417724241717
2019-07-18,1166649.3800000004,0.0,1166649.3800000004,0,0.0,-0.13242417724241717
2019-07-19,1166649.3800000004,0.0,1166649.3800000004,0,0.0,-0.13242417724241717
2019-07-22,1166649.3800000004,0.0,1166649.3800000004,0,0.0,-0.13242417724241717
2019-07-23,1166649.3800000004,0.0,1166649.3800000004,0,0.0,-0.13242417724241717
2019-07-24,1166649.3800000004,0.0,1166649.3800000004,0,0.0,-0.13242417724241717
2019-07-25,1166649.3800000004,0.0,1166649.3800000004,0,0.0,-0.13242417724241717
2019-07-26,1166649.3800000004,0.0,1166649.3800000004,0,0.0,-0.13242417724241717
2019-07-29,10175.550000000338,1013812.0,1023987.5500000003,6,-0.12228338046174592,-0.2385142816560949
2019-07-30,-364.62999999966223,1022937.0,1022572.3700000003,6,-0.0013820285217334138,-0.2395666766377389
2019-07-31,3968.400000000338,1015574.0,1019542.4000000004,6,-0.0029630861236745742,-0.24181990606617332
2019-08-01,2711.160000000338,1007740.0,1010451.1600000004,6,-0.00891698079452119,-0.2485805834025695
2019-08-02,-404.8399999996618,981214.0,980809.1600000004,6,-0.02933541092673886,-0.2706237807667855
2019-08-05,371960.6500000003,596532.0,968492.6500000004,4,-0.012557498953211232,-0.2797829218763037
2019-08-06,1105395.9400000004,0.0,1105395.9400000004,0,0.14135707689676313,-0.17797514098161027
2019-08-07,1105395.9400000004,0.0,1105395.9400000004,0,0.0,-0.17797514098161027
2019-08-08,1105395.9400000004,0.0,1105395.9400000004,0,0.0,-0.17797514098161027
2019-08-09,1105395.9400000004,0.0,1105395.9400000004,0,0.0,-0.17797514098161027
2019-08-12,1484.87000000049,745118.0,746602.8700000005,6,-0.32458330722654893,-0.44479068834423685
2019-08-13,-78.34999999950989,737040.0,736961.6500000005,6,-0.012913451564953049,-0.4519603568987145
2019-08-14,-903.9799999995099,742607.0,741703.0200000005,6,0.006433672634118759,-0.4484344492444815
2019-08-15,632.1700000004901,743824.0,744456.1700000005,6,0.0037119304165702527,-0.4463870762998998
2019-08-16,3370.8800000004903,741728.0,745098.8800000005,6,0.0008633281929815162,-0.4459091266548706
2019-08-19,-800.2699999995098,769593.0,768792.7300000004,6,0.031799604906129986,-0.428289255800403
2019-08-20,1147076.5400000005,0.0,1147076.5400000005,0,0.4920491508810181,-0.14697946956743635
2019-08-21,1147076.5400000005,0.0,1147076.5400000005,0,0.0,-0.14697946956743635
2019-08-22,1147076.5400000005,0.0,1147076.5400000005,0,0.0,-0.14697946956743635
2019-08-23,1147076.5400000005,0.0,1147076.5400000005,0,0.0,-0.14697946956743635
2019-08-26,1147076.5400000005,0.0,1147076.5400000005,0,0.0,-0.14697946956743635
2019-08-27,1147076.5400000005,0.0,1147076.5400000005,0,0.0,-0.14697946956743635
2019-08-28,1147076.5400000005,0.0,1147076.5400000005,0,0.0,-0.14697946956743635
2019-08-29,1147076.5400000005,0.0,1147076.5400000005,0,0.0,-0.14697946956743635
2019-08-30,1147076.5400000005,0.0,1147076.5400000005,0,0.0,-0.14697946956743635
2019-09-02,1147076.5400000005,0.0,1147076.5400000005,0,0.0,-0.14697946956743635
2019-09-03,1147076.5400000005,0.0,1147076.5400000005,0,0.0,-0.14697946956743635
2019-09-04,1147076.5400000005,0.0,1147076.5400000005,0,0.0,-0.14697946956743635
2019-09-05,1147076.5400000005,0.0,1147076.5400000005,0,0.0,-0.14697946956743635
2019-09-06,1147076.5400000005,0.0,1147076.5400000005,0,0.0,-0.14697946956743635
2019-09-09,1147076.5400000005,0.0,1147076.5400000005,0,0.0,-0.14697946956743635
2019-09-10,1147076.5400000005,0.0,1147076.5400000005,0,0.0,-0.14697946956743635
2019-09-11,1147076.5400000005,0.0,1147076.5400000005,0,0.0,-0.14697946956743635
2019-09-12,1147076.5400000005,0.0,1147076.5400000005,0,0.0,-0.14697946956743635
2019-09-16,1147076.5400000005,0.0,1147076.5400000005,0,0.0,-0.14697946956743635
2019-09-17,1147076.5400000005,0.0,1147076.5400000005,0,0.0,-0.14697946956743635
2019-09-18,1147076.5400000005,0.0,1147076.5400000005,0,0.0,-0.14697946956743635
2019-09-19,1147076.5400000005,0.0,1147076.5400000005,0,0.0,-0.14697946956743635
2019-09-20,1147076.5400000005,0.0,1147076.5400000005,0,0.0,-0.14697946956743635
2019-09-23,1147076.5400000005,0.0,1147076.5400000005,0,0.0,-0.14697946956743635
2019-09-24,1147076.5400000005,0.0,1147076.5400000005,0,0.0,-0.14697946956743635
2019-09-25,1147076.5400000005,0.0,1147076.5400000005,0,0.0,-0.14697946956743635
2019-09-26,1147076.5400000005,0.0,1147076.5400000005,0,0.0,-0.14697946956743635
2019-09-27,1147076.5400000005,0.0,1147076.5400000005,0,0.0,-0.14697946956743635
2019-09-30,1147076.5400000005,0.0,1147076.5400000005,0,0.0,-0.14697946956743635
2019-10-08,3860.690000000526,957864.0,961724.6900000005,6,-0.16158629658662527,-0.28481589799239293
2019-10-09,253.7000000005262,964635.0,964888.7000000005,6,0.0032899332136311354,-0.28246299006133724
2019-10-10,-607.0499999994738,969522.0,968914.9500000005,6,0.004172761065602604,-0.27946887956313626
2019-10-11,-213.76999999947384,979668.0,979454.2300000006,6,0.010877404667974266,-0.27163137099027557
2019-10-14,563182.6900000005,421029.0,984211.6900000005,3,0.004857256065962323,-0.2680934980487615
2019-10-15,1182647.3300000005,0.0,1182647.3300000005,0,0.20161886108058713,-0.12052734270787613
2019-10-16,1182647.3300000005,0.0,1182647.3300000005,0,0.0,-0.12052734270787613
2019-10-17,1182647.3300000005,0.0,1182647.3300000005,0,0.0,-0.12052734270787613
2019-10-18,1182647.3300000005,0.0,1182647.3300000005,0,0.0,-0.12052734270787613
2019-10-21,1182647.3300000005,0.0,1182647.3300000005,0,0.0,-0.12052734270787613
2019-10-22,1182647.3300000005,0.0,1182647.3300000005,0,0.0,-0.12052734270787613
2019-10-23,1182647.3300000005,0.0,1182647.3300000005,0,0.0,-0.12052734270787613
2019-10-24,1182647.3300000005,0.0,1182647.3300000005,0,0.0,-0.12052734270787613
2019-10-25,1182647.3300000005,0.0,1182647.3300000005,0,0.0,-0.12052734270787613
2019-10-28,1182647.3300000005,0.0,1182647.3300000005,0,0.0,-0.12052734270787613
2019-10-29,1182647.3300000005,0.0,1182647.3300000005,0,0.0,-0.12052734270787613
2019-10-30,1182647.3300000005,0.0,1182647.3300000005,0,0.0,-0.12052734270787613
2019-10-31,1182647.3300000005,0.0,1182647.3300000005,0,0.0,-0.12052734270787613
2019-11-01,1182647.3300000005,0.0,1182647.3300000005,0,0.0,-0.12052734270787613
2019-11-04,1182647.3300000005,0.0,1182647.3300000005,0,0.0,-0.12052734270787613
2019-11-05,1182647.3300000005,0.0,1182647.3300000005,0,0.0,-0.12052734270787613
2019-11-06,1182647.3300000005,0.0,1182647.3300000005,0,0.0,-0.12052734270787613
2019-11-07,1182647.3300000005,0.0,1182647.3300000005,0,0.0,-0.12052734270787613
2019-11-08,1182647.3300000005,0.0,1182647.3300000005,0,0.0,-0.12052734270787613
2019-11-11,1182647.3300000005,0.0,1182647.3300000005,0,0.0,-0.12052734270787613
2019-11-12,1182647.3300000005,0.0,1182647.3300000005,0,0.0,-0.12052734270787613
2019-11-13,1182647.3300000005,0.0,1182647.3300000005,0,0.0,-0.12052734270787613
2019-11-14,1182647.3300000005,0.0,1182647.3300000005,0,0.0,-0.12052734270787613
2019-11-15,1182647.3300000005,0.0,1182647.3300000005,0,0.0,-0.12052734270787613
2019-11-18,10259.720000000467,555966.0,566225.7200000004,6,-0.521221833731278,-0.5789276938581968
2019-11-19,1449.4600000004666,564204.0,565653.4600000004,6,-0.0010106570220794753,-0.5793532535412022
2019-11-20,333.73000000046704,570510.0,570843.7300000004,6,0.009175706270761586,-0.5754935225519446
2019-11-21,15123.790000000467,567041.0,582164.7900000005,6,0.01983215266286642,-0.5670746452848192
2019-11-22,3260.190000000468,565114.0,568374.1900000004,6,-0.02368848174414684,-0.577329989646568
2019-11-25,-732.3599999995349,572056.0,571323.6400000005,8,0.0051892750443156554,-0.5751366387098604
2019-11-26,-937.08999999956,810161.0,809223.9100000004,6,0.4164019363875784,-0.39822271236851103
2019-11-27,-928.33999999956,825322.0,824393.6600000004,6,0.018746047679189193,-0.38694176664231794
2019-11-28,11397.41000000044,833285.0,844682.4100000004,6,0.024610511924606504,-0.3718540896797905
2019-11-29,8483.61000000044,816147.0,824630.6100000005,6,-0.023738862988753273,-0.38676555938182766
2019-12-02,2061.8200000004435,831115.0,833176.8200000004,9,0.01036368271607091,-0.38041019220869376
2019-12-03,-742.589999999589,1249102.0,1248359.4100000004,6,0.49831269909789344,-0.07166072275466284
2019-12-04,-747.8199999995887,1246263.0,1245515.1800000004,6,-0.0022783743024774594,-0.07377582710791919
2019-12-05,4642.750000000412,1236000.0,1240642.7500000005,6,-0.00391197961954981,-0.07739919719540733
2019-12-06,-665.479999999588,1259324.0,1258658.5200000005,6,0.014521319694972723,-0.06400181598704346
2019-12-09,117125.57000000041,1141074.0,1258199.5700000003,5,-0.0003646342456731233,-0.06434311297882245
2019-12-10,1256255.7700000005,0.0,1256255.7700000005,0,-0.0015449059484258232,-0.06578861486926701
2019-12-11,1256255.7700000005,0.0,1256255.7700000005,0,0.0,-0.06578861486926701
2019-12-12,1256255.7700000005,0.0,1256255.7700000005,0,0.0,-0.06578861486926701
2019-12-13,1256255.7700000005,0.0,1256255.7700000005,0,0.0,-0.06578861486926701
2019-12-16,-473.1399999994028,1021827.0,1021353.8600000006,6,-0.18698573619287717,-0.24047281847770463
2019-12-17,-1018.5699999994031,1030161.0,1029142.4300000006,6,0.00762573120348331,-0.23468086834967639
2019-12-18,1049.000000000597,1033522.0,1034571.0000000006,6,0.005274848108244745,-0.23064392617588714
2019-12-19,1512.0300000005968,1058921.0,1060433.0300000005,6,0.024997830018432587,-0.21141169381878322
2019-12-20,3751.4400000005976,1041518.0,1045269.4400000006,6,-0.014299431997134127,-0.22268805867675667
2019-12-23,21523.5900000006,989038.0,1010561.5900000005,6,-0.033204692179654716,-0.24849846241596485
2019-12-24,4788.250000000669,645725.0,650513.2500000007,6,-0.35628539968553485,-0.5162474880983868
2019-12-25,2682.7500000006694,643580.0,646262.7500000007,6,-0.006534071365956073,-0.5194083615346125
2019-12-26,-795.3999999993307,650532.0,649736.6000000007,6,0.00537529046815699,-0.5168250418812934
2019-12-27,-1002.769999999331,650534.0,649531.2300000007,6,-0.0003160819322783892,-0.5169777647556841
2019-12-30,61089.92000000067,599992.0,661081.9200000006,6,0.01778311721824366,-0.5083881237273165
2019-12-31,2843.73000000068,673526.0,676369.7300000007,6,0.02312543958243496,-0.49701938298456505
2020-01-02,2445.94000000068,695320.0,697765.9400000006,6,0.03163389644891401,-0.4811081462300879
2020-01-03,8994.18000000068,687848.0,696842.1800000006,6,-0.0013238823322331283,-0.48179509798763365
2020-01-06,-849.8199999993194,710884.0,710034.1800000006,7,0.01893111579439699,-0.4719849009824134
2020-01-07,557.6000000005879,685552.0,686109.6000000006,6,-0.03369496944499217,-0.48977635361030547
2020-01-08,1199.8400000005877,701930.0,703129.8400000005,6,0.024806882165764765,-0.47711929573612955
2020-01-09,4567.050000000589,698822.0,703389.0500000006,6,0.000368651684587995,-0.4769265348836641
2020-01-10,2118.490000000589,689584.0,691702.4900000006,6,-0.016614645906131265,-0.4856172152894651
2020-01-13,-888.2499999994034,638316.0,637427.7500000006,8,-0.07846543967190278,-0.525978486651435
2020-01-14,-924.3199999993667,668314.0,667389.6800000006,6,0.04700443305143209,-0.5036973741623038
2020-01-15,-1000.2899999993665,664420.0,663419.7100000007,6,-0.00594850372873601,-0.5066496321826808
2020-01-16,-2.9399999993665915,656115.0,656112.0600000006,6,-0.011015123442744912,-0.5120839473847121
2020-01-17,5484.580000000634,652896.0,658380.5800000007,6,0.0034575191317165466,-0.5103969682981231
2020-01-20,171349.22000000064,490748.00000000006,662097.2200000007,5,0.005645123979811206,-0.5076330984832746
2020-01-21,1368516.8800000008,0.0,1368516.8800000008,0,1.0669424952426163,0.0
2020-01-22,1368516.8800000008,0.0,1368516.8800000008,0,0.0,0.0
2020-01-23,1368516.8800000008,0.0,1368516.8800000008,0,0.0,0.0
2020-02-03,141344.84000000087,631750.0,773094.8400000009,6,-0.4350856381106527,-0.4350856381106527
2020-02-04,15922.220000000882,675661.0,691583.2200000009,6,-0.10543547283280263,-0.494647650966497
2020-02-05,-536.7699999991182,694480.0,693943.2300000009,6,0.0034124743512429223,-0.4929231490370798
2020-02-06,3323.8200000008815,709461.0,712784.8200000009,6,0.02715148615254881,-0.4791552589398821
2020-02-07,913.6800000008816,719351.0,720264.6800000009,6,0.010493854232193067,-0.4736895901495929
2020-02-10,475.6100000008819,738845.0,739320.6100000009,6,0.026456843614766745,-0.45976507794335686
2020-02-11,1438788.3800000008,0.0,1438788.3800000008,0,0.946095321216595,0.0
2020-02-12,1438788.3800000008,0.0,1438788.3800000008,0,0.0,0.0
2020-02-13,1438788.3800000008,0.0,1438788.3800000008,0,0.0,0.0
2020-02-14,1438788.3800000008,0.0,1438788.3800000008,0,0.0,0.0
2020-02-17,1438788.3800000008,0.0,1438788.3800000008,0,0.0,0.0
2020-02-18,1438788.3800000008,0.0,1438788.3800000008,0,0.0,0.0
2020-02-19,1438788.3800000008,0.0,1438788.3800000008,0,0.0,0.0
2020-02-20,1438788.3800000008,0.0,1438788.3800000008,0,0.0,0.0
2020-02-21,1438788.3800000008,0.0,1438788.3800000008,0,0.0,0.0
2020-02-24,2821.7200000005832,1188753.0,1191574.7200000007,6,-0.17182072321156783,-0.17182072321156783
2020-02-25,21.930000000583277,1169355.0,1169376.9300000006,6,-0.018628953457488606,-0.18724883641331602
2020-02-26,184.32000000058315,1179742.0,1179926.3200000005,6,0.009021376879737142,-0.1799167018571558
2020-02-27,-250.019999999417,1185591.0,1185340.9800000007,6,0.004588981454367591,-0.17615335481094163
2020-02-28,776.500000000583,1134422.0,1135198.5000000007,6,-0.04230215680217175,-0.21100384477667244
2020-03-02,905697.2900000005,233099.0,1138796.2900000005,2,0.0031693047515477524,-0.2085032755129702
2020-03-03,1382859.1700000004,0.0,1382859.1700000004,0,0.21431653944007834,-0.038872436542752964
2020-03-04,1382859.1700000004,0.0,1382859.1700000004,0,0.0,-0.038872436542752964
2020-03-05,1382859.1700000004,0.0,1382859.1700000004,0,0.0,-0.038872436542752964
2020-03-06,1382859.1700000004,0.0,1382859.1700000004,0,0.0,-0.038872436542752964
2020-03-09,1382859.1700000004,0.0,1382859.1700000004,0,0.0,-0.038872436542752964
2020-03-10,1382859.1700000004,0.0,1382859.1700000004,0,0.0,-0.038872436542752964
2020-03-11,1382859.1700000004,0.0,1382859.1700000004,0,0.0,-0.038872436542752964
2020-03-12,1382859.1700000004,0.0,1382859.1700000004,0,0.0,-0.038872436542752964
2020-03-13,1382859.1700000004,0.0,1382859.1700000004,0,0.0,-0.038872436542752964
2020-03-16,1382859.1700000004,0.0,1382859.1700000004,0,0.0,-0.038872436542752964
2020-03-17,1382859.1700000004,0.0,1382859.1700000004,0,0.0,-0.038872436542752964
2020-03-18,1382859.1700000004,0.0,1382859.1700000004,0,0.0,-0.038872436542752964
2020-03-19,1382859.1700000004,0.0,1382859.1700000004,0,0.0,-0.038872436542752964
2020-03-20,1382859.1700000004,0.0,1382859.1700000004,0,0.0,-0.038872436542752964
2020-03-23,1382859.1700000004,0.0,1382859.1700000004,0,0.0,-0.038872436542752964
2020-03-24,1382859.1700000004,0.0,1382859.1700000004,0,0.0,-0.038872436542752964
2020-03-25,1382859.1700000004,0.0,1382859.1700000004,0,0.0,-0.038872436542752964
2020-03-26,1382859.1700000004,0.0,1382859.1700000004,0,0.0,-0.038872436542752964
2020-03-27,1382859.1700000004,0.0,1382859.1700000004,0,0.0,-0.038872436542752964
2020-03-30,1382859.1700000004,0.0,1382859.1700000004,0,0.0,-0.038872436542752964
2020-03-31,1382859.1700000004,0.0,1382859.1700000004,0,0.0,-0.038872436542752964
2020-04-01,1382859.1700000004,0.0,1382859.1700000004,0,0.0,-0.038872436542752964
2020-04-02,1382859.1700000004,0.0,1382859.1700000004,0,0.0,-0.038872436542752964
2020-04-03,1382859.1700000004,0.0,1382859.1700000004,0,0.0,-0.038872436542752964
2020-04-07,1382859.1700000004,0.0,1382859.1700000004,0,0.0,-0.038872436542752964
2020-04-08,1382859.1700000004,0.0,1382859.1700000004,0,0.0,-0.038872436542752964
2020-04-09,1382859.1700000004,0.0,1382859.1700000004,0,0.0,-0.038872436542752964
2020-04-10,1382859.1700000004,0.0,1382859.1700000004,0,0.0,-0.038872436542752964
2020-04-13,1382859.1700000004,0.0,1382859.1700000004,0,0.0,-0.038872436542752964
2020-04-14,1382859.1700000004,0.0,1382859.1700000004,0,0.0,-0.038872436542752964
2020-04-15,1382859.1700000004,0.0,1382859.1700000004,0,0.0,-0.038872436542752964
2020-04-16,1382859.1700000004,0.0,1382859.1700000004,0,0.0,-0.038872436542752964
2020-04-17,1382859.1700000004,0.0,1382859.1700000004,0,0.0,-0.038872436542752964
2020-04-20,1382859.1700000004,0.0,1382859.1700000004,0,0.0,-0.038872436542752964
2020-04-21,1382859.1700000004,0.0,1382859.1700000004,0,0.0,-0.038872436542752964
2020-04-22,1382859.1700000004,0.0,1382859.1700000004,0,0.0,-0.038872436542752964
2020-04-23,1382859.1700000004,0.0,1382859.1700000004,0,0.0,-0.038872436542752964
2020-04-24,1382859.1700000004,0.0,1382859.1700000004,0,0.0,-0.038872436542752964
2020-04-27,8119.870000000403,376412.0,384531.8700000004,6,-0.7219298404768142,-0.7327391051073124
2020-04-28,6451.220000000403,373209.0,379660.2200000004,6,-0.012669040930209596,-0.7361250443237524
2020-04-29,2374.9100000004037,360220.0,362594.9100000004,6,-0.04494890194184675,-0.7479859338313533
2020-04-30,2421.0200000004043,364728.0,367149.0200000004,6,0.012559773660363982,-0.7448206942010469
2020-05-06,8227.830000000404,355862.0,364089.8300000004,6,-0.008332284258854905,-0.7469469207139412
2020-05-07,1141953.0600000005,171665.0,1313618.0600000005,1,2.60795043355097,-0.08699703287845584
2020-05-08,1307227.9200000004,0.0,1307227.9200000004,0,-0.004864534216285188,-0.09143836705158848
2020-05-11,1307227.9200000004,0.0,1307227.9200000004,0,0.0,-0.09143836705158848
2020-05-12,1307227.9200000004,0.0,1307227.9200000004,0,0.0,-0.09143836705158848
2020-05-13,1307227.9200000004,0.0,1307227.9200000004,0,0.0,-0.09143836705158848
2020-05-14,1307227.9200000004,0.0,1307227.9200000004,0,0.0,-0.09143836705158848
2020-05-15,1307227.9200000004,0.0,1307227.9200000004,0,0.0,-0.09143836705158848
2020-05-18,1307227.9200000004,0.0,1307227.9200000004,0,0.0,-0.09143836705158848
2020-05-19,1307227.9200000004,0.0,1307227.9200000004,0,0.0,-0.09143836705158848
2020-05-20,1307227.9200000004,0.0,1307227.9200000004,0,0.0,-0.09143836705158848
2020-05-21,1307227.9200000004,0.0,1307227.9200000004,0,0.0,-0.09143836705158848
2020-05-22,1307227.9200000004,0.0,1307227.9200000004,0,0.0,-0.09143836705158848
2020-05-25,1307227.9200000004,0.0,1307227.9200000004,0,0.0,-0.09143836705158848
2020-05-26,1307227.9200000004,0.0,1307227.9200000004,0,0.0,-0.09143836705158848
2020-05-27,1307227.9200000004,0.0,1307227.9200000004,0,0.0,-0.09143836705158848
2020-05-28,1307227.9200000004,0.0,1307227.9200000004,0,0.0,-0.09143836705158848
2020-05-29,1307227.9200000004,0.0,1307227.9200000004,0,0.0,-0.09143836705158848
2020-06-01,1307227.9200000004,0.0,1307227.9200000004,0,0.0,-0.09143836705158848
2020-06-02,1307227.9200000004,0.0,1307227.9200000004,0,0.0,-0.09143836705158848
2020-06-03,1307227.9200000004,0.0,1307227.9200000004,0,0.0,-0.09143836705158848
2020-06-04,1307227.9200000004,0.0,1307227.9200000004,0,0.0,-0.09143836705158848
2020-06-05,1307227.9200000004,0.0,1307227.9200000004,0,0.0,-0.09143836705158848
2020-06-08,1307227.9200000004,0.0,1307227.9200000004,0,0.0,-0.09143836705158848
2020-06-09,1307227.9200000004,0.0,1307227.9200000004,0,0.0,-0.09143836705158848
2020-06-10,1307227.9200000004,0.0,1307227.9200000004,0,0.0,-0.09143836705158848
2020-06-11,1307227.9200000004,0.0,1307227.9200000004,0,0.0,-0.09143836705158848
2020-06-12,1307227.9200000004,0.0,1307227.9200000004,0,0.0,-0.09143836705158848
2020-06-15,379.9700000004377,1102924.0,1103303.9700000004,6,-0.15599724185817565,-0.23317147584970088
2020-06-16,-485.7799999995618,1103873.0,1103387.2200000004,6,7.545518031637499e-05,-0.23311361466513947
2020-06-17,1213.1000000004383,1107571.0,1108784.1000000003,6,0.0048911931388873064,-0.2293626252388835
2020-06-18,2235.780000000438,1120728.0,1122963.7800000005,6,0.012788495073116746,-0.21950733296859137
2020-06-19,4297.730000000438,1132490.0,1136787.7300000004,6,0.012310236755810555,-0.20989928345126074
2020-06-22,4033.430000000437,1138621.0,1142654.4300000004,6,0.005160769988254543,-0.20582175538559755
2020-06-23,1677.8200000004435,898059.0,899736.8200000004,6,-0.21259061674490676,-0.3746565982135608
2020-06-24,457.19000000044366,897944.0,898401.1900000004,6,-0.001484467424596403,-0.3755849001226992
2020-06-29,1147.4300000004441,860673.0,861820.4300000004,9,-0.040717621934583614,-0.40100959808974834
2020-06-30,182.89000000036322,929767.0,929949.8900000004,6,0.07905296466457634,-0.35365763101311687
2020-07-01,3030.8100000003633,934537.0,937567.8100000004,6,0.00819175321371346,-0.3483629538348093
2020-07-02,3142.620000000363,943016.0,946158.6200000003,6,0.00916286791032217,-0.3423920896553253
2020-07-03,4786.100000000362,964915.0,969701.1000000003,6,0.024882170391260505,-0.32602937757948824
2020-07-06,28000.870000000363,983961.0,1011961.8700000003,7,0.04358123343368381,-0.2966569065563347
2020-07-07,10590.820000000356,763777.0,774367.8200000003,6,-0.2347855754683721,-0.46179171950221065
2020-07-08,2906.6700000003566,776020.0,778926.6700000004,6,0.005887189372099755,-0.45862318543328806
2020-07-09,9522.920000000357,800043.0,809565.9200000004,6,0.03933521752439151,-0.4373280106696442
2020-07-10,-744.0799999996434,795557.0,794812.9200000004,6,-0.018223346160619047,-0.44758177710609537
2020-07-13,1022089.7600000005,271245.0,1293334.7600000005,2,0.6272190945260425,-0.10109451954289506
2020-07-14,1562286.5900000005,0.0,1562286.5900000005,0,0.20795221648569928,0.0
2020-07-15,1562286.5900000005,0.0,1562286.5900000005,0,0.0,0.0
2020-07-16,1562286.5900000005,0.0,1562286.5900000005,0,0.0,0.0
2020-07-17,1562286.5900000005,0.0,1562286.5900000005,0,0.0,0.0
2020-07-20,1562286.5900000005,0.0,1562286.5900000005,0,0.0,0.0
2020-07-21,1562286.5900000005,0.0,1562286.5900000005,0,0.0,0.0
2020-07-22,1562286.5900000005,0.0,1562286.5900000005,0,0.0,0.0
2020-07-23,1562286.5900000005,0.0,1562286.5900000005,0,0.0,0.0
2020-07-24,1562286.5900000005,0.0,1562286.5900000005,0,0.0,0.0
2020-07-27,1562286.5900000005,0.0,1562286.5900000005,0,0.0,0.0
2020-07-28,1562286.5900000005,0.0,1562286.5900000005,0,0.0,0.0
2020-07-29,1562286.5900000005,0.0,1562286.5900000005,0,0.0,0.0
2020-07-30,1562286.5900000005,0.0,1562286.5900000005,0,0.0,0.0
2020-07-31,1562286.5900000005,0.0,1562286.5900000005,0,0.0,0.0
2020-08-03,1562286.5900000005,0.0,1562286.5900000005,0,0.0,0.0
2020-08-04,1562286.5900000005,0.0,1562286.5900000005,0,0.0,0.0
2020-08-05,1562286.5900000005,0.0,1562286.5900000005,0,0.0,0.0
2020-08-06,1562286.5900000005,0.0,1562286.5900000005,0,0.0,0.0
2020-08-07,1562286.5900000005,0.0,1562286.5900000005,0,0.0,0.0
2020-08-10,2344.7500000006985,0.0,2344.7500000006985,6,-0.998499155010989,-0.998499155010989
2020-08-11,12.130000000698487,0.0,12.130000000698487,6,-0.994826740590385,-0.9999922357395382
2020-08-12,2713.5300000006987,0.0,2713.5300000006987,6,222.70403955848676,-0.9982631035705166
2020-08-13,6135.560000000698,0.0,6135.560000000698,6,1.2610990112507023,-0.9960727052006504
2020-08-14,-701.6399999993018,0.0,-701.6399999993018,6,-1.114356309774368,-1.0004491109406497
2020-08-17,-897.2499999993024,0.0,-897.2499999993024,7,0.2787896927201916,-1.0005743184417908
2020-08-18,158.4900000007474,575588.0,575746.4900000007,6,-642.6790080807449,-0.6314719119492663
2020-08-19,2534.480000000747,567350.0,569884.4800000008,6,-0.010181581827793496,-0.6352241108335952
2020-08-20,7718.380000000747,569984.0,577702.3800000007,6,0.013718394296331704,-0.6302199713562154
2020-08-21,-167.69999999925312,573042.0,572874.3000000007,6,-0.008357382914018774,-0.6333103646495484
2020-08-24,1053087.3900000008,285348.0,1338435.3900000008,2,1.336350906298291,-0.1432843381187825
2020-08-25,1580886.3600000008,0.0,1580886.3600000008,0,0.18114506819787524,0.0
2020-08-26,1580886.3600000008,0.0,1580886.3600000008,0,0.0,0.0
2020-08-27,1580886.3600000008,0.0,1580886.3600000008,0,0.0,0.0
2020-08-28,1580886.3600000008,0.0,1580886.3600000008,0,0.0,0.0
2020-08-31,1580886.3600000008,0.0,1580886.3600000008,0,0.0,0.0
2020-09-01,1580886.3600000008,0.0,1580886.3600000008,0,0.0,0.0
2020-09-02,1580886.3600000008,0.0,1580886.3600000008,0,0.0,0.0
2020-09-03,1580886.3600000008,0.0,1580886.3600000008,0,0.0,0.0
2020-09-04,1580886.3600000008,0.0,1580886.3600000008,0,0.0,0.0
2020-09-07,1580886.3600000008,0.0,1580886.3600000008,0,0.0,0.0
2020-09-08,1580886.3600000008,0.0,1580886.3600000008,0,0.0,0.0
2020-09-09,1580886.3600000008,0.0,1580886.3600000008,0,0.0,0.0
2020-09-10,1580886.3600000008,0.0,1580886.3600000008,0,0.0,0.0
2020-09-11,1580886.3600000008,0.0,1580886.3600000008,0,0.0,0.0
2020-09-14,-690.9699999992736,1314912.0,1314221.0300000007,6,-0.16868089746817727,-0.16868089746817727
2020-09-15,3117.0400000007266,1321829.0,1324946.0400000007,6,0.008160735336886216,-0.1618967222919172
2020-09-16,2762.480000000727,1305759.0,1308521.4800000007,6,-0.012396399177131756,-0.17228618507404925
2020-09-17,88.38000000072725,1304571.0,1304659.3800000008,6,-0.0029514991225056963,-0.17472918167248896
2020-09-18,1674.7200000007274,1332908.0,1334582.7200000007,6,0.02293574894621142,-0.15580097737069476
2020-09-21,9652.240000000727,1326761.0,1336413.2400000007,6,0.0013716047514837904,-0.1546430699800585
2020-09-22,1563155.0500000007,0.0,1563155.0500000007,0,0.16966444450969376,-0.011216056035805111
2020-09-23,1563155.0500000007,0.0,1563155.0500000007,0,0.0,-0.011216056035805111
2020-09-24,1563155.0500000007,0.0,1563155.0500000007,0,0.0,-0.011216056035805111
2020-09-25,1563155.0500000007,0.0,1563155.0500000007,0,0.0,-0.011216056035805111
2020-09-28,1563155.0500000007,0.0,1563155.0500000007,0,0.0,-0.011216056035805111
2020-09-29,1563155.0500000007,0.0,1563155.0500000007,0,0.0,-0.011216056035805111
2020-09-30,1563155.0500000007,0.0,1563155.0500000007,0,0.0,-0.011216056035805111
2020-10-09,-632.9399999991874,1328090.0,1327457.0600000008,6,-0.15078350033158894,-0.1603083601784001
2020-10-12,45641.99000000082,1338459.0,1384100.990000001,7,0.042671007377067305,-0.12447787202111082
2020-10-13,2658.9500000008265,1278810.0,1281468.950000001,6,-0.07415068751594489,-0.18939843974616855
2020-10-14,-194.04999999917345,1265387.0,1265192.950000001,6,-0.012701049057802005,-0.19969392992928336
2020-10-15,4586.770000000826,1255322.0,1259908.7700000007,6,-0.004176580338991154,-0.20303647252671586
2020-10-16,2216.7700000008263,1252654.0,1254870.7700000007,6,-0.003998702223495076,-0.20622329235606784
2020-10-19,-990.5599999991773,1319008.0,1318017.4400000009,9,0.05032125339886595,-0.16627945350859996
2020-10-20,3868.5200000007753,1320010.0,1323878.5200000007,6,0.004446891082108717,-0.16257198904543646
2020-10-21,1118.7000000007752,1290826.0,1291944.700000001,6,-0.0241214125900312,-0.18277193561212068
2020-10-22,309.81000000077574,1282428.0,1282737.8100000008,6,-0.0071263808737325185,-0.18859581405965187
2020-10-23,327.8800000007759,1277388.0,1277715.8800000008,6,-0.003915008944813114,-0.19177246870546716
2020-10-26,3424.1500000007763,1261012.0,1264436.1500000008,6,-0.01039333564516709,-0.20017264871587592
2020-10-27,1514711.9200000009,0.0,1514711.9200000009,0,0.19793468416732618,-0.04185907455106386
2020-10-28,1514711.9200000009,0.0,1514711.9200000009,0,0.0,-0.04185907455106386
2020-10-29,1514711.9200000009,0.0,1514711.9200000009,0,0.0,-0.04185907455106386
2020-10-30,1514711.9200000009,0.0,1514711.9200000009,0,0.0,-0.04185907455106386
2020-11-02,1514711.9200000009,0.0,1514711.9200000009,0,0.0,-0.04185907455106386
2020-11-03,1514711.9200000009,0.0,1514711.9200000009,0,0.0,-0.04185907455106386
2020-11-04,1514711.9200000009,0.0,1514711.9200000009,0,0.0,-0.04185907455106386
2020-11-05,1514711.9200000009,0.0,1514711.9200000009,0,0.0,-0.04185907455106386
2020-11-06,1514711.9200000009,0.0,1514711.9200000009,0,0.0,-0.04185907455106386
2020-11-09,1514711.9200000009,0.0,1514711.9200000009,0,0.0,-0.04185907455106386
2020-11-10,1514711.9200000009,0.0,1514711.9200000009,0,0.0,-0.04185907455106386
2020-11-11,1514711.9200000009,0.0,1514711.9200000009,0,0.0,-0.04185907455106386
2020-11-12,1514711.9200000009,0.0,1514711.9200000009,0,0.0,-0.04185907455106386
2020-11-13,1514711.9200000009,0.0,1514711.9200000009,0,0.0,-0.04185907455106386
2020-11-16,2061.250000000902,794734.0,796795.2500000009,6,-0.47396251427136027,-0.4959819566031296
2020-11-17,1002.0100000009033,793637.0,794639.0100000009,6,-0.002706140630230891,-0.4973459003087354
2020-11-18,1791.120000000903,794621.0,796412.1200000009,6,0.0022313402408975502,-0.4962243079888421
2020-11-19,4027.3100000009035,797530.0,801557.3100000009,6,0.00646046170166259,-0.4929696844243754
2020-11-20,3122.3100000009035,804480.0,807602.3100000009,6,0.00754156929839489,-0.4891458801630748
2020-11-23,404789.1600000009,795058.0,1199847.1600000008,4,0.48569059937433745,-0.24102883650662899
2020-11-24,1534025.250000001,0.0,1534025.250000001,0,0.27851721547601094,-0.029642301423866924
2020-11-25,1534025.250000001,0.0,1534025.250000001,0,0.0,-0.029642301423866924
2020-11-26,1534025.250000001,0.0,1534025.250000001,0,0.0,-0.029642301423866924
2020-11-27,1534025.250000001,0.0,1534025.250000001,0,0.0,-0.029642301423866924
2020-11-30,8149.630000000936,643553.0,651702.6300000009,6,-0.5751682509789193,-0.5877612417378308
2020-12-01,638.2400000009359,647669.0,648307.2400000009,6,-0.005210029611204758,-0.589909017875263
2020-12-02,5416.380000000936,656847.0,662263.3800000009,6,0.021527046343027045,-0.5810809702982063
2020-12-03,1167.8300000009358,670357.0,671524.8300000009,6,0.01398454192046672,-0.5752225795660604
2020-12-04,999.3500000009358,675753.0,676752.3500000009,6,0.007784552061909533,-0.5719158776219686
2020-12-07,21333.280000000945,664408.0,685741.280000001,7,0.013282451106376048,-0.5662298711970666
2020-12-08,6240.360000000917,866670.0,872910.3600000009,6,0.27294416343143246,-0.4478348462694052
2020-12-09,-870.3499999990827,854297.0,853426.650000001,6,-0.02232040183370021,-0.4601593943792389
2020-12-10,-731.9499999990827,846433.0,845701.0500000009,6,-0.009052447565353283,-0.46504627315526936
2020-12-11,6435.870000000917,823288.0,829723.8700000009,6,-0.018892231480615918,-0.47515274279423825
2020-12-14,1218.1400000009162,833027.0,834245.140000001,6,0.005449126105049773,-0.47229278390383445
2020-12-15,1582861.3300000008,0.0,1582861.3300000008,0,0.8973575680644648,0.0
2020-12-16,1582861.3300000008,0.0,1582861.3300000008,0,0.0,0.0
2020-12-17,1582861.3300000008,0.0,1582861.3300000008,0,0.0,0.0
2020-12-18,1582861.3300000008,0.0,1582861.3300000008,0,0.0,0.0
2020-12-21,1582861.3300000008,0.0,1582861.3300000008,0,0.0,0.0
2020-12-22,1582861.3300000008,0.0,1582861.3300000008,0,0.0,0.0
2020-12-23,1582861.3300000008,0.0,1582861.3300000008,0,0.0,0.0
2020-12-24,1582861.3300000008,0.0,1582861.3300000008,0,0.0,0.0
2020-12-25,1582861.3300000008,0.0,1582861.3300000008,0,0.0,0.0
2020-12-28,1582861.3300000008,0.0,1582861.3300000008,0,0.0,0.0
2020-12-29,1582861.3300000008,0.0,1582861.3300000008,0,0.0,0.0
2020-12-30,1582861.3300000008,0.0,1582861.3300000008,0,0.0,0.0
2020-12-31,1582861.3300000008,0.0,1582861.3300000008,0,0.0,0.0
2021-01-04,1582861.3300000008,0.0,1582861.3300000008,0,0.0,0.0
2021-01-05,1582861.3300000008,0.0,1582861.3300000008,0,0.0,0.0
2021-01-06,1582861.3300000008,0.0,1582861.3300000008,0,0.0,0.0
2021-01-07,1582861.3300000008,0.0,1582861.3300000008,0,0.0,0.0
2021-01-08,1582861.3300000008,0.0,1582861.3300000008,0,0.0,0.0
2021-01-11,6193.470000000903,1025037.0,1031230.4700000009,6,-0.34850232900692546,-0.34850232900692546
2021-01-12,-252.2799999990964,1042296.0,1042043.7200000009,6,0.010485774339076714,-0.341670871446458
2021-01-13,2745.120000000903,1026124.0,1028869.1200000009,6,-0.012643039583790205,-0.34999415267792255
2021-01-14,6590.610000000903,1051068.0,1057658.6100000008,6,0.027981683423446313,-0.3318058948347672
2021-01-15,11483.470000000903,1045263.0,1056746.470000001,6,-0.0008624143852995481,-0.332382155043234
2021-01-18,-880.1499999990956,1072077.0,1071196.8500000008,7,0.013674405744643625,-0.32325287774893063
2021-01-19,1211.9000000008964,1101065.0,1102276.9000000008,6,0.029014321690733258,-0.30361751904066014
2021-01-20,16969.550000000898,1098290.0,1115259.550000001,6,0.01177802964028385,-0.2954155055389467
2021-01-21,13595.870000000898,1100098.0,1113693.8700000008,6,-0.0014038705160607234,-0.29640465093679413
2021-01-22,666.2900000008976,1083161.0,1083827.290000001,6,-0.026817584979613618,-0.3152733790015576
2021-01-25,346.19000000089727,1041671.0,1042017.1900000009,8,-0.03857634918936215,-0.3416876322324456
2021-01-26,405.2400000009511,506836.0,507241.2400000009,6,-0.5132122148579905,-0.6795415805628402
2021-01-27,7493.0900000009515,502080.0,509573.09000000096,6,0.004597122268686249,-0.6780683940266576
2021-01-28,16034.11000000095,507696.0,523730.110000001,6,0.027782118557320157,-0.6691244519821578
2021-01-29,526.4400000009482,502288.0,502814.44000000093,6,-0.03993597007435756,-0.6823382879661349
2021-02-01,1447.4000000009482,495626.0,497073.40000000095,6,-0.01141781051474966,-0.6859652892019286
2021-02-02,1545949.930000001,0.0,1545949.930000001,0,2.1101039202660976,-0.023319414847287723
2021-02-03,1545949.930000001,0.0,1545949.930000001,0,0.0,-0.023319414847287723
2021-02-04,1545949.930000001,0.0,1545949.930000001,0,0.0,-0.023319414847287723
2021-02-05,1545949.930000001,0.0,1545949.930000001,0,0.0,-0.023319414847287723
2021-02-08,-859.9799999988754,1361161.0,1360301.0200000012,6,-0.12008727216669934,-0.14060632209645263
2021-02-09,1462.8800000011247,1369742.0,1371204.880000001,6,0.008015769921277949,-0.13371762010257693
2021-02-10,431.3600000011247,1369447.0,1369878.360000001,6,-0.0009674119596190245,-0.1345556720372969
2021-02-18,-47.189999998874555,1433596.0,1433548.8100000012,7,0.04647890780609165,-0.0943307649066134
2021-02-19,-99.80999999889173,1256909.0,1256809.190000001,6,-0.12328817740080988,-0.20598907422926271
2021-02-22,6479.7000000011085,1271528.0,1278007.7000000011,6,0.016866927906534546,-0.19259654918728697
2021-02-23,7564.390000001109,1264176.0,1271740.390000001,6,-0.00490396888845035,-0.19655603059049997
2021-02-24,-393.8099999988908,1268866.0,1268472.190000001,6,-0.0025698641214029205,-0.19862077242104303
2021-02-25,1549.3000000011093,1264665.0,1266214.3000000012,6,-0.0017800074907435848,-0.20004723344905984
2021-02-26,8835.50000000111,1281317.0,1290152.5000000012,6,0.018905330637949636,-0.18492386190267185
2021-03-01,719487.2400000012,601259.0,1320746.2400000012,4,0.02371327420595626,-0.16559573794123805
2021-03-02,1783137.690000001,0.0,1783137.690000001,0,0.35009863060446755,0.0
2021-03-03,1783137.690000001,0.0,1783137.690000001,0,0.0,0.0
2021-03-04,1783137.690000001,0.0,1783137.690000001,0,0.0,0.0
2021-03-05,1783137.690000001,0.0,1783137.690000001,0,0.0,0.0
2021-03-08,1783137.690000001,0.0,1783137.690000001,0,0.0,0.0
2021-03-09,1783137.690000001,0.0,1783137.690000001,0,0.0,0.0
2021-03-10,1783137.690000001,0.0,1783137.690000001,0,0.0,0.0
2021-03-11,1783137.690000001,0.0,1783137.690000001,0,0.0,0.0
2021-03-12,1783137.690000001,0.0,1783137.690000001,0,0.0,0.0
2021-03-15,1783137.690000001,0.0,1783137.690000001,0,0.0,0.0
2021-03-16,1783137.690000001,0.0,1783137.690000001,0,0.0,0.0
2021-03-17,1783137.690000001,0.0,1783137.690000001,0,0.0,0.0
2021-03-18,1783137.690000001,0.0,1783137.690000001,0,0.0,0.0
2021-03-19,1783137.690000001,0.0,1783137.690000001,0,0.0,0.0
2021-03-22,2574.6700000010896,600248.0,602822.6700000011,6,-0.6619315079364394,-0.6619315079364394
2021-03-23,4671.38000000109,604528.0,609199.380000001,6,0.010578085923676372,-0.6583553903793034
2021-03-24,4198.360000001088,592900.0,597098.360000001,6,-0.01986380879113825,-0.665141753579332
2021-03-25,179.60000000108994,604827.0,605006.6000000011,6,0.013244451048232797,-0.6607067399265164
2021-03-26,6878.660000001089,611266.0,618144.6600000011,6,0.02171556475582226,-0.6533387951661767
2021-03-29,-676.6899999989109,634333.0,633656.3100000011,8,0.0250938833638068,-0.6446397193253199
2021-03-30,6216.210000001127,330921.0,337137.2100000011,6,-0.46794941566982806,-0.8109303550193026
2021-03-31,13830.58000000113,312000.0,325830.5800000011,6,-0.03353717615448015,-0.8172712170084853
2021-04-01,4983.640000001129,311200.0,316183.6400000011,6,-0.029607227166952743,-0.8226813095964558
2021-04-02,-512.4799999988709,331280.0,330767.5200000011,6,0.046124714106017484,-0.8145025356959389
2021-04-06,12999.590000001128,315700.0,328699.59000000113,6,-0.006251913730828229,-0.8156622498400553
2021-04-07,1843762.5000000014,0.0,1843762.5000000014,0,4.609263157279859,0.0
2021-04-08,1843762.5000000014,0.0,1843762.5000000014,0,0.0,0.0
2021-04-09,1843762.5000000014,0.0,1843762.5000000014,0,0.0,0.0
2021-04-12,1843762.5000000014,0.0,1843762.5000000014,0,0.0,0.0
2021-04-13,1843762.5000000014,0.0,1843762.5000000014,0,0.0,0.0
2021-04-14,1843762.5000000014,0.0,1843762.5000000014,0,0.0,0.0
2021-04-15,1843762.5000000014,0.0,1843762.5000000014,0,0.0,0.0
2021-04-16,1843762.5000000014,0.0,1843762.5000000014,0,0.0,0.0
2021-04-19,1843762.5000000014,0.0,1843762.5000000014,0,0.0,0.0
2021-04-20,1843762.5000000014,0.0,1843762.5000000014,0,0.0,0.0
2021-04-21,1843762.5000000014,0.0,1843762.5000000014,0,0.0,0.0
2021-04-22,1843762.5000000014,0.0,1843762.5000000014,0,0.0,0.0
2021-04-23,1843762.5000000014,0.0,1843762.5000000014,0,0.0,0.0
2021-04-26,1843762.5000000014,0.0,1843762.5000000014,0,0.0,0.0
2021-04-27,1843762.5000000014,0.0,1843762.5000000014,0,0.0,0.0
2021-04-28,1843762.5000000014,0.0,1843762.5000000014,0,0.0,0.0
2021-04-29,1843762.5000000014,0.0,1843762.5000000014,0,0.0,0.0
2021-04-30,1843762.5000000014,0.0,1843762.5000000014,0,0.0,0.0
2021-05-06,1843762.5000000014,0.0,1843762.5000000014,0,0.0,0.0
2021-05-07,1843762.5000000014,0.0,1843762.5000000014,0,0.0,0.0
2021-05-10,1843762.5000000014,0.0,1843762.5000000014,0,0.0,0.0
2021-05-11,1843762.5000000014,0.0,1843762.5000000014,0,0.0,0.0
2021-05-12,1843762.5000000014,0.0,1843762.5000000014,0,0.0,0.0
2021-05-13,1843762.5000000014,0.0,1843762.5000000014,0,0.0,0.0
2021-05-14,1843762.5000000014,0.0,1843762.5000000014,0,0.0,0.0
2021-05-17,1906.1200000013632,710246.0,712152.1200000014,6,-0.6137506213517192,-0.6137506213517192
2021-05-18,2709.8700000013628,709410.0,712119.8700000014,6,-4.5285268546302326e-05,-0.613768112758557
2021-05-19,305.07000000136304,697706.0,698011.0700000013,6,-0.019812394786849596,-0.6214202913878546
2021-05-20,-263.4899999986369,687990.0,687726.5100000014,6,-0.014734092970760337,-0.6269983200113893
2021-05-21,229.7800000013633,690830.0,691059.7800000013,6,0.00484679585784753,-0.6251904570138503
2021-05-24,-481.3299999986284,634084.0,633602.6700000013,7,-0.08314347276873768,-0.6563534240445823
2021-05-25,2270.320000001375,657950.0,660220.3200000013,6,0.04201000289345358,-0.6419168303943698
2021-05-26,9964.580000001375,684600.0,694564.5800000014,6,0.05201939255671495,-0.6232895614267018
2021-05-27,3458.020000001374,710332.0,713790.0200000014,6,0.027679845119657598,-0.6128622748320345
2021-05-28,967.1200000013705,658980.0000000001,659947.1200000015,6,-0.07543240797902973,-0.642065005660978
2021-05-31,1274725.7300000014,303715.0,1578440.7300000014,2,1.391768495027295,-0.14390235727215395
2021-06-01,1919070.0000000014,0.0,1919070.0000000014,0,0.2158011153196735,0.0
2021-06-02,1919070.0000000014,0.0,1919070.0000000014,0,0.0,0.0
2021-06-03,1919070.0000000014,0.0,1919070.0000000014,0,0.0,0.0
2021-06-04,1919070.0000000014,0.0,1919070.0000000014,0,0.0,0.0
2021-06-07,5275.040000001434,619422.0,624697.0400000014,6,-0.674479284236635,-0.674479284236635
2021-06-08,2587.930000001434,626445.0,629032.9300000014,6,0.0069407884500301,-0.672219913812419
2021-06-09,3111.4700000014345,623386.0,626497.4700000015,6,-0.004030726976407939,-0.6735411058481446
2021-06-10,-72.88999999856605,641656.0,641583.1100000014,6,0.02407933107854343,-0.6656801940523269
2021-06-11,8434.890000001435,630936.0,639370.8900000014,6,-0.0034480645851165947,-0.6668329503353182
2021-06-15,254.2100000014343,663457.0,663711.2100000015,6,0.03806917140065602,-0.6541495568165825
2021-06-16,1830439.7400000014,0.0,1830439.7400000014,1,1.757885828084774,-0.046183964107614606
2021-06-17,1918001.0600000015,0.0,1918001.0600000015,0,0.04783622103833918,-0.0005570093847540036
2021-06-18,1918001.0600000015,0.0,1918001.0600000015,0,0.0,-0.0005570093847540036
2021-06-21,1918001.0600000015,0.0,1918001.0600000015,0,0.0,-0.0005570093847540036
2021-06-22,1918001.0600000015,0.0,1918001.0600000015,0,0.0,-0.0005570093847540036
2021-06-23,1918001.0600000015,0.0,1918001.0600000015,0,0.0,-0.0005570093847540036
2021-06-24,1918001.0600000015,0.0,1918001.0600000015,0,0.0,-0.0005570093847540036
2021-06-25,1918001.0600000015,0.0,1918001.0600000015,0,0.0,-0.0005570093847540036
2021-06-28,1918001.0600000015,0.0,1918001.0600000015,0,0.0,-0.0005570093847540036
2021-06-29,1918001.0600000015,0.0,1918001.0600000015,0,0.0,-0.0005570093847540036
2021-06-30,1918001.0600000015,0.0,1918001.0600000015,0,0.0,-0.0005570093847540036
2021-07-01,1918001.0600000015,0.0,1918001.0600000015,0,0.0,-0.0005570093847540036
2021-07-02,1918001.0600000015,0.0,1918001.0600000015,0,0.0,-0.0005570093847540036
2021-07-05,1918001.0600000015,0.0,1918001.0600000015,0,0.0,-0.0005570093847540036
2021-07-06,1918001.0600000015,0.0,1918001.0600000015,0,0.0,-0.0005570093847540036
2021-07-07,1918001.0600000015,0.0,1918001.0600000015,0,0.0,-0.0005570093847540036
2021-07-08,1918001.0600000015,0.0,1918001.0600000015,0,0.0,-0.0005570093847540036
2021-07-09,1918001.0600000015,0.0,1918001.0600000015,0,0.0,-0.0005570093847540036
2021-07-12,1918001.0600000015,0.0,1918001.0600000015,0,0.0,-0.0005570093847540036
2021-07-13,1918001.0600000015,0.0,1918001.0600000015,0,0.0,-0.0005570093847540036
2021-07-14,1918001.0600000015,0.0,1918001.0600000015,0,0.0,-0.0005570093847540036
2021-07-15,1918001.0600000015,0.0,1918001.0600000015,0,0.0,-0.0005570093847540036
2021-07-16,1918001.0600000015,0.0,1918001.0600000015,0,0.0,-0.0005570093847540036
2021-07-19,1372.240000001504,1783379.0,1784751.2400000016,6,-0.06947327755908528,-0.0699915896762493
2021-07-20,-481.41999999849577,1786000.0,1785518.5800000015,6,0.00042994227027404186,-0.06959173974894084
2021-07-21,-589.5699999984959,1785793.0,1785203.4300000016,6,-0.00017650334391927647,-0.06975595991808514
2021-07-22,-277.55999999849564,1800400.0,1800122.4400000016,6,0.008357036374280424,-0.061981876638163125
2021-07-23,150.57000000150515,1803686.0,1803836.5700000015,6,0.0020632652076710833,-0.06004649648006577
2021-07-26,519672.29000000155,1303044.0,1822716.2900000014,5,0.010466424904557625,-0.05020854372169847
2021-07-27,1979949.4600000014,0.0,1979949.4600000014,0,0.08626310680528326,0.0
2021-07-28,1979949.4600000014,0.0,1979949.4600000014,0,0.0,0.0
2021-07-29,1979949.4600000014,0.0,1979949.4600000014,0,0.0,0.0
2021-07-30,1979949.4600000014,0.0,1979949.4600000014,0,0.0,0.0
2021-08-02,9573.520000001125,1462845.0,1472418.5200000012,6,-0.2563353005990364,-0.2563353005990364
2021-08-03,921.9700000011253,1479920.0,1480841.9700000011,6,0.0057208258967023085,-0.25208092432824014
2021-08-04,1107.4900000011257,1477179.0,1478286.4900000012,6,-0.0017256939307305208,-0.25337160373780443
2021-08-05,-1094.5299999988742,1485728.0,1484633.4700000011,6,0.00429347088195331,-0.2501659764588132
2021-08-06,6135.160000001126,1483748.0,1489883.160000001,6,0.0035360175464722587,-0.24751455019462965
2021-08-09,19372.710000001127,1508357.0,1527729.7100000011,7,0.02540236108179106,-0.2283996430898796
2021-08-10,-1192.3299999989104,1485782.0,1484589.670000001,6,-0.028238005530441646,-0.2501880982355984
2021-08-11,-895.6399999989117,1524935.0,1524039.360000001,6,0.02657279031181714,-0.230263503796708
2021-08-12,7047.330000001088,1549975.0,1557022.330000001,6,0.021641809828323533,-0.2136050129279563
2021-08-13,3746.9000000010874,1584555.0,1588301.900000001,6,0.02008935221885988,-0.19780684704952012
2021-08-16,-762.099999998878,1572161.0,1571398.900000001,8,-0.010642183327993271,-0.2063439336476801
2021-08-17,-460.92999999882886,1545113.0,1544652.0700000012,6,-0.017021031388019803,-0.21985277846435525
2021-08-18,-845.0899999988292,1556645.0,1555799.910000001,6,0.007217055682966711,-0.2142224125256207
2021-08-19,290.36000000117065,1544518.0,1544808.3600000013,6,-0.007064886640853363,-0.21977384210605044
2021-08-20,3691.2600000011707,1560527.0,1564218.2600000012,6,0.012564600569613615,-0.2099706120781486
2021-08-23,-1566.9599999988286,1590284.0,1588717.0400000012,7,0.015661995916094185,-0.19759717503092222
2021-08-24,-1110.0999999986961,1363689.0,1362578.9000000013,6,-0.14234009852377472,-0.31181127219277593
2021-08-25,13559.360000001303,1360080.0,1373639.3600000013,6,0.00811729874871836,-0.30622503869366424
2021-08-26,-699.0999999986961,1359196.0,1358496.9000000013,6,-0.011023606661940688,-0.3138729409790084
2021-08-27,1243.7500000013038,1396625.0,1397868.7500000014,6,0.028981921121792764,-0.2939876606749344
2021-08-30,17832.950000001307,1370665.0,1388497.9500000014,7,-0.006703633656593322,-0.29872050875480405
2021-08-31,-922.2199999986915,1384432.0,1383509.7800000012,6,-0.0035924936007288855,-0.30123985083942484
2021-09-01,1421.7100000013088,1371011.0,1372432.7100000014,6,-0.00800649923848018,-0.30683447344155923
2021-09-02,5823.810000001309,1360425.0,1366248.8100000012,6,-0.004505794677540198,-0.3099577349817807
2021-09-03,3594.0600000013073,1397008.0,1400602.0600000012,6,0.025144212202461214,-0.2926071658414956
2021-09-06,115058.3800000013,1297720.0,1412778.3800000013,7,0.008693632793885797,-0.28645735230029545
2021-09-07,7376.680000001274,1310565.0,1317941.6800000013,6,-0.0671277967886229,-0.33435589815509714
2021-09-08,9948.710000001272,1340103.0,1350051.7100000014,6,0.024363771544124724,-0.31813829732805377
2021-09-09,2468.410000001273,1368290.0,1370758.4100000013,6,0.015337708805242656,-0.3076801010870245
2021-09-10,5003.540000001271,1339791.0,1344794.5400000012,6,-0.018941244358296583,-0.32079350146644636
2021-09-13,6900.52000000127,1365363.0,1372263.5200000012,6,0.020426153723080986,-0.3069199251176844
2021-09-14,2417215.030000001,0.0,2417215.030000001,0,0.7614802075333162,0.0
2021-09-15,2417215.030000001,0.0,2417215.030000001,0,0.0,0.0
2021-09-16,2417215.030000001,0.0,2417215.030000001,0,0.0,0.0
2021-09-17,2417215.030000001,0.0,2417215.030000001,0,0.0,0.0
2021-09-22,2417215.030000001,0.0,2417215.030000001,0,0.0,0.0
2021-09-23,2417215.030000001,0.0,2417215.030000001,0,0.0,0.0
2021-09-24,2417215.030000001,0.0,2417215.030000001,0,0.0,0.0
2021-09-27,18063.49000000104,1863962.0,1882025.4900000012,6,-0.2214075013425677,-0.2214075013425677
2021-09-28,2520.610000001039,1863308.0,1865828.610000001,6,-0.008606089601900235,-0.2281081381493809
2021-09-29,213.61000000103923,1825880.0,1826093.610000001,6,-0.02129616824773628,-0.24454647710841015
2021-09-30,15286.670000001039,1857597.0,1872883.670000001,6,0.02562303473588079,-0.22518946525001537
2021-10-08,1075196.520000001,1365658.0,2440854.520000001,3,0.30326007914842856,0.0
2021-10-11,2446974.890000001,0.0,2446974.890000001,0,0.0025074702117027226,0.0
2021-10-12,2446974.890000001,0.0,2446974.890000001,0,0.0,0.0
2021-10-13,2446974.890000001,0.0,2446974.890000001,0,0.0,0.0
2021-10-14,2446974.890000001,0.0,2446974.890000001,0,0.0,0.0
2021-10-15,2446974.890000001,0.0,2446974.890000001,0,0.0,0.0
2021-10-18,2446974.890000001,0.0,2446974.890000001,0,0.0,0.0
2021-10-19,2446974.890000001,0.0,2446974.890000001,0,0.0,0.0
2021-10-20,2446974.890000001,0.0,2446974.890000001,0,0.0,0.0
2021-10-21,2446974.890000001,0.0,2446974.890000001,0,0.0,0.0
2021-10-22,2446974.890000001,0.0,2446974.890000001,0,0.0,0.0
2021-10-25,-1820.089999999036,1981763.53,1979943.4400000009,6,-0.19086074479497417,-0.19086074479497417
2021-10-26,66283.26000000097,1893699.39,1959982.6500000008,6,-0.010081495055232481,-0.19901807819531814
2021-10-27,5545.910000000968,1943649.54,1949195.4500000011,6,-0.0055037221885611,-0.20342646017099086
2021-10-28,46372.67000000097,1921643.2,1968015.870000001,6,0.00965548118840509,-0.1957351593419906
2021-10-29,-788.2799999990239,1966301.96,1965513.6800000009,6,-0.001271427755305754,-0.19675772398301972
2021-11-01,368883.72000000096,1589245.5,1958129.220000001,5,-0.003757012772355739,-0.19977551547331163
2021-11-02,2526095.200000001,0.0,2526095.200000001,0,0.290055413196888,0.0
2021-11-03,2526095.200000001,0.0,2526095.200000001,0,0.0,0.0
2021-11-04,2526095.200000001,0.0,2526095.200000001,0,0.0,0.0
2021-11-05,2526095.200000001,0.0,2526095.200000001,0,0.0,0.0
2021-11-08,2526095.200000001,0.0,2526095.200000001,0,0.0,0.0
2021-11-09,2526095.200000001,0.0,2526095.200000001,0,0.0,0.0
2021-11-10,2526095.200000001,0.0,2526095.200000001,0,0.0,0.0
2021-11-11,2526095.200000001,0.0,2526095.200000001,0,0.0,0.0
2021-11-12,2526095.200000001,0.0,2526095.200000001,0,0.0,0.0
2021-11-15,2526095.200000001,0.0,2526095.200000001,0,0.0,0.0
2021-11-16,2526095.200000001,0.0,2526095.200000001,0,0.0,0.0
2021-11-17,2526095.200000001,0.0,2526095.200000001,0,0.0,0.0
2021-11-18,2526095.200000001,0.0,2526095.200000001,0,0.0,0.0
2021-11-19,2526095.200000001,0.0,2526095.200000001,0,0.0,0.0
2021-11-22,2526095.200000001,0.0,2526095.200000001,0,0.0,0.0
2021-11-23,2526095.200000001,0.0,2526095.200000001,0,0.0,0.0
2021-11-24,2526095.200000001,0.0,2526095.200000001,0,0.0,0.0
2021-11-25,2526095.200000001,0.0,2526095.200000001,0,0.0,0.0
2021-11-26,2526095.200000001,0.0,2526095.200000001,0,0.0,0.0
2021-11-29,38674.180000001215,1287276.0,1325950.180000001,6,-0.47509888780121967,-0.47509888780121967
2021-11-30,-794.8199999987846,1343138.0,1342343.180000001,6,0.012363209604149716,-0.4686094253296549
2021-12-01,15633.610000001216,1342272.0,1357905.6100000013,6,0.011593480886162189,-0.4624487588591275
2021-12-02,-265.9699999987861,1370061.0,1369795.0300000012,6,0.008755704308490042,-0.45774211914103613
2021-12-03,10359.590000001213,1365587.0,1375946.5900000012,6,0.004490861672932223,-0.45530691400704115
2021-12-06,-1684.349999998787,1361256.0,1359571.6500000013,6,-0.011900854378366521,-0.46178922710434633
2021-12-07,2626017.190000001,0.0,2626017.190000001,0,0.93150334518964,0.0
2021-12-08,2626017.190000001,0.0,2626017.190000001,0,0.0,0.0
2021-12-09,2626017.190000001,0.0,2626017.190000001,0,0.0,0.0
2021-12-10,2626017.190000001,0.0,2626017.190000001,0,0.0,0.0
2021-12-13,-1402.7999999991735,2127329.0,2125926.2000000007,6,-0.19043705879168293,-0.19043705879168293
2021-12-14,-1184.9799999991742,2116308.0,2115123.020000001,6,-0.00508163453651389,-0.19455096179320885
2021-12-15,3811.890000000827,2123249.0,2127060.8900000006,6,0.0056440546895468735,-0.19000496337192674
2021-12-16,73.8500000008271,2201208.0,2201281.850000001,6,0.03489366964008278,-0.16174126415372003
2021-12-17,28272.010000000828,2152882.0,2181154.0100000007,6,-0.009143690527408044,-0.16940604261619474
2021-12-20,9265.81000000083,2134189.0,2143454.810000001,6,-0.01728406147716255,-0.18376207963817626
2021-12-21,-806.3399999991707,2204412.0,2203605.6600000006,6,0.028062569697935302,-0.16085634610792476
2021-12-22,11824.240000000831,2182785.0,2194609.2400000007,6,-0.004082590711806389,-0.16428222619517585
2021-12-23,2343.0900000008296,2179082.0,2181425.090000001,6,-0.006007515943931785,-0.1693028140459355
2021-12-24,14666.650000000831,2149400.0,2164066.650000001,6,-0.007957385325571664,-0.17591299164344
2021-12-27,-480.56999999916843,2194341.0,2193860.4300000006,6,0.0137674964863026,-0.16456737665148347
2021-12-28,2685841.670000001,0.0,2685841.670000001,0,0.22425366412210646,0.0
2021-12-29,2685841.670000001,0.0,2685841.670000001,0,0.0,0.0
2021-12-30,2685841.670000001,0.0,2685841.670000001,0,0.0,0.0
2021-12-31,2685841.670000001,0.0,2685841.670000001,0,0.0,0.0
2022-01-04,2685841.670000001,0.0,2685841.670000001,0,0.0,0.0
2022-01-05,2685841.670000001,0.0,2685841.670000001,0,0.0,0.0
2022-01-06,2685841.670000001,0.0,2685841.670000001,0,0.0,0.0
2022-01-07,2685841.670000001,0.0,2685841.670000001,0,0.0,0.0
2022-01-10,2685841.670000001,0.0,2685841.670000001,0,0.0,0.0
2022-01-11,2685841.670000001,0.0,2685841.670000001,0,0.0,0.0
2022-01-12,2685841.670000001,0.0,2685841.670000001,0,0.0,0.0
2022-01-13,2685841.670000001,0.0,2685841.670000001,0,0.0,0.0
2022-01-14,2685841.670000001,0.0,2685841.670000001,0,0.0,0.0
2022-01-17,2685841.670000001,0.0,2685841.670000001,0,0.0,0.0
2022-01-18,2685841.670000001,0.0,2685841.670000001,0,0.0,0.0
2022-01-19,2685841.670000001,0.0,2685841.670000001,0,0.0,0.0
2022-01-20,2685841.670000001,0.0,2685841.670000001,0,0.0,0.0
2022-01-21,2685841.670000001,0.0,2685841.670000001,0,0.0,0.0
2022-01-24,2685841.670000001,0.0,2685841.670000001,0,0.0,0.0
2022-01-25,2685841.670000001,0.0,2685841.670000001,0,0.0,0.0
2022-01-26,2685841.670000001,0.0,2685841.670000001,0,0.0,0.0
2022-01-27,2685841.670000001,0.0,2685841.670000001,0,0.0,0.0
2022-01-28,2685841.670000001,0.0,2685841.670000001,0,0.0,0.0
2022-02-07,2685841.670000001,0.0,2685841.670000001,0,0.0,0.0
2022-02-08,2685841.670000001,0.0,2685841.670000001,0,0.0,0.0
2022-02-09,2685841.670000001,0.0,2685841.670000001,0,0.0,0.0
2022-02-10,2685841.670000001,0.0,2685841.670000001,0,0.0,0.0
2022-02-11,2685841.670000001,0.0,2685841.670000001,0,0.0,0.0
2022-02-14,2685841.670000001,0.0,2685841.670000001,0,0.0,0.0
2022-02-15,2685841.670000001,0.0,2685841.670000001,0,0.0,0.0
2022-02-16,2685841.670000001,0.0,2685841.670000001,0,0.0,0.0
2022-02-17,2685841.670000001,0.0,2685841.670000001,0,0.0,0.0
2022-02-18,2685841.670000001,0.0,2685841.670000001,0,0.0,0.0
2022-02-21,-1787.1799999994691,1764969.9500000002,1763182.7700000007,6,-0.34352691385564804,-0.34352691385564804
2022-02-22,-1292.1999999994691,1738421.1,1737128.9000000006,6,-0.014776613317291076,-0.35322736280281186
2022-02-23,7217.770000000532,1778926.63,1786144.4000000004,6,0.028216386245142555,-0.3349777762588665
2022-02-24,-973.0299999994686,1743340.96,1742367.9300000004,6,-0.024508919883521108,-0.351276752661299
2022-02-25,-655.2299999994684,1792702.0,1792046.7700000005,6,0.028512255732346947,-0.3327801895336593
2022-02-28,1810948.5700000008,406935.18,2217883.750000001,2,0.23762604142301513,-0.17423138721352838
2022-03-01,2690189.4300000006,0.0,2690189.4300000006,0,0.2129533074039609,0.0
2022-03-02,2690189.4300000006,0.0,2690189.4300000006,0,0.0,0.0
2022-03-03,2690189.4300000006,0.0,2690189.4300000006,0,0.0,0.0
2022-03-04,2690189.4300000006,0.0,2690189.4300000006,0,0.0,0.0
2022-03-07,2690189.4300000006,0.0,2690189.4300000006,0,0.0,0.0
2022-03-08,2690189.4300000006,0.0,2690189.4300000006,0,0.0,0.0
2022-03-09,2690189.4300000006,0.0,2690189.4300000006,0,0.0,0.0
2022-03-10,2690189.4300000006,0.0,2690189.4300000006,0,0.0,0.0
2022-03-11,2690189.4300000006,0.0,2690189.4300000006,0,0.0,0.0
2022-03-14,2690189.4300000006,0.0,2690189.4300000006,0,0.0,0.0
2022-03-15,2690189.4300000006,0.0,2690189.4300000006,0,0.0,0.0
2022-03-16,2690189.4300000006,0.0,2690189.4300000006,0,0.0,0.0
2022-03-17,2690189.4300000006,0.0,2690189.4300000006,0,0.0,0.0
2022-03-18,2690189.4300000006,0.0,2690189.4300000006,0,0.0,0.0
2022-03-21,2690189.4300000006,0.0,2690189.4300000006,0,0.0,0.0
2022-03-22,2690189.4300000006,0.0,2690189.4300000006,0,0.0,0.0
2022-03-23,2690189.4300000006,0.0,2690189.4300000006,0,0.0,0.0
2022-03-24,2690189.4300000006,0.0,2690189.4300000006,0,0.0,0.0
2022-03-25,2690189.4300000006,0.0,2690189.4300000006,0,0.0,0.0
2022-03-28,11113.950000000768,1806190.0,1817303.9500000007,6,-0.3244698943003429,-0.3244698943003429
2022-03-29,1296.5000000007672,1781230.0,1782526.5000000007,6,-0.019136837291307218,-0.3373974040184968
2022-03-30,1444.460000000768,1788365.0,1789809.4600000007,6,0.004085751319826025,-0.3346901745874452
2022-03-31,1619.1000000007682,1768109.0,1769728.1000000008,6,-0.011219831188063911,-0.3421548385163343
2022-04-01,805.7900000007676,1765356.0,1766161.7900000007,6,-0.002015173969379891,-0.3434805109616388
2022-04-06,1200.0700000007691,1738495.0,1739695.0700000008,6,-0.014985444793254143,-0.35331874752031855
2022-04-07,2409.850000000769,1696588.0,1698997.8500000008,6,-0.023393306506294786,-0.3684467602714503
2022-04-08,3585.110000000769,1665838.0,1669423.1100000008,6,-0.01740716740753967,-0.3794403132421792
2022-04-11,2453.6200000007702,1608370.0,1610823.6200000008,6,-0.035101640590083805,-0.4012229763314472
2022-04-12,-965.8999999992293,1640724.0,1639758.1000000008,6,0.017962537698571923,-0.3904674214707622
2022-04-13,809.1100000007682,1661604.0,1662413.1100000008,6,0.013816068357887623,-0.38204607769944277
2022-04-14,15433.85000000077,1682006.0,1697439.8500000008,6,0.02106981699633015,-0.36902590164440563
2022-04-15,23759.900000000765,1657825.0,1681584.9000000008,6,-0.009340507706355528,-0.37491952007260676
2022-04-18,1248419.970000001,405840.0,1654259.970000001,3,-0.01624950961441196,-0.3850767713409682
2022-04-19,2563386.290000001,0.0,2563386.290000001,0,0.5495667769800412,-0.04713539447666315
2022-04-20,2563386.290000001,0.0,2563386.290000001,0,0.0,-0.04713539447666315
2022-04-21,2563386.290000001,0.0,2563386.290000001,0,0.0,-0.04713539447666315
2022-04-22,2563386.290000001,0.0,2563386.290000001,0,0.0,-0.04713539447666315
2022-04-25,2563386.290000001,0.0,2563386.290000001,0,0.0,-0.04713539447666315
2022-04-26,2563386.290000001,0.0,2563386.290000001,0,0.0,-0.04713539447666315
2022-04-27,2563386.290000001,0.0,2563386.290000001,0,0.0,-0.04713539447666315
2022-04-28,2563386.290000001,0.0,2563386.290000001,0,0.0,-0.04713539447666315
2022-04-29,2563386.290000001,0.0,2563386.290000001,0,0.0,-0.04713539447666315
2022-05-05,2563386.290000001,0.0,2563386.290000001,0,0.0,-0.04713539447666315
2022-05-06,2563386.290000001,0.0,2563386.290000001,0,0.0,-0.04713539447666315
2022-05-09,2563386.290000001,0.0,2563386.290000001,0,0.0,-0.04713539447666315
2022-05-10,2563386.290000001,0.0,2563386.290000001,0,0.0,-0.04713539447666315
2022-05-11,2563386.290000001,0.0,2563386.290000001,0,0.0,-0.04713539447666315
2022-05-12,2563386.290000001,0.0,2563386.290000001,0,0.0,-0.04713539447666315
2022-05-13,2563386.290000001,0.0,2563386.290000001,0,0.0,-0.04713539447666315
2022-05-16,6587.470000000903,1747424.0,1754011.470000001,6,-0.315744382014308,-0.3479970404909365
2022-05-17,5240.670000000904,1739228.0,1744468.6700000009,6,-0.0054405573527976925,-0.3515442999863394
2022-05-18,-483.67999999909625,1747576.0,1747092.320000001,6,0.001503982298518558,-0.35056903409214546
2022-05-19,2824.8200000009033,1748206.0,1751030.820000001,6,0.0022543170471953644,-0.3491050107947229
2022-05-20,-55.69999999909851,1817580.0,1817524.300000001,6,0.03797390613604379,-0.3243879855702204
2022-05-23,835.6700000009023,1923234.0,1924069.6700000009,6,0.058621152960650846,-0.28478283033027885
2022-05-24,5786.290000001027,2443173.0,2448959.290000001,6,0.27280177437649633,-0.08967031737984321
2022-05-25,41958.51000000103,2420779.6,2462738.1100000013,6,0.005626398142371869,-0.08454844014460328
2022-05-26,1862.0500000010252,2453760.6,2455622.6500000013,6,-0.0028892475294500786,-0.08719340630224659
2022-05-27,5591.2700000010245,2470622.07,2476213.340000001,6,0.008385119757711834,-0.07953941369846207
2022-05-30,-2919.7499999989773,2437634.58,2434714.830000001,6,-0.01675885891156692,-0.09496528279794769
2022-05-31,2775147.820000001,0.0,2775147.820000001,0,0.1398245847132742,0.0
2022-06-01,2775147.820000001,0.0,2775147.820000001,0,0.0,0.0
2022-06-02,2775147.820000001,0.0,2775147.820000001,0,0.0,0.0
2022-06-06,2775147.820000001,0.0,2775147.820000001,0,0.0,0.0
2022-06-07,2775147.820000001,0.0,2775147.820000001,0,0.0,0.0
2022-06-08,2775147.820000001,0.0,2775147.820000001,0,0.0,0.0
2022-06-09,2775147.820000001,0.0,2775147.820000001,0,0.0,0.0
2022-06-10,2775147.820000001,0.0,2775147.820000001,0,0.0,0.0
2022-06-13,2945.160000001546,932156.5800000001,935101.7400000016,6,-0.6630443491114641,-0.6630443491114641
2022-06-14,-172.14999999845395,917155.79,916983.6400000015,6,-0.019375538751537413,-0.6695730463828045
2022-06-15,-2927.289999998454,932312.55,929385.2600000016,6,0.01352436342266694,-0.6651042321774409
2022-06-16,2123.710000001546,947102.1,949225.8100000016,6,0.021348036012535765,-0.657954865265519
2022-06-17,-1165.6599999984537,930276.8999999999,929111.2400000015,6,-0.021190500498506237,-0.6652029728636217
2022-06-20,129106.69000000154,813171.5,942278.1900000016,7,0.014171553881965782,-0.6604583787540366
2022-06-21,9108.58000000153,483639.99999999994,492748.5800000015,6,-0.4770667672993677,-0.8224424023654346
2022-06-22,-3081.40999999847,480508.0,477426.59000000154,6,-0.03109494501232224,-0.8279635461004015
2022-06-23,13893.070000001531,488761.0,502654.0700000015,6,0.05284054245910319,-0.8188730465536062
2022-06-24,14627.650000001533,491512.00000000006,506139.6500000016,6,0.006934351491474144,-0.817617048593829
2022-06-27,999512.4100000015,0.0,999512.4100000015,4,0.9747759536325566,-0.6398345332105584
2022-06-28,3074490.6500000013,0.0,3074490.6500000013,0,2.075990472194334,0.0
2022-06-29,3074490.6500000013,0.0,3074490.6500000013,0,0.0,0.0
2022-06-30,3074490.6500000013,0.0,3074490.6500000013,0,0.0,0.0
2022-07-01,3074490.6500000013,0.0,3074490.6500000013,0,0.0,0.0
2022-07-04,3074490.6500000013,0.0,3074490.6500000013,0,0.0,0.0
2022-07-05,3074490.6500000013,0.0,3074490.6500000013,0,0.0,0.0
2022-07-06,3074490.6500000013,0.0,3074490.6500000013,0,0.0,0.0
2022-07-07,3074490.6500000013,0.0,3074490.6500000013,0,0.0,0.0
2022-07-08,3074490.6500000013,0.0,3074490.6500000013,0,0.0,0.0
2022-07-11,3074490.6500000013,0.0,3074490.6500000013,0,0.0,0.0
2022-07-12,3074490.6500000013,0.0,3074490.6500000013,0,0.0,0.0
2022-07-13,3074490.6500000013,0.0,3074490.6500000013,0,0.0,0.0
2022-07-14,3074490.6500000013,0.0,3074490.6500000013,0,0.0,0.0
2022-07-15,3074490.6500000013,0.0,3074490.6500000013,0,0.0,0.0
2022-07-18,3074490.6500000013,0.0,3074490.6500000013,0,0.0,0.0
2022-07-19,3074490.6500000013,0.0,3074490.6500000013,0,0.0,0.0
2022-07-20,3074490.6500000013,0.0,3074490.6500000013,0,0.0,0.0
2022-07-21,3074490.6500000013,0.0,3074490.6500000013,0,0.0,0.0
2022-07-22,3074490.6500000013,0.0,3074490.6500000013,0,0.0,0.0
2022-07-25,3074490.6500000013,0.0,3074490.6500000013,0,0.0,0.0
2022-07-26,3074490.6500000013,0.0,3074490.6500000013,0,0.0,0.0
2022-07-27,3074490.6500000013,0.0,3074490.6500000013,0,0.0,0.0
2022-07-28,3074490.6500000013,0.0,3074490.6500000013,0,0.0,0.0
2022-07-29,3074490.6500000013,0.0,3074490.6500000013,0,0.0,0.0
2022-08-01,-1603.9099999982864,2585450.0,2583846.0900000017,6,-0.15958564063286362,-0.15958564063286362
2022-08-02,-2188.1999999982845,2464602.0,2462413.8000000017,6,-0.046996719529838527,-0.1990823585688899
2022-08-03,894.8300000017161,2431261.0,2432155.830000002,6,-0.012287930647562062,-0.2089239790012043
2022-08-04,-2772.419999998284,2484275.0,2481502.580000002,6,0.02028930440694654,-0.19287359680212368
2022-08-05,-1035.9799999982833,2516588.0,2515552.020000002,6,0.013721299455590197,-0.18179877372533204
2022-08-08,-1669.3099999982824,2537952.0,2536282.690000002,7,0.008241002306921041,-0.17505597553207697
2022-08-09,2327.9400000016904,2570474.0,2572801.940000002,6,0.014398730135243731,-0.16317782914708145
2022-08-10,-547.7799999983099,2591216.0,2590668.2200000016,6,0.006944288917941188,-0.15736669421973992
2022-08-11,341.500000001688,2632830.0,2633171.500000002,6,0.0164062999931347,-0.14354219942090218
2022-08-12,-1039.7299999983122,2632729.0,2631689.270000002,6,-0.0005629067457246784,-0.14402430529427668
2022-08-15,-3059.8199999983117,2690230.0,2687170.1800000016,7,0.021081861993532236,-0.1259787438286728
2022-08-16,-2993.0799999983283,2687433.0,2684439.920000002,6,-0.0010160353893179375,-0.12686678035595889
2022-08-17,-2797.959999998328,2737868.0,2735070.040000002,6,0.018860589735232303,-0.11039897291605005
2022-08-18,17141.09000000167,2661035.0,2678176.0900000017,6,-0.020801642798149333,-0.12890413571431725
2022-08-19,-1786.90999999833,2678567.0,2676780.0900000017,6,-0.0005212502662585994,-0.1293581946655129
2022-08-22,-2713.999999998334,2740110.0,2737396.000000002,7,0.022645084004640825,-0.10964243784576133
2022-08-23,808.1000000014901,2767699.0,2768507.1000000015,6,0.011365217162587982,-0.09952333079952602
2022-08-24,10247.81000000149,2701134.0,2711381.8100000015,6,-0.02063396911642379,-0.11810373858186873
2022-08-25,-1487.8499999985106,2771059.0,2769571.1500000013,6,0.021461138296859694,-0.09917724095209068
2022-08-26,19863.99000000149,2724306.0,2744169.9900000016,6,-0.009171513791945585,-0.10743914931079712
2022-08-29,-1888.0199999985089,2745313.0,2743424.9800000014,8,-0.0002714882834209398,-0.10768146912399934
2022-08-30,-1701.6099999984726,2737258.0,2735556.3900000015,6,-0.0028681629923774654,-0.11024078411167049
2022-08-31,-2951.929999998473,2667293.0,2664341.0700000017,6,-0.0260332122051411,-0.1334040745903714
2022-09-01,9376.15000000153,2671574.0,2680950.1500000013,6,0.00623384152540174,-0.1280018529248088
2022-09-02,-2033.8799999984712,2701450.0,2699416.1200000015,6,0.006887845340951326,-0.12199566455015876
2022-09-05,2117859.1900000013,1091970.0,3209829.1900000013,2,0.18908276727635442,0.0
2022-09-06,3214152.1500000013,0.0,3214152.1500000013,0,0.0013467881759776645,0.0
2022-09-07,3214152.1500000013,0.0,3214152.1500000013,0,0.0,0.0
2022-09-08,3214152.1500000013,0.0,3214152.1500000013,0,0.0,0.0
2022-09-09,3214152.1500000013,0.0,3214152.1500000013,0,0.0,0.0
2022-09-13,3214152.1500000013,0.0,3214152.1500000013,0,0.0,0.0
2022-09-14,3214152.1500000013,0.0,3214152.1500000013,0,0.0,0.0
2022-09-15,3214152.1500000013,0.0,3214152.1500000013,0,0.0,0.0
2022-09-16,3214152.1500000013,0.0,3214152.1500000013,0,0.0,0.0
2022-09-19,2869.0500000008033,1571327.0,1574196.0500000007,6,-0.5102297661919956,-0.5102297661919956
2022-09-20,-2455.8299999991978,1613930.0,1611474.1700000009,6,0.023680735318831525,-0.498631646918146
2022-09-21,8564.610000000801,1628452.0,1637016.6100000008,6,0.01585035644722743,-0.49068477981043923
2022-09-22,3659.4100000008,1617755.0,1621414.4100000008,6,-0.009530874582879156,-0.49553899929721745
2022-09-23,5184.920000000799,1600070.0,1605254.9200000009,6,-0.00996629233115054,-0.500566605099886
2022-09-26,-2903.949999999202,1537520.0,1534616.0500000007,7,-0.0440047677910248,-0.5225440556695488
2022-09-27,-2917.9999999993015,2045802.0,2042884.0000000007,6,0.3312020293284432,-0.3644096779923751
2022-09-28,-2954.929999999302,2009088.0,2006133.0700000008,6,-0.017989729225937445,-0.3758437757839187
2022-09-29,2211.9900000006974,1987686.0,1989897.9900000007,6,-0.008092723380508371,-0.3808948994527219
2022-09-30,-574.5199999993038,1995918.0,1995343.4800000007,6,0.002736567415699609,-0.3792006766076709
2022-10-10,1992746.6700000009,0.0,1992746.6700000009,2,-0.0013014350792375229,-0.3800086066243006
2022-10-11,2976080.670000001,0.0,2976080.670000001,0,0.4934566017867186,-0.07406976051211522
2022-10-12,2976080.670000001,0.0,2976080.670000001,0,0.0,-0.07406976051211522
2022-10-13,2976080.670000001,0.0,2976080.670000001,0,0.0,-0.07406976051211522
2022-10-14,2976080.670000001,0.0,2976080.670000001,0,0.0,-0.07406976051211522
2022-10-17,2976080.670000001,0.0,2976080.670000001,0,0.0,-0.07406976051211522
2022-10-18,2976080.670000001,0.0,2976080.670000001,0,0.0,-0.07406976051211522
2022-10-19,2976080.670000001,0.0,2976080.670000001,0,0.0,-0.07406976051211522
2022-10-20,2976080.670000001,0.0,2976080.670000001,0,0.0,-0.07406976051211522
2022-10-21,2976080.670000001,0.0,2976080.670000001,0,0.0,-0.07406976051211522
2022-10-24,2976080.670000001,0.0,2976080.670000001,0,0.0,-0.07406976051211522
2022-10-25,2976080.670000001,0.0,2976080.670000001,0,0.0,-0.07406976051211522
2022-10-26,2976080.670000001,0.0,2976080.670000001,0,0.0,-0.07406976051211522
2022-10-27,2976080.670000001,0.0,2976080.670000001,0,0.0,-0.07406976051211522
2022-10-28,2976080.670000001,0.0,2976080.670000001,0,0.0,-0.07406976051211522
2022-10-31,12117.310000000696,394394.0,406511.3100000007,6,-0.8634071602635689,-0.8735245591905161
2022-11-01,1457.3200000006964,403252.0,404709.3200000007,6,-0.00443281639568649,-0.874085201598188
2022-11-02,19869.680000000695,411820.0,431689.6800000007,6,0.06666602093571727,-0.8656909630118161
2022-11-03,-918.1199999993041,417186.0,416267.8800000007,6,-0.03572427304725001,-0.8704890557218953
2022-11-04,930.240000000696,426075.00000000006,427005.24000000075,6,0.02579435146425424,-0.8671484049067184
2022-11-07,2188659.7900000005,0.0,2188659.7900000005,2,4.125604055819073,-0.3190553253678424
2022-11-08,3277535.4100000006,0.0,3277535.4100000006,0,0.49750793840828034,0.0
2022-11-09,3277535.4100000006,0.0,3277535.4100000006,0,0.0,0.0
2022-11-10,3277535.4100000006,0.0,3277535.4100000006,0,0.0,0.0
2022-11-11,3277535.4100000006,0.0,3277535.4100000006,0,0.0,0.0
2022-11-14,3277535.4100000006,0.0,3277535.4100000006,0,0.0,0.0
2022-11-15,3277535.4100000006,0.0,3277535.4100000006,0,0.0,0.0
2022-11-16,3277535.4100000006,0.0,3277535.4100000006,0,0.0,0.0
2022-11-17,3277535.4100000006,0.0,3277535.4100000006,0,0.0,0.0
2022-11-18,3277535.4100000006,0.0,3277535.4100000006,0,0.0,0.0
2022-11-21,3277535.4100000006,0.0,3277535.4100000006,0,0.0,0.0
2022-11-22,3277535.4100000006,0.0,3277535.4100000006,0,0.0,0.0
2022-11-23,3277535.4100000006,0.0,3277535.4100000006,0,0.0,0.0
2022-11-24,3277535.4100000006,0.0,3277535.4100000006,0,0.0,0.0
2022-11-25,3277535.4100000006,0.0,3277535.4100000006,0,0.0,0.0
2022-11-28,3277535.4100000006,0.0,3277535.4100000006,0,0.0,0.0
2022-11-29,3277535.4100000006,0.0,3277535.4100000006,0,0.0,0.0
2022-11-30,3277535.4100000006,0.0,3277535.4100000006,0,0.0,0.0
2022-12-01,3277535.4100000006,0.0,3277535.4100000006,0,0.0,0.0
2022-12-02,3277535.4100000006,0.0,3277535.4100000006,0,0.0,0.0
2022-12-05,3277535.4100000006,0.0,3277535.4100000006,0,0.0,0.0
2022-12-06,3277535.4100000006,0.0,3277535.4100000006,0,0.0,0.0
2022-12-07,3277535.4100000006,0.0,3277535.4100000006,0,0.0,0.0
2022-12-08,3277535.4100000006,0.0,3277535.4100000006,0,0.0,0.0
2022-12-09,3277535.4100000006,0.0,3277535.4100000006,0,0.0,0.0
2022-12-12,3277535.4100000006,0.0,3277535.4100000006,0,0.0,0.0
2022-12-13,3277535.4100000006,0.0,3277535.4100000006,0,0.0,0.0
2022-12-14,3277535.4100000006,0.0,3277535.4100000006,0,0.0,0.0
2022-12-15,3277535.4100000006,0.0,3277535.4100000006,0,0.0,0.0
2022-12-16,3277535.4100000006,0.0,3277535.4100000006,0,0.0,0.0
2022-12-19,3277535.4100000006,0.0,3277535.4100000006,0,0.0,0.0
2022-12-20,3277535.4100000006,0.0,3277535.4100000006,0,0.0,0.0
2022-12-21,3277535.4100000006,0.0,3277535.4100000006,0,0.0,0.0
2022-12-22,3277535.4100000006,0.0,3277535.4100000006,0,0.0,0.0
2022-12-23,3277535.4100000006,0.0,3277535.4100000006,0,0.0,0.0
2022-12-26,-2773.3799999991897,2208269.0,2205495.620000001,6,-0.327087172492211,-0.327087172492211
2022-12-27,-3011.10999999919,2243149.0,2240137.8900000006,6,0.015707249511563104,-0.31651756281101473
2022-12-28,7428.43000000081,2213558.0,2220986.4300000006,6,-0.008549232654602279,-0.3223608131818779
2022-12-29,3284.110000000808,2178568.0,2181852.110000001,6,-0.017620242731514524,-0.33430098013799936
2022-12-30,-2237.6599999991913,2197800.0,2195562.340000001,6,0.006283757701616155,-0.33011788879498316
2023-01-03,1657753.4400000009,551460.0,2209213.440000001,3,0.00621758706245612,-0.325952838446984
2023-01-04,3393059.6000000006,0.0,3393059.6000000006,0,0.5358677158871528,0.0
2023-01-05,3393059.6000000006,0.0,3393059.6000000006,0,0.0,0.0
2023-01-06,3393059.6000000006,0.0,3393059.6000000006,0,0.0,0.0
2023-01-09,3393059.6000000006,0.0,3393059.6000000006,0,0.0,0.0
2023-01-10,3393059.6000000006,0.0,3393059.6000000006,0,0.0,0.0
2023-01-11,3393059.6000000006,0.0,3393059.6000000006,0,0.0,0.0
2023-01-12,3393059.6000000006,0.0,3393059.6000000006,0,0.0,0.0
2023-01-13,3393059.6000000006,0.0,3393059.6000000006,0,0.0,0.0
2023-01-16,3393059.6000000006,0.0,3393059.6000000006,0,0.0,0.0
2023-01-17,3393059.6000000006,0.0,3393059.6000000006,0,0.0,0.0
2023-01-18,3393059.6000000006,0.0,3393059.6000000006,0,0.0,0.0
2023-01-19,3393059.6000000006,0.0,3393059.6000000006,0,0.0,0.0
2023-01-20,3393059.6000000006,0.0,3393059.6000000006,0,0.0,0.0
2023-01-30,-3040.6899999994785,2395053.0,2392012.3100000005,6,-0.2950279122712728,-0.2950279122712728
2023-01-31,6529.200000000522,2400639.0,2407168.2000000007,6,0.00633604180741032,-0.2905611796503662
2023-02-01,-1716.4399999994785,2433276.0,2431559.5600000005,6,0.010132802518743711,-0.28337257618463285
2023-02-02,477.7800000005218,2436460.0,2436937.7800000007,6,0.0022118397132744327,-0.28178751118901646
2023-02-03,-3032.6499999994776,2425445.0,2422412.3500000006,6,-0.0059605255904400245,-0.286068435107948
2023-02-06,2302889.3700000006,1168749.0,3471638.3700000006,2,0.4331327075673139,0.0
2023-02-07,3468710.8200000008,0.0,3468710.8200000008,0,-0.0008432761964201063,-0.0008432761964201063
2023-02-08,3468710.8200000008,0.0,3468710.8200000008,0,0.0,-0.0008432761964201063
2023-02-09,3468710.8200000008,0.0,3468710.8200000008,0,0.0,-0.0008432761964201063
2023-02-10,3468710.8200000008,0.0,3468710.8200000008,0,0.0,-0.0008432761964201063
2023-02-13,-3083.97999999905,2320396.9499999997,2317312.9700000007,6,-0.33193826460287046,-0.33250162516207005
2023-02-14,-3086.3999999990506,2336845.0,2333758.600000001,6,0.007096853214436649,-0.3277644871749702
2023-02-15,12832.65000000095,2312513.65,2325346.3000000007,6,-0.0036046144618386844,-0.33018763702626075
2023-02-16,-1424.519999999049,2292605.2,2291180.680000001,6,-0.014692701899927663,-0.34002899040432
2023-02-17,3701.980000000951,2293041.9000000004,2296743.8800000013,6,0.0024280931000169037,-0.3384265193497096
2023-02-20,1134153.5300000007,2322291.2199999997,3456444.7500000005,4,0.5049326048492611,-0.004376498465766265
2023-02-21,3465255.2300000004,0.0,3465255.2300000004,0,0.002549000674753943,-0.001838653488554498
2023-02-22,3465255.2300000004,0.0,3465255.2300000004,0,0.0,-0.001838653488554498
2023-02-23,3465255.2300000004,0.0,3465255.2300000004,0,0.0,-0.001838653488554498
2023-02-24,3465255.2300000004,0.0,3465255.2300000004,0,0.0,-0.001838653488554498
2023-02-27,3465255.2300000004,0.0,3465255.2300000004,0,0.0,-0.001838653488554498
2023-02-28,3465255.2300000004,0.0,3465255.2300000004,0,0.0,-0.001838653488554498
2023-03-01,3465255.2300000004,0.0,3465255.2300000004,0,0.0,-0.001838653488554498
2023-03-02,3465255.2300000004,0.0,3465255.2300000004,0,0.0,-0.001838653488554498
2023-03-03,3465255.2300000004,0.0,3465255.2300000004,0,0.0,-0.001838653488554498
2023-03-06,3465255.2300000004,0.0,3465255.2300000004,0,0.0,-0.001838653488554498
2023-03-07,3465255.2300000004,0.0,3465255.2300000004,0,0.0,-0.001838653488554498
2023-03-08,3465255.2300000004,0.0,3465255.2300000004,0,0.0,-0.001838653488554498
2023-03-09,3465255.2300000004,0.0,3465255.2300000004,0,0.0,-0.001838653488554498
2023-03-10,3465255.2300000004,0.0,3465255.2300000004,0,0.0,-0.001838653488554498
2023-03-13,3465255.2300000004,0.0,3465255.2300000004,0,0.0,-0.001838653488554498
2023-03-14,3465255.2300000004,0.0,3465255.2300000004,0,0.0,-0.001838653488554498
2023-03-15,3465255.2300000004,0.0,3465255.2300000004,0,0.0,-0.001838653488554498
2023-03-16,3465255.2300000004,0.0,3465255.2300000004,0,0.0,-0.001838653488554498
2023-03-17,3465255.2300000004,0.0,3465255.2300000004,0,0.0,-0.001838653488554498
2023-03-20,3465255.2300000004,0.0,3465255.2300000004,0,0.0,-0.001838653488554498
2023-03-21,3465255.2300000004,0.0,3465255.2300000004,0,0.0,-0.001838653488554498
2023-03-22,3465255.2300000004,0.0,3465255.2300000004,0,0.0,-0.001838653488554498
2023-03-23,3465255.2300000004,0.0,3465255.2300000004,0,0.0,-0.001838653488554498
2023-03-24,3465255.2300000004,0.0,3465255.2300000004,0,0.0,-0.001838653488554498
2023-03-27,3465255.2300000004,0.0,3465255.2300000004,0,0.0,-0.001838653488554498
2023-03-28,3465255.2300000004,0.0,3465255.2300000004,0,0.0,-0.001838653488554498
2023-03-29,3465255.2300000004,0.0,3465255.2300000004,0,0.0,-0.001838653488554498
2023-03-30,3465255.2300000004,0.0,3465255.2300000004,0,0.0,-0.001838653488554498
2023-03-31,3465255.2300000004,0.0,3465255.2300000004,0,0.0,-0.001838653488554498
2023-04-03,3465255.2300000004,0.0,3465255.2300000004,0,0.0,-0.001838653488554498
2023-04-04,3465255.2300000004,0.0,3465255.2300000004,0,0.0,-0.001838653488554498
2023-04-06,3465255.2300000004,0.0,3465255.2300000004,0,0.0,-0.001838653488554498
2023-04-07,3465255.2300000004,0.0,3465255.2300000004,0,0.0,-0.001838653488554498
2023-04-10,3465255.2300000004,0.0,3465255.2300000004,0,0.0,-0.001838653488554498
2023-04-11,3465255.2300000004,0.0,3465255.2300000004,0,0.0,-0.001838653488554498
2023-04-12,3465255.2300000004,0.0,3465255.2300000004,0,0.0,-0.001838653488554498
2023-04-13,3465255.2300000004,0.0,3465255.2300000004,0,0.0,-0.001838653488554498
2023-04-14,3465255.2300000004,0.0,3465255.2300000004,0,0.0,-0.001838653488554498
2023-04-17,389.4100000008475,1605838.0,1606227.4100000008,6,-0.5364764488069178,-0.5373287080013462
2023-04-18,-2193.269999999153,1599192.0,1596998.730000001,6,-0.005745562516580316,-0.5399870148341515
2023-04-19,10530.480000000847,1666372.0,1676902.480000001,6,0.05003369664545687,-0.5169708646813923
2023-04-20,13505.480000000844,1652208.0,1665713.480000001,6,-0.006672421404016249,-0.5201938386226557
2023-04-21,5471.350000000843,1581104.0,1586575.3500000008,6,-0.04751004956746829,-0.5429894531324699
2023-04-24,4449.910000000842,1614218.0,1618667.9100000008,6,0.020227567508848576,-0.5337452414434511
2023-04-25,-3080.3799999990733,1571496.0,1568415.620000001,6,-0.03104546009069875,-0.5482203349423169
2023-04-26,-3075.2999999990734,1571904.0,1568828.700000001,6,0.000263374066626465,-0.5481013478947115
2023-04-27,-3085.2699999990746,1568472.0,1565386.730000001,6,-0.0021939743963123037,-0.5490928019671586
2023-04-28,-3068.949999999073,1688534.0,1685465.050000001,6,0.07670840546859625,-0.5145044297917468
2023-05-04,12647.700000000927,1769270.0,1781917.700000001,7,0.05722613470982374,-0.48672139488998656
2023-05-05,1643.1700000009732,1944577.0,1946220.1700000009,6,0.09220542003707566,-0.43939432550977353
2023-05-08,-2979.1199999990276,1958972.0,1955992.880000001,7,0.005021379467051945,-0.43657931168677555
2023-05-09,11106.140000000945,1404690.0,1415796.140000001,6,-0.2761752077543348,-0.5921821373347707
2023-05-10,-2863.8599999990547,1413944.0,1411080.140000001,6,-0.003330988033347748,-0.593540573755094
2023-05-11,22178.870000000945,1444316.0,1466494.870000001,6,0.03927114302664614,-0.5775784474925016
2023-05-12,-886.0099999990562,1429995.0,1429108.990000001,6,-0.025493358868688087,-0.5883473917244437
2023-05-15,84239.55000000095,1430238.0,1514477.550000001,6,0.05973551394425147,-0.5637571116026118
2023-05-16,14312.100000000966,782460.0,796772.100000001,6,-0.4738963941723663,-0.7704910433974721
2023-05-17,19579.700000000958,793958.0,813537.700000001,6,0.021041901442081068,-0.7656617385525668
2023-05-18,3435.410000000964,820624.0,824059.410000001,6,0.012933278937165449,-0.7626309764516168
2023-05-19,19147.940000000963,815452.0000000001,834599.9400000011,6,0.012790983116132582,-0.7595947932791165
2023-05-22,23010.44000000097,703541.0,726551.440000001,8,-0.12946142795073767,-0.7907179946279943
2023-05-23,19858.680000000983,1177810.0,1197668.680000001,6,0.6484292977246036,-0.6550134108582281
2023-05-24,13037.700000000987,1177003.0,1190040.700000001,6,-0.006369023526606843,-0.6572106385608358
2023-05-25,12354.280000000988,1169945.0,1182299.280000001,6,-0.006505172470151588,-0.6594405424779307
2023-05-26,8995.990000000987,1191758.0,1200753.990000001,6,0.015609169617357699,-0.6541246921406734
2023-05-29,-2120.699999999013,1185269.0,1183148.300000001,6,-0.014662195709214232,-0.6591959835954916
2023-05-30,22491.490000001155,669424.0,691915.4900000012,6,-0.41519124018519016,-0.8006948258265734
2023-05-31,586.0600000011545,632649.0,633235.0600000011,6,-0.08480866644566654,-0.817597631863943
2023-06-01,5497.740000001155,649130.0000000001,654627.7400000013,6,0.033783157868738645,-0.8114355038655707
2023-06-02,5419.3500000011545,640284.0,645703.3500000011,6,-0.013632770893577062,-0.8140061604400343
2023-06-05,6154.150000001155,646971.0,653125.1500000012,6,0.011494132715898164,-0.8118683225637926
2023-06-06,3739332.650000001,0.0,3739332.650000001,0,4.725292694669611,0.0
2023-06-07,3739332.650000001,0.0,3739332.650000001,0,0.0,0.0
2023-06-08,3739332.650000001,0.0,3739332.650000001,0,0.0,0.0
2023-06-09,3739332.650000001,0.0,3739332.650000001,0,0.0,0.0
2023-06-12,3739332.650000001,0.0,3739332.650000001,0,0.0,0.0
2023-06-13,3739332.650000001,0.0,3739332.650000001,0,0.0,0.0
2023-06-14,3739332.650000001,0.0,3739332.650000001,0,0.0,0.0
2023-06-15,3739332.650000001,0.0,3739332.650000001,0,0.0,0.0
2023-06-16,3739332.650000001,0.0,3739332.650000001,0,0.0,0.0
2023-06-19,3739332.650000001,0.0,3739332.650000001,0,0.0,0.0
2023-06-20,3739332.650000001,0.0,3739332.650000001,0,0.0,0.0
2023-06-21,3739332.650000001,0.0,3739332.650000001,0,0.0,0.0
2023-06-26,3739332.650000001,0.0,3739332.650000001,0,0.0,0.0
2023-06-27,3739332.650000001,0.0,3739332.650000001,0,0.0,0.0
2023-06-28,3739332.650000001,0.0,3739332.650000001,0,0.0,0.0
2023-06-29,3739332.650000001,0.0,3739332.650000001,0,0.0,0.0
2023-06-30,3739332.650000001,0.0,3739332.650000001,0,0.0,0.0
2023-07-03,3739332.650000001,0.0,3739332.650000001,0,0.0,0.0
2023-07-04,3739332.650000001,0.0,3739332.650000001,0,0.0,0.0
2023-07-05,3739332.650000001,0.0,3739332.650000001,0,0.0,0.0
2023-07-06,3739332.650000001,0.0,3739332.650000001,0,0.0,0.0
2023-07-07,3739332.650000001,0.0,3739332.650000001,0,0.0,0.0
2023-07-10,3739332.650000001,0.0,3739332.650000001,0,0.0,0.0
2023-07-11,3739332.650000001,0.0,3739332.650000001,0,0.0,0.0
2023-07-12,3739332.650000001,0.0,3739332.650000001,0,0.0,0.0
2023-07-13,3739332.650000001,0.0,3739332.650000001,0,0.0,0.0
2023-07-14,3739332.650000001,0.0,3739332.650000001,0,0.0,0.0
2023-07-17,3739332.650000001,0.0,3739332.650000001,0,0.0,0.0
2023-07-18,3739332.650000001,0.0,3739332.650000001,0,0.0,0.0
2023-07-19,3739332.650000001,0.0,3739332.650000001,0,0.0,0.0
2023-07-20,3739332.650000001,0.0,3739332.650000001,0,0.0,0.0
2023-07-21,3739332.650000001,0.0,3739332.650000001,0,0.0,0.0
2023-07-24,3739332.650000001,0.0,3739332.650000001,0,0.0,0.0
2023-07-25,3739332.650000001,0.0,3739332.650000001,0,0.0,0.0
2023-07-26,3739332.650000001,0.0,3739332.650000001,0,0.0,0.0
2023-07-27,3739332.650000001,0.0,3739332.650000001,0,0.0,0.0
2023-07-28,3739332.650000001,0.0,3739332.650000001,0,0.0,0.0
2023-07-31,3739332.650000001,0.0,3739332.650000001,0,0.0,0.0
2023-08-01,3739332.650000001,0.0,3739332.650000001,0,0.0,0.0
2023-08-02,3739332.650000001,0.0,3739332.650000001,0,0.0,0.0
2023-08-03,3739332.650000001,0.0,3739332.650000001,0,0.0,0.0
2023-08-04,3739332.650000001,0.0,3739332.650000001,0,0.0,0.0
2023-08-07,3739332.650000001,0.0,3739332.650000001,0,0.0,0.0
2023-08-08,3739332.650000001,0.0,3739332.650000001,0,0.0,0.0
2023-08-09,3739332.650000001,0.0,3739332.650000001,0,0.0,0.0
2023-08-10,3739332.650000001,0.0,3739332.650000001,0,0.0,0.0
2023-08-11,3739332.650000001,0.0,3739332.650000001,0,0.0,0.0
2023-08-14,20814.55000000063,2458442.1,2479256.650000001,6,-0.3369788456771825,-0.3369788456771825
2023-08-15,-3408.029999999373,2430101.5,2426693.4700000007,6,-0.021201185444032267,-0.3510356801232968
2023-08-16,16725.040000000627,2428760.25,2445485.2900000005,6,0.007743796335348385,-0.34601023260126373
2023-08-17,4188.230000000625,2416572.25,2420760.4800000004,6,-0.010110389991346058,-0.3526223242000147
2023-08-18,3057.3900000006247,2387435.5,2390492.8900000006,6,-0.012503339446453543,-0.3607167070305981
2023-08-21,11935.340000000626,2347148.25,2359083.590000001,6,-0.013139256816613987,-0.3691164143954937
2023-08-22,740.8500000006261,2367928.56,2368669.4100000006,6,0.004063365978481448,-0.366552903497366
2023-08-23,-3413.319999999372,2369159.25,2365745.9300000006,6,-0.0012342287985219746,-0.36733472214620966
2023-08-24,-3413.609999999381,2357865.84,2354452.2300000004,6,-0.0047738431489133815,-0.3703549669484474
2023-08-25,11600.230000000618,2281077.92,2292678.1500000004,6,-0.026237134571211906,-0.38687504841271614
2023-08-28,2445900.130000001,1203354.0,3649254.130000001,2,0.591699266641504,-0.024089464198912558
2023-08-29,3656881.8000000007,0.0,3656881.8000000007,0,0.0020901997307598563,-0.02204961625973556
2023-08-30,3656881.8000000007,0.0,3656881.8000000007,0,0.0,-0.02204961625973556
2023-08-31,3656881.8000000007,0.0,3656881.8000000007,0,0.0,-0.02204961625973556
2023-09-01,3656881.8000000007,0.0,3656881.8000000007,0,0.0,-0.02204961625973556
2023-09-04,-3402.6499999989755,1879838.88,1876436.230000001,6,-0.4868753400779865,-0.4981895419226742
2023-09-05,5760.820000001025,1854584.64,1860345.460000001,6,-0.00857517550703013,-0.5024926546719505
2023-09-06,-836.5599999989736,1853484.11,1852647.5500000012,6,-0.004137892754606853,-0.5045512867115471
2023-09-07,6204.030000001025,1837275.96,1843479.990000001,6,-0.004948356205150994,-0.5070029434262822
2023-09-08,313.3400000010297,1881985.16,1882298.500000001,6,0.021057190862158404,-0.49662181031152697
2023-09-11,1091867.4800000011,1404603.13,2496470.6100000013,4,0.3262883703089601,-0.33237536114900057
2023-09-12,3671617.460000001,0.0,3671617.460000001,0,0.47072328642394834,-0.018108897051456463
2023-09-13,3671617.460000001,0.0,3671617.460000001,0,0.0,-0.018108897051456463
2023-09-14,3671617.460000001,0.0,3671617.460000001,0,0.0,-0.018108897051456463
2023-09-15,3671617.460000001,0.0,3671617.460000001,0,0.0,-0.018108897051456463
2023-09-18,2156.860000000801,2395467.96,2397624.8200000008,6,-0.34698403466029926,-0.3588094335495934
2023-09-19,7871.060000000802,2342012.92,2349883.980000001,6,-0.019911722468738846,-0.3715766421583273
2023-09-20,3973.3100000008017,2322612.64,2326585.950000001,6,-0.009914544802335223,-0.37780717369448247
2023-09-21,-2710.6899999991983,2308070.6,2305359.910000001,6,-0.009123256331879825,-0.3834835983367244
2023-09-22,1106.360000000801,2398413.12,2399519.480000001,6,0.04084376135438217,-0.3583027495561273
2023-09-25,1819267.500000001,1813597.52,3632865.020000001,3,0.5139968857431403,-0.028472361238040644
2023-09-26,3626204.380000001,0.0,3626204.380000001,0,-0.0018334399883649377,-0.03025359886074863
2023-09-27,3626204.380000001,0.0,3626204.380000001,0,0.0,-0.03025359886074863
2023-09-28,3626204.380000001,0.0,3626204.380000001,0,0.0,-0.03025359886074863
2023-10-09,783.27000000095,1102234.0,1103017.270000001,6,-0.6958204352508115,-0.7050229617843706
2023-10-10,6277.950000000954,1120651.0,1126928.950000001,6,0.021678427573486703,-0.6986283234255715
2023-10-11,-3079.719999999047,1135265.0,1132185.280000001,6,0.004664295828055609,-0.6972226367718313
2023-10-12,-3414.419999999047,1122238.0,1118823.580000001,6,-0.011801690267515208,-0.7007959214326651
2023-10-13,11671.460000000952,1107210.0,1118881.460000001,6,5.1732910384183484e-05,-0.7007804427348819
2023-10-16,2377636.2600000007,0.0,2377636.2600000007,2,1.1250117595120388,-0.36415492213563827
2023-10-17,3610351.6200000006,0.0,3610351.6200000006,0,0.5184625507015104,-0.03449306121508078
2023-10-18,3610351.6200000006,0.0,3610351.6200000006,0,0.0,-0.03449306121508078
2023-10-19,3610351.6200000006,0.0,3610351.6200000006,0,0.0,-0.03449306121508078
2023-10-20,3610351.6200000006,0.0,3610351.6200000006,0,0.0,-0.03449306121508078
2023-10-23,3610351.6200000006,0.0,3610351.6200000006,0,0.0,-0.03449306121508078
2023-10-24,3610351.6200000006,0.0,3610351.6200000006,0,0.0,-0.03449306121508078
2023-10-25,3610351.6200000006,0.0,3610351.6200000006,0,0.0,-0.03449306121508078
2023-10-26,3610351.6200000006,0.0,3610351.6200000006,0,0.0,-0.03449306121508078
2023-10-27,3610351.6200000006,0.0,3610351.6200000006,0,0.0,-0.03449306121508078
2023-10-30,3610351.6200000006,0.0,3610351.6200000006,0,0.0,-0.03449306121508078
2023-10-31,3610351.6200000006,0.0,3610351.6200000006,0,0.0,-0.03449306121508078
2023-11-01,3610351.6200000006,0.0,3610351.6200000006,0,0.0,-0.03449306121508078
2023-11-02,3610351.6200000006,0.0,3610351.6200000006,0,0.0,-0.03449306121508078
2023-11-03,3610351.6200000006,0.0,3610351.6200000006,0,0.0,-0.03449306121508078
2023-11-06,3610351.6200000006,0.0,3610351.6200000006,0,0.0,-0.03449306121508078
2023-11-07,3610351.6200000006,0.0,3610351.6200000006,0,0.0,-0.03449306121508078
2023-11-08,3610351.6200000006,0.0,3610351.6200000006,0,0.0,-0.03449306121508078
2023-11-09,3610351.6200000006,0.0,3610351.6200000006,0,0.0,-0.03449306121508078
2023-11-10,3610351.6200000006,0.0,3610351.6200000006,0,0.0,-0.03449306121508078
2023-11-13,3610351.6200000006,0.0,3610351.6200000006,0,0.0,-0.03449306121508078
2023-11-14,3610351.6200000006,0.0,3610351.6200000006,0,0.0,-0.03449306121508078
2023-11-15,3610351.6200000006,0.0,3610351.6200000006,0,0.0,-0.03449306121508078
2023-11-16,3610351.6200000006,0.0,3610351.6200000006,0,0.0,-0.03449306121508078
2023-11-17,3610351.6200000006,0.0,3610351.6200000006,0,0.0,-0.03449306121508078
2023-11-20,-3401.0199999996694,1734924.4100000001,1731523.3900000006,6,-0.5204003453824255,-0.5369432056278811
2023-11-21,-3410.639999999668,1743528.1,1740117.4600000004,6,0.004963299975982327,-0.5346449158514957
2023-11-22,3334.6000000003323,1742045.08,1745379.6800000004,6,0.003024060226371139,-0.5332376540503825
2023-11-23,5250.000000000331,1718364.9,1723614.9000000001,6,-0.012469940064846141,-0.5390581525289011
2023-11-24,9329.88000000033,1692466.98,1701796.8600000003,6,-0.012658303197541243,-0.5448928941906253
2023-11-27,90066.55000000034,1668613.6,1758680.1500000004,7,0.033425428931629364,-0.5296807439691145
2023-11-28,869.2600000004168,1175926.38,1176795.6400000004,6,-0.3308643189041509,-0.6852926042832803
2023-11-29,-2096.269999999583,1176405.18,1174308.9100000004,6,-0.0021131366530215967,-0.6859576240161462
2023-11-30,15241.920000000417,1181657.7600000002,1196899.6800000006,6,0.019237501995961415,-0.6799162331813404
2023-12-01,13273.210000000417,1219630.2599999998,1232903.4700000002,6,0.030080875282713304,-0.6702878333116472
2023-12-04,-3270.109999999582,1220642.16,1217372.0500000003,7,-0.012597433925625956,-0.6744413605459787
2023-12-05,823.050000000454,750244.0,751067.0500000005,6,-0.3830423082245068,-0.799144093264877
2023-12-06,6429.4500000004555,750451.9999999999,756881.4500000003,6,0.007741519215894055,-0.7975891634032612
2023-12-07,48025.520000000455,766259.9999999999,814285.5200000004,6,0.0758428813389469,-0.7822377423415379
2023-12-08,-273.9699999995428,773544.0,773270.0300000005,6,-0.05036991201808405,-0.7932064081006539
2023-12-11,-3230.4899999995414,770279.9999999999,767049.5100000004,8,-0.008044434361435315,-0.7948699455770536
2023-12-12,-2804.819999999483,773555.0,770750.1800000005,6,0.004824551677244715,-0.7938802850289342
2023-12-13,-1199.8799999994835,768708.0,767508.1200000005,6,-0.004206369436073332,-0.7947473006981606
2023-12-14,3102.5900000005163,755820.0,758922.5900000005,6,-0.011186239957956312,-0.7970433066445692
2023-12-15,405.9500000005164,748714.0000000001,749119.9500000007,6,-0.01291652156513079,-0.7996648011510823
2023-12-18,2117.850000000515,736127.9999999999,738245.8500000004,6,-0.014515832878299717,-0.8025728334172141
2023-12-19,-1777.2199999994846,740815.0,739037.7800000005,6,0.0010727185259491456,-0.8023610496380951
2023-12-20,3194.2300000005152,723993.0,727187.2300000006,6,-0.01603510716326295,-0.805530211386783
2023-12-21,5933.440000000515,724640.0,730573.4400000005,6,0.004656586172449684,-0.8046246460581675
2023-12-22,7073.220000000516,706524.0,713597.2200000006,6,-0.02323684255480185,-0.8091645523968025
2023-12-25,2608.5500000005195,686080.0,688688.5500000005,6,-0.0349057834053782,-0.8158258131969082
2023-12-26,-1729.9999999994807,674268.0,672538.0000000005,6,-0.023451166713894134,-0.8201449127560234
2023-12-27,-3222.4099999994805,676605.0,673382.5900000005,6,0.0012558249496683604,-0.8199190462501376
2023-12-28,8847.290000000521,694665.0,703512.2900000005,6,0.044743806043455736,-0.8118615389834332
2023-12-29,27221.06000000052,703728.0,730949.0600000005,6,0.03899970247854512,-0.8045241949790157
2024-01-02,1884742.2300000004,0.0,1884742.2300000004,3,1.5784864269474523,-0.49596828995676545
2024-01-03,3482352.9600000004,0.0,3482352.9600000004,0,0.8476547639090146,-0.06872340977741054
2024-01-04,3482352.9600000004,0.0,3482352.9600000004,0,0.0,-0.06872340977741054
2024-01-05,3482352.9600000004,0.0,3482352.9600000004,0,0.0,-0.06872340977741054
2024-01-08,3482352.9600000004,0.0,3482352.9600000004,0,0.0,-0.06872340977741054
2024-01-09,3482352.9600000004,0.0,3482352.9600000004,0,0.0,-0.06872340977741054
2024-01-10,3482352.9600000004,0.0,3482352.9600000004,0,0.0,-0.06872340977741054
2024-01-11,3482352.9600000004,0.0,3482352.9600000004,0,0.0,-0.06872340977741054
2024-01-12,3482352.9600000004,0.0,3482352.9600000004,0,0.0,-0.06872340977741054
2024-01-15,24642.52000000025,2465964.0,2490606.5200000005,6,-0.28479205048761047,-0.333943579478012
2024-01-16,-3381.2599999997497,2447449.0,2444067.74,6,-0.018685721580781967,-0.34638932430897806
2024-01-17,-194.77999999974872,2368424.0,2368229.22,6,-0.03102963095450051,-0.36667062236359216
2024-01-18,2642.160000000251,2338935.0,2341577.16,6,-0.011254003529269863,-0.3737981134147026
2024-01-19,11462.130000000252,2319319.0,2330781.1300000004,6,-0.0046105805029289515,-0.3766852676238901
2024-01-22,-2616.779999999746,2188242.0,2185625.22,7,-0.06227779525570476,-0.4155039349066738
2024-01-23,2161.150000000256,1508996.0,1511157.1500000004,6,-0.3085927375966131,-0.5958751757482715
2024-01-24,8200.490000000256,1520392.0,1528592.4900000002,6,0.011537741127717771,-0.5912124881427707
2024-01-25,-3385.469999999743,1596135.0,1592749.5300000003,6,0.04197131702511503,-0.5740551378867029
2024-01-26,6121.010000000258,1604289.0,1610410.0100000002,6,0.011088045965394144,-0.5693322416768671
2024-01-29,1464202.6700000002,480761.99999999994,1944964.6700000002,3,0.20774502016415064,-0.4798631595399784
2024-01-30,3214012.96,0.0,3214012.96,0,0.652478839114337,-0.14048487769602436
2024-01-31,3214012.96,0.0,3214012.96,0,0.0,-0.14048487769602436
2024-02-01,3214012.96,0.0,3214012.96,0,0.0,-0.14048487769602436
2024-02-02,3214012.96,0.0,3214012.96,0,0.0,-0.14048487769602436
2024-02-05,3214012.96,0.0,3214012.96,0,0.0,-0.14048487769602436
2024-02-06,3214012.96,0.0,3214012.96,0,0.0,-0.14048487769602436
2024-02-07,3214012.96,0.0,3214012.96,0,0.0,-0.14048487769602436
2024-02-08,3214012.96,0.0,3214012.96,0,0.0,-0.14048487769602436
2024-02-19,-3146.910000000149,2157594.0,2154447.09,6,-0.3296706899402173,-0.4238418210800263
2024-02-20,2844.7599999998492,2154747.0,2157591.76,6,0.001459618114826755,-0.42300085016506905
2024-02-21,-1681.6000000001513,2196625.0,2194943.4,6,0.01731172721942542,-0.4130119982772863
2024-02-22,2674.219999999849,2233194.0,2235868.2199999997,6,0.018645045699128282,-0.4020675801603264
2024-02-23,-1372.1200000001527,2235730.0,2234357.88,6,-0.0006755049275667391,-0.40247148645627995
2024-02-26,2246407.95,0.0,2246407.95,2,0.005393079643982723,-0.3992489675931882
2024-02-27,3417882.0500000003,0.0,3417882.0500000003,0,0.5214876932749459,-0.08596469747081759
2024-02-28,3417882.0500000003,0.0,3417882.0500000003,0,0.0,-0.08596469747081759
2024-02-29,3417882.0500000003,0.0,3417882.0500000003,0,0.0,-0.08596469747081759
2024-03-01,3417882.0500000003,0.0,3417882.0500000003,0,0.0,-0.08596469747081759
2024-03-04,3417882.0500000003,0.0,3417882.0500000003,0,0.0,-0.08596469747081759
2024-03-05,3417882.0500000003,0.0,3417882.0500000003,0,0.0,-0.08596469747081759
2024-03-06,3417882.0500000003,0.0,3417882.0500000003,0,0.0,-0.08596469747081759
2024-03-07,3417882.0500000003,0.0,3417882.0500000003,0,0.0,-0.08596469747081759
2024-03-08,3417882.0500000003,0.0,3417882.0500000003,0,0.0,-0.08596469747081759
2024-03-11,3417882.0500000003,0.0,3417882.0500000003,0,0.0,-0.08596469747081759
2024-03-12,3417882.0500000003,0.0,3417882.0500000003,0,0.0,-0.08596469747081759
2024-03-13,3417882.0500000003,0.0,3417882.0500000003,0,0.0,-0.08596469747081759
2024-03-14,3417882.0500000003,0.0,3417882.0500000003,0,0.0,-0.08596469747081759
2024-03-15,3417882.0500000003,0.0,3417882.0500000003,0,0.0,-0.08596469747081759
2024-03-18,3417882.0500000003,0.0,3417882.0500000003,0,0.0,-0.08596469747081759
2024-03-19,3417882.0500000003,0.0,3417882.0500000003,0,0.0,-0.08596469747081759
2024-03-20,3417882.0500000003,0.0,3417882.0500000003,0,0.0,-0.08596469747081759
2024-03-21,3417882.0500000003,0.0,3417882.0500000003,0,0.0,-0.08596469747081759
2024-03-22,3417882.0500000003,0.0,3417882.0500000003,0,0.0,-0.08596469747081759
2024-03-25,3417882.0500000003,0.0,3417882.0500000003,0,0.0,-0.08596469747081759
2024-03-26,3417882.0500000003,0.0,3417882.0500000003,0,0.0,-0.08596469747081759
2024-03-27,3417882.0500000003,0.0,3417882.0500000003,0,0.0,-0.08596469747081759
2024-03-28,3417882.0500000003,0.0,3417882.0500000003,0,0.0,-0.08596469747081759
2024-03-29,3417882.0500000003,0.0,3417882.0500000003,0,0.0,-0.08596469747081759
2024-04-01,-3411.6399999996647,1690819.22,1687407.5800000003,6,-0.506300230577003,-0.5487409818968634
2024-04-02,7455.100000000336,1669378.6600000001,1676833.7600000005,6,-0.006266310596992675,-0.5515687110639915
2024-04-03,2040.560000000336,1640583.26,1642623.8200000003,6,-0.02040150956884368,-0.5607173862961885
2024-04-08,1157560.7100000004,1045421.0,2202981.7100000004,4,0.34113586030914855,-0.4108623339514873
2024-04-09,3394371.0700000003,0.0,3394371.0700000003,0,0.5408076492836609,-0.09225217767132876
2024-04-10,3394371.0700000003,0.0,3394371.0700000003,0,0.0,-0.09225217767132876
2024-04-11,3394371.0700000003,0.0,3394371.0700000003,0,0.0,-0.09225217767132876
2024-04-12,3394371.0700000003,0.0,3394371.0700000003,0,0.0,-0.09225217767132876
2024-04-15,3394371.0700000003,0.0,3394371.0700000003,0,0.0,-0.09225217767132876
2024-04-16,3394371.0700000003,0.0,3394371.0700000003,0,0.0,-0.09225217767132876
2024-04-17,3394371.0700000003,0.0,3394371.0700000003,0,0.0,-0.09225217767132876
2024-04-18,3394371.0700000003,0.0,3394371.0700000003,0,0.0,-0.09225217767132876
2024-04-19,3394371.0700000003,0.0,3394371.0700000003,0,0.0,-0.09225217767132876
2024-04-22,-3412.489999999758,1633637.15,1630224.6600000001,6,-0.5197270344399912,-0.5640332613895691
2024-04-23,42740.61000000025,1581785.71,1624526.3200000003,6,-0.0034954323412086374,-0.5655571536273993
2024-04-24,18938.140000000254,1643470.58,1662408.7200000004,6,0.023319043547413987,-0.5554263619739741
2024-04-25,2153.640000000254,1711706.2999999998,1713859.9400000002,6,0.03094980156263838,-0.5416668960970884
2024-04-26,-3146.789999999746,1715111.33,1711964.5400000003,6,-0.0011059246766687014,-0.5421737779868288
2024-04-29,-2903.8199999997464,1793860.41,1790956.59,6,0.046141171825907046,-0.5210491396105132
2024-04-30,-3405.7699999994365,1221156.0,1217750.2300000004,6,-0.3200559763427876,-0.6743402248526886
2024-05-06,26714.27000000056,1258215.0,1284929.2700000005,6,0.0551665180141252,-0.6563747090005485
2024-05-07,138.64000000047963,1301505.0,1301643.6400000006,6,0.013008007825987322,-0.6519048285260205
2024-05-08,751.6700000004803,1309555.9999999998,1310307.6700000002,6,0.006656222743115503,-0.6495878295288867
2024-05-09,12339.51000000048,1301365.0,1313704.5100000005,6,0.0025923987760831935,-0.6486794214470328
2024-05-10,7438.89000000048,1298625.0,1306063.8900000006,6,-0.005816087211270915,-0.650722732571011
2024-05-13,90470.36000000048,1286880.0,1377350.3600000006,8,0.05458115069699998,-0.6316587774024329
2024-05-14,14963.860000000452,1255657.0,1270620.8600000003,6,-0.0774889985145103,-0.6602011698531287
2024-05-15,1635.0600000004515,1267369.0,1269004.0600000005,6,-0.0012724488090017916,-0.6606335464698493
2024-05-16,-3414.619999999547,1267833.0,1264418.3800000004,6,-0.0036136054600173217,-0.6618598829392726
2024-05-17,-3409.1899999995467,1297788.0000000002,1294378.8100000008,6,0.023695028855876377,-0.6538476431081892
2024-05-20,2623031.0000000005,0.0,2623031.0000000005,2,1.0264786318620271,-0.2985296453900672
2024-05-21,3910114.1900000004,0.0,3910114.1900000004,0,0.4906854665461444,0.0
2024-05-22,3910114.1900000004,0.0,3910114.1900000004,0,0.0,0.0
2024-05-23,3910114.1900000004,0.0,3910114.1900000004,0,0.0,0.0
2024-05-24,3910114.1900000004,0.0,3910114.1900000004,0,0.0,0.0
2024-05-27,-3210.449999999837,2611667.0,2608456.5500000003,6,-0.3328950451955982,-0.3328950451955982
2024-05-28,3194.920000000164,2589848.0,2593042.9200000004,6,-0.005909099770130322,-0.33683703493068573
2024-05-29,-820.3799999998355,2595255.0,2594434.62,6,0.0005367053469365057,-0.3364811118214428
2024-05-30,707.8300000001645,2545468.0,2546175.83,6,-0.01860088885184552,-0.3488231529115522
2024-05-31,-6035.719999999834,2558236.0,2552200.2800000003,6,0.0023660777582670267,-0.3472824178569578
2024-06-03,-6005.859999999833,2514194.0,2508188.14,6,-0.017244782999553676,-0.3585383909210079
2024-06-04,-6080.149999999849,3247078.0,3240997.85,6,0.29216696240338647,-0.17112450109801025
2024-06-05,6711.490000000151,3167288.0,3173999.49,6,-0.02067213960046277,-0.18825913112271542
2024-06-06,-4719.979999999849,3093093.0,3088373.02,6,-0.026977468102869828,-0.21015784452064823
2024-06-07,10222.480000000152,3124063.0,3134285.48,6,0.014866228821025063,-0.19841587030480057
2024-06-11,36465.59000000015,3076423.0,3112888.5900000003,6,-0.006826720200356351,-0.2038880608752759
2024-06-12,-2856.8199999998324,2405599.0,2402742.18,6,-0.22813100741263603,-0.38550587956102633
2024-06-13,5424.950000000168,2377826.0,2383250.95,6,-0.008112077176753107,-0.39049070329068836
2024-06-14,-6015.289999999832,2414704.0,2408688.71,6,0.010673554960714426,-0.3839850723131951
2024-06-17,1194227.7200000002,1198830.0,2393057.72,4,-0.0064894188838539035,-0.38798265121766173
2024-06-18,3584667.1,0.0,3584667.1,0,0.4979442702284673,-0.08323211911107897
2024-06-19,3584667.1,0.0,3584667.1,0,0.0,-0.08323211911107897
2024-06-20,3584667.1,0.0,3584667.1,0,0.0,-0.08323211911107897
2024-06-21,3584667.1,0.0,3584667.1,0,0.0,-0.08323211911107897
2024-06-24,3584667.1,0.0,3584667.1,0,0.0,-0.08323211911107897
2024-06-25,3584667.1,0.0,3584667.1,0,0.0,-0.08323211911107897
2024-06-26,3584667.1,0.0,3584667.1,0,0.0,-0.08323211911107897
2024-06-27,3584667.1,0.0,3584667.1,0,0.0,-0.08323211911107897
2024-06-28,3584667.1,0.0,3584667.1,0,0.0,-0.08323211911107897
2024-07-01,2158.6699999999255,3647552.0,3649710.67,6,0.018144940153578037,-0.06659742077762709
2024-07-02,10902.369999999926,3672108.0,3683010.37,6,0.00912392871953327,-0.05808112217817363
2024-07-03,1652.399999999925,3675892.0,3677544.4,6,-0.0014841038853768973,-0.05947902764445878
2024-07-04,-5010.840000000075,3612898.0,3607887.16,6,-0.01894123698411354,-0.07729365827037404
2024-07-05,-5959.140000000074,3618715.0,3612755.86,6,0.0013494601643804227,-0.07604850281878861
2024-07-08,-5402.540000000073,3529226.0,3523823.46,6,-0.024616221922064807,-0.09879269791862533
2024-07-09,3510303.08,0.0,3510303.08,0,-0.003836849420373545,-0.10225049463325275
2024-07-10,3510303.08,0.0,3510303.08,0,0.0,-0.10225049463325275
2024-07-11,3510303.08,0.0,3510303.08,0,0.0,-0.10225049463325275
2024-07-12,3510303.08,0.0,3510303.08,0,0.0,-0.10225049463325275
2024-07-15,3510303.08,0.0,3510303.08,0,0.0,-0.10225049463325275
2024-07-16,3510303.08,0.0,3510303.08,0,0.0,-0.10225049463325275
2024-07-17,3510303.08,0.0,3510303.08,0,0.0,-0.10225049463325275
2024-07-18,3510303.08,0.0,3510303.08,0,0.0,-0.10225049463325275
2024-07-19,3510303.08,0.0,3510303.08,0,0.0,-0.10225049463325275
2024-07-22,-2821.5499999996973,2911815.0,2908993.45,6,-0.17129849369018013,-0.25603363261368084
2024-07-23,-5831.069999999697,2885422.0,2879590.93,6,-0.010107454865530885,-0.263553239093511
2024-07-24,8614.260000000302,2839476.0,2848090.2600000002,6,-0.010939286435382667,-0.2716094411554768
2024-07-25,5086.300000000305,2830447.0,2835533.3000000003,6,-0.004408905214963177,-0.27482084608889645
2024-07-26,-1842.0499999996955,2852977.0,2851134.95,6,0.005502192479982515,-0.27083077080160667
2024-07-29,-5853.439999999696,2855803.0,2849949.5600000005,7,-0.0004157607481889425,-0.27113393074589465
2024-07-30,-4805.629999999772,2959447.0,2954641.37,6,0.036734618559354226,-0.24435931371098918
2024-07-31,2249.020000000228,3061787.0,3064036.02,6,0.03702467958065592,-0.21638195942303162
2024-08-01,-202.09999999977117,3033524.0,3033321.9000000004,6,-0.010024072758779035,-0.22423700367686705
2024-08-02,-7864.14999999977,3023699.0,3015834.85,6,-0.005764983268014001,-0.22870926437061423
2024-08-05,10679.100000000231,2981753.0,2992432.1,6,-0.007759957412787344,-0.23469444763197578
2024-08-06,-2282.509999999769,3023728.0,3021445.49,6,0.009695588414520895,-0.2272743599848679
2024-08-07,-7860.919999999769,3028339.0,3020478.08,6,-0.00032018118586019106,-0.2275217721966325
2024-08-08,-8154.55999999977,3051726.0,3043571.4400000004,6,0.007645597613474608,-0.22161571450167794
2024-08-09,-4291.64999999977,3049064.0,3044772.35,6,0.0003945726340497391,-0.2213085853638459
2024-08-12,6897.3000000002285,3026763.0,3033660.3000000003,6,-0.003649550351440878,-0.22415045888979523
2024-08-13,-5574.39999999979,2661991.0,2656416.6,6,-0.12435265082250646,-0.32062940596627443
2024-08-14,-682.8999999997905,2629011.0,2628328.1,6,-0.010573830926971284,-0.3278129557643431
2024-08-15,921.4300000002095,2665924.0,2666845.43,6,0.014654688659303972,-0.31796226391025173
2024-08-16,-7001.55999999979,2656461.0,2649459.4400000004,6,-0.006519309219957248,-0.32240867881150037
2024-08-19,7421.88000000021,2663981.0,2671402.8800000004,6,0.008282232846712256,-0.3167967097145058
2024-08-20,3489152.75,0.0,3489152.75,0,0.30611252092383734,-0.1076596282217529
2024-08-21,3489152.75,0.0,3489152.75,0,0.0,-0.1076596282217529
2024-08-22,3489152.75,0.0,3489152.75,0,0.0,-0.1076596282217529
2024-08-23,3489152.75,0.0,3489152.75,0,0.0,-0.1076596282217529
2024-08-26,3489152.75,0.0,3489152.75,0,0.0,-0.1076596282217529
2024-08-27,3489152.75,0.0,3489152.75,0,0.0,-0.1076596282217529
2024-08-28,3489152.75,0.0,3489152.75,0,0.0,-0.1076596282217529
2024-08-29,3489152.75,0.0,3489152.75,0,0.0,-0.1076596282217529
2024-08-30,3489152.75,0.0,3489152.75,0,0.0,-0.1076596282217529
2024-09-02,3489152.75,0.0,3489152.75,0,0.0,-0.1076596282217529
2024-09-03,3489152.75,0.0,3489152.75,0,0.0,-0.1076596282217529
2024-09-04,3489152.75,0.0,3489152.75,0,0.0,-0.1076596282217529
2024-09-05,3489152.75,0.0,3489152.75,0,0.0,-0.1076596282217529
2024-09-06,3489152.75,0.0,3489152.75,0,0.0,-0.1076596282217529
2024-09-09,3489152.75,0.0,3489152.75,0,0.0,-0.1076596282217529
2024-09-10,3489152.75,0.0,3489152.75,0,0.0,-0.1076596282217529
2024-09-11,3489152.75,0.0,3489152.75,0,0.0,-0.1076596282217529
2024-09-12,3489152.75,0.0,3489152.75,0,0.0,-0.1076596282217529
2024-09-13,3489152.75,0.0,3489152.75,0,0.0,-0.1076596282217529
2024-09-18,-8177.119999999646,3045524.0,3037346.8800000004,6,-0.1294887046719292,-0.2232076270897858
2024-09-19,3001.750000000354,3130604.0,3133605.7500000005,6,0.03169176054069922,-0.19858970921767372
2024-09-20,-270.02999999964595,3090439.0,3090168.97,6,-0.013861596979773294,-0.20969853568394126
2024-09-23,2325925.24,766106.0,3092031.24,2,0.0006026434211459097,-0.2092222657057492
2024-09-24,3520714.0,0.0,3520714.0,0,0.13864114775243985,-0.09958793300612034
2024-09-25,3520714.0,0.0,3520714.0,0,0.0,-0.09958793300612034
2024-09-26,3520714.0,0.0,3520714.0,0,0.0,-0.09958793300612034
2024-09-27,3520714.0,0.0,3520714.0,0,0.0,-0.09958793300612034
2024-09-30,3520714.0,0.0,3520714.0,0,0.0,-0.09958793300612034
2024-10-08,-7514.15000000014,1109925.0,1102410.8499999999,6,-0.6868786132585607,-0.7180617249441505
2024-10-09,6918.239999999867,928705.0,935623.2399999999,6,-0.15129351275887748,-0.7607171569585287
2024-10-10,-7708.660000000133,999369.0,991660.3399999999,6,0.05989280471485503,-0.7463858363686305
2024-10-11,6585.209999999866,949599.0,956184.2099999998,6,-0.03577447697464642,-0.7554587504259052
2024-10-14,70908.68999999986,953657.0,1024565.6899999998,7,0.07151496467401408,-0.7379703916012745
2024-10-15,-7270.080000000191,917806.0,910535.9199999998,6,-0.11129571399175009,-0.7671331639549893
2024-10-16,-7201.010000000191,925071.0,917869.9899999998,6,0.008054673999022377,-0.7652574975054629
2024-10-17,-7766.9300000001895,910113.0,902346.0699999998,6,-0.01691298350434134,-0.7692276935779209
2024-10-18,-7761.110000000189,922162.0,914400.8899999998,6,0.01335941985096678,-0.7661447094464523
2024-10-21,-3194.8900000001886,924830.0,921635.1099999999,6,0.007911431494779242,-0.7642945793355462
2024-10-22,3016008.0399999996,0.0,3016008.0399999996,0,2.2724534984349716,-0.22866497154652166
2024-10-23,3016008.0399999996,0.0,3016008.0399999996,0,0.0,-0.22866497154652166
2024-10-24,3016008.0399999996,0.0,3016008.0399999996,0,0.0,-0.22866497154652166
2024-10-25,3016008.0399999996,0.0,3016008.0399999996,0,0.0,-0.22866497154652166
2024-10-28,3016008.0399999996,0.0,3016008.0399999996,0,0.0,-0.22866497154652166
2024-10-29,3016008.0399999996,0.0,3016008.0399999996,0,0.0,-0.22866497154652166
2024-10-30,3016008.0399999996,0.0,3016008.0399999996,0,0.0,-0.22866497154652166
2024-10-31,3016008.0399999996,0.0,3016008.0399999996,0,0.0,-0.22866497154652166
2024-11-01,3016008.0399999996,0.0,3016008.0399999996,0,0.0,-0.22866497154652166
2024-11-04,-7801.840000000899,2172079.0,2164277.159999999,6,-0.2824033851050346,-0.4464925946318721
2024-11-05,1939.5299999991007,2215937.0,2217876.5299999993,6,0.024765483363507812,-0.43278471619264935
2024-11-06,-6650.530000000901,2221591.0,2214940.4699999993,6,-0.0013238158032179426,-0.4335356047491802
2024-11-07,-6970.470000000902,2284912.0,2277941.5299999993,6,0.0284436809265578,-0.41742327223441034
2024-11-08,-6099.840000000901,2266123.0,2260023.159999999,6,-0.00786603596449642,-0.4220058417270931
2024-11-11,88.84999999909815,2242395.0,2242483.849999999,6,-0.007760677107397473,-0.42649146775941116
2024-11-12,5600.0899999991,2228005.0,2233605.089999999,6,-0.003959341780766956,-0.4287621840527377
2024-11-13,-7088.570000000901,2240739.0,2233650.4299999992,6,2.0299022509995268e-05,-0.42875058848345327
2024-11-14,-7989.270000000901,2206330.0,2198340.729999999,6,-0.015808068946580933,-0.43778093856640055
2024-11-15,-5799.330000000901,2184728.0,2178928.669999999,6,-0.008830323586826339,-0.44274551480554103
2024-11-18,138350.57999999908,2090980.0,2229330.579999999,7,0.023131509853418164,-0.429855377190404
2024-11-19,-7123.760000000882,2616907.0,2609783.2399999993,6,0.17065780347390214,-0.3325557481992619
2024-11-20,3746.9599999991183,2617279.0,2621025.959999999,6,0.0043079133269319225,-0.3296804562119454
2024-11-21,9480.159999999116,2632575.0,2642055.159999999,6,0.008023270399046378,-0.32430230125836834
2024-11-22,-6790.840000000884,2571480.0,2564689.159999999,6,-0.02928250748557426,-0.3440884241797555
2024-11-25,1478909.999999999,1079056.0,2557965.999999999,3,-0.0026214326885524164,-0.34580785222541066
2024-11-26,3202997.769999999,0.0,3202997.769999999,0,0.2521658888351137,-0.18084290781287926
2024-11-27,3202997.769999999,0.0,3202997.769999999,0,0.0,-0.18084290781287926
2024-11-28,3202997.769999999,0.0,3202997.769999999,0,0.0,-0.18084290781287926
2024-11-29,3202997.769999999,0.0,3202997.769999999,0,0.0,-0.18084290781287926
2024-12-02,3202997.769999999,0.0,3202997.769999999,0,0.0,-0.18084290781287926
2024-12-03,3202997.769999999,0.0,3202997.769999999,0,0.0,-0.18084290781287926
2024-12-04,3202997.769999999,0.0,3202997.769999999,0,0.0,-0.18084290781287926
2024-12-05,3202997.769999999,0.0,3202997.769999999,0,0.0,-0.18084290781287926
2024-12-06,3202997.769999999,0.0,3202997.769999999,0,0.0,-0.18084290781287926
2024-12-09,3202997.769999999,0.0,3202997.769999999,0,0.0,-0.18084290781287926
2024-12-10,3202997.769999999,0.0,3202997.769999999,0,0.0,-0.18084290781287926
2024-12-11,3202997.769999999,0.0,3202997.769999999,0,0.0,-0.18084290781287926
2024-12-12,3202997.769999999,0.0,3202997.769999999,0,0.0,-0.18084290781287926
2024-12-13,3202997.769999999,0.0,3202997.769999999,0,0.0,-0.18084290781287926
2024-12-16,3202997.769999999,0.0,3202997.769999999,0,0.0,-0.18084290781287926
2024-12-17,3202997.769999999,0.0,3202997.769999999,0,0.0,-0.18084290781287926
2024-12-18,3202997.769999999,0.0,3202997.769999999,0,0.0,-0.18084290781287926
2024-12-19,3202997.769999999,0.0,3202997.769999999,0,0.0,-0.18084290781287926
2024-12-20,3202997.769999999,0.0,3202997.769999999,0,0.0,-0.18084290781287926
2024-12-23,3202997.769999999,0.0,3202997.769999999,0,0.0,-0.18084290781287926
2024-12-24,3202997.769999999,0.0,3202997.769999999,0,0.0,-0.18084290781287926
2024-12-25,3202997.769999999,0.0,3202997.769999999,0,0.0,-0.18084290781287926
2024-12-26,3202997.769999999,0.0,3202997.769999999,0,0.0,-0.18084290781287926
2024-12-27,3202997.769999999,0.0,3202997.769999999,0,0.0,-0.18084290781287926
2024-12-30,3202997.769999999,0.0,3202997.769999999,0,0.0,-0.18084290781287926
2024-12-31,3202997.769999999,0.0,3202997.769999999,0,0.0,-0.18084290781287926
2025-01-02,3202997.769999999,0.0,3202997.769999999,0,0.0,-0.18084290781287926
2025-01-03,3202997.769999999,0.0,3202997.769999999,0,0.0,-0.18084290781287926
2025-01-06,3202997.769999999,0.0,3202997.769999999,0,0.0,-0.18084290781287926
2025-01-07,3202997.769999999,0.0,3202997.769999999,0,0.0,-0.18084290781287926
2025-01-08,3202997.769999999,0.0,3202997.769999999,0,0.0,-0.18084290781287926
2025-01-09,3202997.769999999,0.0,3202997.769999999,0,0.0,-0.18084290781287926
2025-01-10,3202997.769999999,0.0,3202997.769999999,0,0.0,-0.18084290781287926
2025-01-13,3202997.769999999,0.0,3202997.769999999,0,0.0,-0.18084290781287926
2025-01-14,3202997.769999999,0.0,3202997.769999999,0,0.0,-0.18084290781287926
2025-01-15,3202997.769999999,0.0,3202997.769999999,0,0.0,-0.18084290781287926
2025-01-16,3202997.769999999,0.0,3202997.769999999,0,0.0,-0.18084290781287926
2025-01-17,3202997.769999999,0.0,3202997.769999999,0,0.0,-0.18084290781287926
2025-01-20,3202997.769999999,0.0,3202997.769999999,0,0.0,-0.18084290781287926
2025-01-21,3202997.769999999,0.0,3202997.769999999,0,0.0,-0.18084290781287926
2025-01-22,3202997.769999999,0.0,3202997.769999999,0,0.0,-0.18084290781287926
2025-01-23,3202997.769999999,0.0,3202997.769999999,0,0.0,-0.18084290781287926
2025-01-24,3202997.769999999,0.0,3202997.769999999,0,0.0,-0.18084290781287926
2025-01-27,3202997.769999999,0.0,3202997.769999999,0,0.0,-0.18084290781287926
2025-02-05,-1137.7400000010384,1081435.0,1080297.2599999988,6,-0.6627230683335759,-0.7237172093943378
2025-02-06,7763.179999998962,1084486.0,1092249.179999999,6,0.0110635474535965,-0.7206605416298599
2025-02-07,-427.37000000103944,1137775.0,1137347.629999999,6,0.04128952516128237,-0.709126748034947
2025-02-10,8300.319999998963,1164082.0,1172382.319999999,6,0.030803853699506112,-0.700166730936316
2025-02-11,6654.289999998964,1187955.0,1194609.2899999989,6,0.01895880688477125,-0.694482249890508
2025-02-12,10026.429999998963,1183526.0,1193552.429999999,6,-0.0008846909268551695,-0.694752538672023
2025-02-13,-2869.920000001037,1213398.0,1210528.079999999,6,0.014222793715061188,-0.6904110669975092
2025-02-14,-3694.420000001034,1143736.0,1140041.579999999,6,-0.058227893400044084,-0.7084377783862116
2025-02-17,1405701.649999999,387072.00000000006,1792773.649999999,4,0.5725511081797567,-0.5415035052978852
2025-02-18,3511100.869999999,0.0,3511100.869999999,0,0.9584741609739753,-0.10204646222876712
2025-02-19,3511100.869999999,0.0,3511100.869999999,0,0.0,-0.10204646222876712
2025-02-20,3511100.869999999,0.0,3511100.869999999,0,0.0,-0.10204646222876712
2025-02-21,3511100.869999999,0.0,3511100.869999999,0,0.0,-0.10204646222876712
2025-02-24,3511100.869999999,0.0,3511100.869999999,0,0.0,-0.10204646222876712
2025-02-25,3511100.869999999,0.0,3511100.869999999,0,0.0,-0.10204646222876712
2025-02-26,3511100.869999999,0.0,3511100.869999999,0,0.0,-0.10204646222876712
2025-02-27,3511100.869999999,0.0,3511100.869999999,0,0.0,-0.10204646222876712
2025-02-28,3511100.869999999,0.0,3511100.869999999,0,0.0,-0.10204646222876712
2025-03-03,3511100.869999999,0.0,3511100.869999999,0,0.0,-0.10204646222876712
2025-03-04,3511100.869999999,0.0,3511100.869999999,0,0.0,-0.10204646222876712
2025-03-05,3511100.869999999,0.0,3511100.869999999,0,0.0,-0.10204646222876712
2025-03-06,3511100.869999999,0.0,3511100.869999999,0,0.0,-0.10204646222876712
2025-03-07,3511100.869999999,0.0,3511100.869999999,0,0.0,-0.10204646222876712
2025-03-10,3511100.869999999,0.0,3511100.869999999,0,0.0,-0.10204646222876712
2025-03-11,3511100.869999999,0.0,3511100.869999999,0,0.0,-0.10204646222876712
2025-03-12,3511100.869999999,0.0,3511100.869999999,0,0.0,-0.10204646222876712
2025-03-13,3511100.869999999,0.0,3511100.869999999,0,0.0,-0.10204646222876712
2025-03-14,3511100.869999999,0.0,3511100.869999999,0,0.0,-0.10204646222876712
2025-03-17,3511100.869999999,0.0,3511100.869999999,0,0.0,-0.10204646222876712
2025-03-18,3511100.869999999,0.0,3511100.869999999,0,0.0,-0.10204646222876712
2025-03-19,3511100.869999999,0.0,3511100.869999999,0,0.0,-0.10204646222876712
2025-03-20,3511100.869999999,0.0,3511100.869999999,0,0.0,-0.10204646222876712
2025-03-21,3511100.869999999,0.0,3511100.869999999,0,0.0,-0.10204646222876712
2025-03-24,3511100.869999999,0.0,3511100.869999999,0,0.0,-0.10204646222876712
2025-03-25,3511100.869999999,0.0,3511100.869999999,0,0.0,-0.10204646222876712
2025-03-26,3511100.869999999,0.0,3511100.869999999,0,0.0,-0.10204646222876712
2025-03-27,3511100.869999999,0.0,3511100.869999999,0,0.0,-0.10204646222876712
2025-03-28,3511100.869999999,0.0,3511100.869999999,0,0.0,-0.10204646222876712
2025-03-31,3511100.869999999,0.0,3511100.869999999,0,0.0,-0.10204646222876712
2025-04-01,3511100.869999999,0.0,3511100.869999999,0,0.0,-0.10204646222876712
2025-04-02,3511100.869999999,0.0,3511100.869999999,0,0.0,-0.10204646222876712
2025-04-03,3511100.869999999,0.0,3511100.869999999,0,0.0,-0.10204646222876712
2025-04-07,3511100.869999999,0.0,3511100.869999999,0,0.0,-0.10204646222876712
2025-04-08,3511100.869999999,0.0,3511100.869999999,0,0.0,-0.10204646222876712
2025-04-09,3511100.869999999,0.0,3511100.869999999,0,0.0,-0.10204646222876712
2025-04-10,3511100.869999999,0.0,3511100.869999999,0,0.0,-0.10204646222876712
2025-04-11,3511100.869999999,0.0,3511100.869999999,0,0.0,-0.10204646222876712
2025-04-14,3511100.869999999,0.0,3511100.869999999,0,0.0,-0.10204646222876712
2025-04-15,3511100.869999999,0.0,3511100.869999999,0,0.0,-0.10204646222876712
2025-04-16,3511100.869999999,0.0,3511100.869999999,0,0.0,-0.10204646222876712
2025-04-17,3511100.869999999,0.0,3511100.869999999,0,0.0,-0.10204646222876712
2025-04-18,3511100.869999999,0.0,3511100.869999999,0,0.0,-0.10204646222876712
2025-04-21,3511100.869999999,0.0,3511100.869999999,0,0.0,-0.10204646222876712
2025-04-22,3511100.869999999,0.0,3511100.869999999,0,0.0,-0.10204646222876712
2025-04-23,3511100.869999999,0.0,3511100.869999999,0,0.0,-0.10204646222876712
2025-04-24,3511100.869999999,0.0,3511100.869999999,0,0.0,-0.10204646222876712
2025-04-25,3511100.869999999,0.0,3511100.869999999,0,0.0,-0.10204646222876712
2025-04-28,3511100.869999999,0.0,3511100.869999999,0,0.0,-0.10204646222876712
2025-04-29,3511100.869999999,0.0,3511100.869999999,0,0.0,-0.10204646222876712
2025-04-30,3511100.869999999,0.0,3511100.869999999,0,0.0,-0.10204646222876712
2025-05-06,3511100.869999999,0.0,3511100.869999999,0,0.0,-0.10204646222876712
2025-05-07,3511100.869999999,0.0,3511100.869999999,0,0.0,-0.10204646222876712
2025-05-08,3511100.869999999,0.0,3511100.869999999,0,0.0,-0.10204646222876712
2025-05-09,3511100.869999999,0.0,3511100.869999999,0,0.0,-0.10204646222876712
2025-05-12,-7987.540000001027,621055.0,613067.459999999,6,-0.8253916698212094,-0.8432098321916274
2025-05-13,-7662.990000001022,659640.0,651977.009999999,6,0.06346699594853722,-0.833258831246563
2025-05-14,-7721.050000001023,663850.0,656128.949999999,6,0.006368230683471587,-0.8321969850195093
2025-05-15,1908.1199999989758,670894.0,672802.119999999,6,0.025411422556495866,-0.8279328716995862
2025-05-16,5609.849999998976,662346.0,667955.8499999989,6,-0.007203113450355958,-0.829172290745811
2025-05-19,1169761.739999999,683304.0,1853065.739999999,4,1.7742338659059609,-0.5260839837518917
2025-05-20,3640624.429999999,0.0,3640624.429999999,0,0.9646493653268884,-0.06892119945990671
2025-05-21,3640624.429999999,0.0,3640624.429999999,0,0.0,-0.06892119945990671
2025-05-22,3640624.429999999,0.0,3640624.429999999,0,0.0,-0.06892119945990671
2025-05-23,3640624.429999999,0.0,3640624.429999999,0,0.0,-0.06892119945990671
2025-05-26,3640624.429999999,0.0,3640624.429999999,0,0.0,-0.06892119945990671
2025-05-27,3640624.429999999,0.0,3640624.429999999,0,0.0,-0.06892119945990671
2025-05-28,3640624.429999999,0.0,3640624.429999999,0,0.0,-0.06892119945990671
2025-05-29,3640624.429999999,0.0,3640624.429999999,0,0.0,-0.06892119945990671
2025-05-30,3640624.429999999,0.0,3640624.429999999,0,0.0,-0.06892119945990671
2025-06-03,3640624.429999999,0.0,3640624.429999999,0,0.0,-0.06892119945990671
2025-06-04,3640624.429999999,0.0,3640624.429999999,0,0.0,-0.06892119945990671
2025-06-05,3640624.429999999,0.0,3640624.429999999,0,0.0,-0.06892119945990671
2025-06-06,3640624.429999999,0.0,3640624.429999999,0,0.0,-0.06892119945990671
2025-06-09,3640624.429999999,0.0,3640624.429999999,0,0.0,-0.06892119945990671
2025-06-10,3640624.429999999,0.0,3640624.429999999,0,0.0,-0.06892119945990671
2025-06-11,3640624.429999999,0.0,3640624.429999999,0,0.0,-0.06892119945990671
2025-06-12,3640624.429999999,0.0,3640624.429999999,0,0.0,-0.06892119945990671
2025-06-13,3640624.429999999,0.0,3640624.429999999,0,0.0,-0.06892119945990671
2025-06-16,3640624.429999999,0.0,3640624.429999999,0,0.0,-0.06892119945990671
2025-06-17,3640624.429999999,0.0,3640624.429999999,0,0.0,-0.06892119945990671
2025-06-18,3640624.429999999,0.0,3640624.429999999,0,0.0,-0.06892119945990671
2025-06-19,3640624.429999999,0.0,3640624.429999999,0,0.0,-0.06892119945990671
2025-06-20,3640624.429999999,0.0,3640624.429999999,0,0.0,-0.06892119945990671
2025-06-23,-4391.380000001169,1800045.0,1795653.6199999987,6,-0.5067731773694659,-0.5407669615909609
2025-06-24,-8196.380000001169,1856343.0,1848146.6199999987,6,0.029233366288093032,-0.5273420339675556
2025-06-25,12168.21999999883,1865699.0,1877867.2199999988,6,0.01608129987002882,-0.5197410794798301
2025-06-26,-944.5900000011716,1863898.0,1862953.4099999988,6,-0.007941887392869051,-0.5235552417460221
2025-06-27,8887.419999998827,1872371.0,1881258.4199999988,6,0.009825801279700341,-0.5188737902306637
2025-06-30,1916390.2899999989,1303887.0,3220277.289999999,3,0.7117676422147263,-0.17642372229543535
2025-07-01,3878241.399999999,0.0,3878241.399999999,0,0.204319085205237,-0.00815137063810445
2025-07-02,3878241.399999999,0.0,3878241.399999999,0,0.0,-0.00815137063810445
2025-07-03,3878241.399999999,0.0,3878241.399999999,0,0.0,-0.00815137063810445
2025-07-04,3878241.399999999,0.0,3878241.399999999,0,0.0,-0.00815137063810445
2025-07-07,3878241.399999999,0.0,3878241.399999999,0,0.0,-0.00815137063810445
2025-07-08,3878241.399999999,0.0,3878241.399999999,0,0.0,-0.00815137063810445
2025-07-09,3878241.399999999,0.0,3878241.399999999,0,0.0,-0.00815137063810445
2025-07-10,3878241.399999999,0.0,3878241.399999999,0,0.0,-0.00815137063810445
2025-07-11,3878241.399999999,0.0,3878241.399999999,0,0.0,-0.00815137063810445
2025-07-14,-8197.330000001122,2780528.62,2772331.289999999,6,-0.2851576258249422,-0.2909845709646657
2025-07-15,-8184.300000001127,2812518.36,2804334.0599999987,6,0.011543631208663863,-0.2827999583306291
2025-07-16,16544.91999999887,2818347.71,2834892.629999999,6,0.01089690790975184,-0.27498469552368787
2025-07-17,4365.909999998872,2808018.91,2812384.819999999,6,-0.007939563481809908,-0.2807410005588613
2025-07-18,-7920.800000001128,2806699.42,2798778.6199999987,6,-0.004837958128361741,-0.2842207454816049
2025-07-21,-6753.71000000112,2525733.0,2518979.289999999,8,-0.09997194061743964,-0.3557785866095131
2025-07-22,-4170.530000001134,2125709.2199999997,2121538.6899999985,6,-0.15777843096121713,-0.4574228304058817
2025-07-23,-8454.910000001131,2169101.6,2160646.689999999,6,0.018433790618261447,-0.44742107646733487
2025-07-24,20347.209999998868,2190263.4,2210610.609999999,6,0.023124521112704466,-0.4346429534836683
2025-07-25,9183.46999999887,2131574.24,2140757.709999999,6,-0.03159891646408042,-0.45250762356891705
2025-07-28,7138.359999998864,2168824.84,2175963.199999999,6,0.01644534074806625,-0.44350392488153945
2025-07-29,-8455.18000000104,2479121.12,2470665.939999999,6,0.13543553493919402,-0.3681345812563088
2025-07-30,-2310.790000001045,2447041.25,2444730.459999999,6,-0.01049736412361757,-0.3747675026339835
2025-07-31,-3630.8500000010454,2410621.5,2406990.649999999,6,-0.01543720693037054,-0.38441934607541506
2025-08-01,-2194.920000001045,2477372.4,2475177.479999999,6,0.02832866425966385,-0.3669807684056412
2025-08-04,2098766.329999999,1443420.0,3542186.329999999,3,0.4310837742431304,-0.09409644888145874
2025-08-05,3954350.9299999992,0.0,3954350.9299999992,0,0.11635881390801939,0.0
2025-08-06,3954350.9299999992,0.0,3954350.9299999992,0,0.0,0.0
2025-08-07,3954350.9299999992,0.0,3954350.9299999992,0,0.0,0.0
2025-08-08,3954350.9299999992,0.0,3954350.9299999992,0,0.0,0.0
2025-08-11,-4902.080000000424,1604367.58,1599465.4999999995,6,-0.5955175632325582,-0.5955175632325582
2025-08-12,-6180.590000000424,1595149.1,1588968.5099999998,6,-0.006562811139095959,-0.5981721050741442
2025-08-13,-8755.520000000424,1608463.09,1599707.5699999996,6,0.006758510274064378,-0.5954563471178822
2025-08-14,83.62999999957538,1565501.73,1565585.3599999996,6,-0.021330279758568604,-0.604085376408411
2025-08-15,-7492.370000000425,1578755.29,1571262.9199999997,6,0.0036264774473875327,-0.6026496009548652
2025-08-18,-5632.550000000425,1591543.5,1585910.9499999995,6,0.009322456358863196,-0.59894531920059
2025-08-19,3991150.87,0.0,3991150.87,0,1.516629871305196,0.0
2025-08-20,3991150.87,0.0,3991150.87,0,0.0,0.0
2025-08-21,3991150.87,0.0,3991150.87,0,0.0,0.0
2025-08-22,3991150.87,0.0,3991150.87,0,0.0,0.0
2025-08-25,3991150.87,0.0,3991150.87,0,0.0,0.0
2025-08-26,3991150.87,0.0,3991150.87,0,0.0,0.0
2025-08-27,3991150.87,0.0,3991150.87,0,0.0,0.0
2025-08-28,3991150.87,0.0,3991150.87,0,0.0,0.0
2025-08-29,3991150.87,0.0,3991150.87,0,0.0,0.0
2025-09-01,3991150.87,0.0,3991150.87,0,0.0,0.0
2025-09-02,3991150.87,0.0,3991150.87,0,0.0,0.0
2025-09-03,3991150.87,0.0,3991150.87,0,0.0,0.0
2025-09-04,3991150.87,0.0,3991150.87,0,0.0,0.0
2025-09-05,3991150.87,0.0,3991150.87,0,0.0,0.0
2025-09-08,3991150.87,0.0,3991150.87,0,0.0,0.0
2025-09-09,3991150.87,0.0,3991150.87,0,0.0,0.0
2025-09-10,3991150.87,0.0,3991150.87,0,0.0,0.0
2025-09-11,3991150.87,0.0,3991150.87,0,0.0,0.0
2025-09-12,3991150.87,0.0,3991150.87,0,0.0,0.0
2025-09-15,1840.4400000000605,1742136.0,1743976.44,6,-0.5630392092895251,-0.5630392092895251
2025-09-16,-1026.0699999999408,1765462.0,1764435.9300000002,6,0.011731517428068106,-0.5579129961579228
2025-09-17,9734.840000000058,1759155.0,1768889.84,6,0.002524268478255154,-0.5567970498694779
2025-09-18,-6188.109999999943,1744862.0,1738673.8900000001,6,-0.01708187209668177,-0.5643677859764795
2025-09-19,-163.41999999994368,1735730.0,1735566.58,6,-0.0017871724064367767,-0.5651463358487373
2025-09-22,2601467.95,429570.0,3031037.95,2,0.7464256254577109,-0.2405604176020537
2025-09-23,3900902.4800000004,0.0,3900902.4800000004,0,0.28698569412501085,-0.02261212190157058
2025-09-24,3900902.4800000004,0.0,3900902.4800000004,0,0.0,-0.02261212190157058
2025-09-25,3900902.4800000004,0.0,3900902.4800000004,0,0.0,-0.02261212190157058
2025-09-26,3900902.4800000004,0.0,3900902.4800000004,0,0.0,-0.02261212190157058
2025-09-29,3900902.4800000004,0.0,3900902.4800000004,0,0.0,-0.02261212190157058
2025-09-30,3900902.4800000004,0.0,3900902.4800000004,0,0.0,-0.02261212190157058
2025-10-09,3900902.4800000004,0.0,3900902.4800000004,0,0.0,-0.02261212190157058
2025-10-10,3900902.4800000004,0.0,3900902.4800000004,0,0.0,-0.02261212190157058
2025-10-13,3900902.4800000004,0.0,3900902.4800000004,0,0.0,-0.02261212190157058
2025-10-14,3900902.4800000004,0.0,3900902.4800000004,0,0.0,-0.02261212190157058
2025-10-15,3900902.4800000004,0.0,3900902.4800000004,0,0.0,-0.02261212190157058
2025-10-16,3900902.4800000004,0.0,3900902.4800000004,0,0.0,-0.02261212190157058
2025-10-17,3900902.4800000004,0.0,3900902.4800000004,0,0.0,-0.02261212190157058
2025-10-20,-8272.930000000051,2132862.0,2124589.07,6,-0.4553596043754471,-0.46767507939382913
2025-10-21,-8633.060000000052,2141709.0,2133075.94,6,0.003994593646290401,-0.4655486576482136
2025-10-22,-5181.250000000052,2137091.0,2131909.75,6,-0.00054671752567792,-0.4658408515636995
2025-10-23,5633.339999999949,2159981.0,2165614.34,6,0.015809576366917044,-0.4573960217144084
2025-10-24,-6755.97000000005,2144432.0,2137676.03,6,-0.012900870429219613,-0.46439608533265
2025-10-27,2682745.66,1329032.0,4011777.66,2,0.8767004932922415,0.0
2025-10-28,4020753.99,0.0,4020753.99,0,0.002237494387961725,0.0
2025-10-29,4020753.99,0.0,4020753.99,0,0.0,0.0
2025-10-30,4020753.99,0.0,4020753.99,0,0.0,0.0
2025-10-31,4020753.99,0.0,4020753.99,0,0.0,0.0
2025-11-03,4020753.99,0.0,4020753.99,0,0.0,0.0
2025-11-04,4020753.99,0.0,4020753.99,0,0.0,0.0
2025-11-05,4020753.99,0.0,4020753.99,0,0.0,0.0
2025-11-06,4020753.99,0.0,4020753.99,0,0.0,0.0
2025-11-07,4020753.99,0.0,4020753.99,0,0.0,0.0
2025-11-10,4020753.99,0.0,4020753.99,0,0.0,0.0
2025-11-11,4020753.99,0.0,4020753.99,0,0.0,0.0
2025-11-12,4020753.99,0.0,4020753.99,0,0.0,0.0
2025-11-13,4020753.99,0.0,4020753.99,0,0.0,0.0
2025-11-14,4020753.99,0.0,4020753.99,0,0.0,0.0
2025-11-17,4020753.99,0.0,4020753.99,0,0.0,0.0
2025-11-18,4020753.99,0.0,4020753.99,0,0.0,0.0
2025-11-19,4020753.99,0.0,4020753.99,0,0.0,0.0
2025-11-20,4020753.99,0.0,4020753.99,0,0.0,0.0
2025-11-21,4020753.99,0.0,4020753.99,0,0.0,0.0
2025-11-24,-8348.379999999888,657776.0,649427.6200000001,6,-0.8384811352260823,-0.8384811352260823
2025-11-25,-4393.219999999888,668646.0000000001,664252.7800000003,6,0.022828040482787193,-0.8347939760422894
2025-11-26,-298.2099999998886,652014.0,651715.7900000002,6,-0.01887382390782033,-0.8379120454469784
2025-11-27,9942.640000000109,653118.0,663060.6400000001,6,0.01740766477362765,-0.8350904726702764
2025-11-28,-6049.269999999891,642571.0,636521.7300000001,6,-0.040024861074546725,-0.8416909535915178
2025-12-01,1995507.6300000001,0.0,1995507.6300000001,3,2.1350188625924833,-0.5036981533903794
2025-12-02,4062151.49,0.0,4062151.49,0,1.0356481874238685,0.0
2025-12-03,4062151.49,0.0,4062151.49,0,0.0,0.0
2025-12-04,4062151.49,0.0,4062151.49,0,0.0,0.0
2025-12-05,4062151.49,0.0,4062151.49,0,0.0,0.0
2025-12-08,4062151.49,0.0,4062151.49,0,0.0,0.0
2025-12-09,4062151.49,0.0,4062151.49,0,0.0,0.0
2025-12-10,4062151.49,0.0,4062151.49,0,0.0,0.0
2025-12-11,4062151.49,0.0,4062151.49,0,0.0,0.0
2025-12-12,4062151.49,0.0,4062151.49,0,0.0,0.0
2025-12-15,-7713.89999999979,395207.0,387493.1000000002,6,-0.9046088997532684,-0.9046088997532684
2025-12-16,-7371.469999999797,412104.0,404732.5300000002,6,0.04448964381559306,-0.9003649836801138
2025-12-17,13485.310000000203,426825.0,440310.31000000023,6,0.0879044241884881,-0.8916066249415036
2025-12-18,7851.900000000205,401505.00000000006,409356.90000000026,6,-0.07029908066427049,-0.8992265795582133
2025-12-19,30346.300000000207,407682.0,438028.3000000002,6,0.07004010436858388,-0.8921683986728914
2025-12-22,686852.9700000002,419184.0,1106036.9700000002,5,1.5250354143784768,-0.7277213878599096
2025-12-23,4260286.600000001,0.0,4260286.600000001,0,2.85184827953807,0.0
2025-12-24,4260286.600000001,0.0,4260286.600000001,0,0.0,0.0
2025-12-25,4260286.600000001,0.0,4260286.600000001,0,0.0,0.0
2025-12-26,4260286.600000001,0.0,4260286.600000001,0,0.0,0.0
2025-12-29,4260286.600000001,0.0,4260286.600000001,0,0.0,0.0
2025-12-30,4260286.600000001,0.0,4260286.600000001,0,0.0,0.0
2025-12-31,4260286.600000001,0.0,4260286.600000001,0,0.0,0.0
2026-01-05,-7071.739999999409,751225.0,744153.2600000006,6,-0.8253278875651229,-0.8253278875651229
2026-01-06,-7961.6499999994085,749744.0,741782.3500000006,6,-0.003186050679936603,-0.8258844017677119
2026-01-07,1169.200000000592,752000.0,753169.2000000005,6,0.015350661821489808,-0.8232116121014017
2026-01-08,2202.1700000005912,762035.9999999999,764238.1700000005,6,0.014696525030497787,-0.8206134371335486
2026-01-09,1338.20000000059,783120.0,784458.2000000005,6,0.02645775988917176,-0.8158672705258843
2026-01-12,1775688.5500000005,0.0,1775688.5500000005,4,1.2635859374024,-0.5831997429468712
2026-01-13,4630441.040000001,0.0,4630441.040000001,0,1.6076876150381212,0.0
2026-01-14,4630441.040000001,0.0,4630441.040000001,0,0.0,0.0
2026-01-15,4630441.040000001,0.0,4630441.040000001,0,0.0,0.0
2026-01-16,4630441.040000001,0.0,4630441.040000001,0,0.0,0.0
2026-01-19,4630441.040000001,0.0,4630441.040000001,0,0.0,0.0
2026-01-20,4630441.040000001,0.0,4630441.040000001,0,0.0,0.0
2026-01-21,4630441.040000001,0.0,4630441.040000001,0,0.0,0.0
2026-01-22,4630441.040000001,0.0,4630441.040000001,0,0.0,0.0
2026-01-23,4630441.040000001,0.0,4630441.040000001,0,0.0,0.0
2026-01-26,4630441.040000001,0.0,4630441.040000001,0,0.0,0.0
2026-01-27,4630441.040000001,0.0,4630441.040000001,0,0.0,0.0
2026-01-28,4630441.040000001,0.0,4630441.040000001,0,0.0,0.0
2026-01-29,4630441.040000001,0.0,4630441.040000001,0,0.0,0.0
2026-01-30,4630441.040000001,0.0,4630441.040000001,0,0.0,0.0
2026-02-02,24752.74000000127,2237533.0,2262285.740000001,6,-0.5114319088706072,-0.5114319088706072
2026-02-03,-4056.4599999987295,2326396.0,2322339.5400000014,6,0.026545629907917867,-0.4984625611386684
2026-02-04,20553.91000000127,2313705.0,2334258.910000001,6,0.005132483771085328,-0.49588842837312086
2026-02-05,-4595.249999998731,2280796.0,2276200.7500000014,6,-0.024872202372786312,-0.508426793401088
2026-02-06,32737.510000001275,2288939.0,2321676.510000001,6,0.01997880020028986,-0.49860575052263256
2026-02-09,9924.970000001274,2324988.0,2334912.970000001,8,0.005701250774165834,-0.4957471761696375
2026-02-10,-7810.709999998915,2368891.0,2361080.290000001,6,0.011206978733772521,-0.49009602549652587
2026-02-11,-3676.589999998917,2376895.0,2373218.410000001,6,0.005140917931257594,-0.48747465101078136
2026-02-12,-8160.399999998916,2380153.0,2371992.600000001,6,-0.0005165179887509641,-0.4877393795732251
2026-02-13,-8643.389999998919,2357053.0,2348409.6100000013,6,-0.009942269634399259,-0.4928324127845928
2026-02-24,2361.5400000010814,2379528.0,2381889.540000001,6,0.014256426927157673,-0.48560201513763357
2026-02-25,43549.50000000108,2425029.0,2468578.500000001,6,0.036395037865609714,-0.46688048100057433
2026-02-26,2219.8200000010766,2439618.0,2441837.820000001,6,-0.010832420358517947,-0.472655455731707
2026-02-27,-8240.329999998923,2454784.0,2446543.670000001,6,0.0019271754911223127,-0.4716391702506161
2026-03-02,4873.490000001077,2378239.0,2383112.490000001,6,-0.025926853780623427,-0.4853379042269371
2026-03-03,1095.2800000010757,2294688.0,2295783.280000001,6,-0.036645022157556606,-0.5041977081301956
2026-03-04,-4049.009999998923,2276812.0,2272762.990000001,6,-0.010027205181144083,-0.5091692194400557
2026-03-05,-2472.7599999989234,2333348.0,2330875.240000001,6,0.025568988168009454,-0.4966191730194235
2026-03-06,-7767.049999998924,2341506.0,2333738.950000001,6,0.001228598575700568,-0.4960007200523602
2026-03-09,-7908.019999998927,2329965.0,2322056.980000001,6,-0.005005688404009501,-0.4985235834036231
2026-03-10,-6802.769999998971,1526576.0,1519773.230000001,6,-0.34550562579218,-0.6717865065397743
2026-03-11,-7875.74999999897,1532218.0,1524342.250000001,6,0.0030063827351400896,-0.6707997711595954
2026-03-12,9434.900000001031,1512211.0,1521645.900000001,6,-0.0017688612908287604,-0.6713820807013233
2026-03-13,4973.060000001031,1490940.0,1495913.060000001,6,-0.016911188076016992,-0.6769394001397325
2026-03-16,3601.2800000010284,1532912.0,1536513.280000001,6,0.0271407617766235,-0.668171289359512
2026-03-17,-6706.909999998868,1640468.0,1633761.0900000012,6,0.06329122648390006,-0.6471694432805042
2026-03-18,2868.19000000113,1624365.0,1627233.190000001,6,-0.003995627047281514,-0.6485792225960401
2026-03-19,6556.220000001131,1595416.0,1601972.2200000011,6,-0.015523878295525595,-0.6540346359749781
2026-03-20,-7718.139999998868,1554004.0,1546285.860000001,6,-0.03476112713115587,-0.6660607819768285
2026-03-23,167277.14000000112,1467385.0,1634662.140000001,7,0.05715390813959842,-0.6469748505857229
2026-03-24,-8114.709999999148,2448624.0,2440509.290000001,6,0.49297474400428665,-0.4729423679261445
2026-03-25,-7650.84999999914,2525058.0,2517407.150000001,6,0.031508939677094894,-0.456335340790777
2026-03-26,-3344.4899999991394,2471634.0,2468289.5100000007,6,-0.019511202230437785,-0.4669428919021502
2026-03-27,-7036.539999999139,2508342.0,2501305.460000001,6,0.013376044368474505,-0.4598126963733026
2026-03-30,-6957.979999999139,2541240.0,2534282.020000001,6,0.013183739662088412,-0.45269100759352277
2026-03-31,4360530.890000001,0.0,4360530.890000001,0,0.7206178537304222,-0.0582903761582072
2026-04-01,4360530.890000001,0.0,4360530.890000001,0,0.0,-0.0582903761582072
2026-04-02,4360530.890000001,0.0,4360530.890000001,0,0.0,-0.0582903761582072
2026-04-03,4360530.890000001,0.0,4360530.890000001,0,0.0,-0.0582903761582072
2026-04-07,4360530.890000001,0.0,4360530.890000001,0,0.0,-0.0582903761582072
2026-04-08,4360530.890000001,0.0,4360530.890000001,0,0.0,-0.0582903761582072
2026-04-09,4360530.890000001,0.0,4360530.890000001,0,0.0,-0.0582903761582072
2026-04-10,4360530.890000001,0.0,4360530.890000001,0,0.0,-0.0582903761582072
2026-04-13,4360530.890000001,0.0,4360530.890000001,0,0.0,-0.0582903761582072
2026-04-14,4360530.890000001,0.0,4360530.890000001,0,0.0,-0.0582903761582072
2026-04-15,4360530.890000001,0.0,4360530.890000001,0,0.0,-0.0582903761582072
2026-04-16,4360530.890000001,0.0,4360530.890000001,0,0.0,-0.0582903761582072
2026-04-17,4360530.890000001,0.0,4360530.890000001,0,0.0,-0.0582903761582072
2026-04-20,-8686.469999998924,3284770.0,3276083.530000001,6,-0.2486961765336787,-0.29248995901263
2026-04-21,-4348.329999998925,3248323.0,3243974.670000001,6,-0.00980098941494334,-0.2994242574353133
2026-04-22,-7654.319999998926,3200356.0,3192701.680000001,6,-0.01580560738472092,-0.3104972825655501
2026-04-23,11362.380000001074,3173130.0,3184492.3800000013,6,-0.0025712706111645778,-0.3122701806392074
2026-04-24,-4178.9499999989275,3260364.0,3256185.050000001,6,0.022513060621611514,-0.29678727752464795
2026-04-27,-7540.989999998928,3256837.0,3249296.010000001,8,-0.002115678284316247,-0.29827504941084393
2026-04-28,22462.000000001106,4282674.0,4305136.000000001,6,0.3249442299964538,-0.07025357567235102
2026-04-29,-1612.1799999988943,4462324.0,4460711.820000001,6,0.03613726023986241,-0.036655087179341295
2026-04-30,34275.5600000011,4436584.0,4470859.560000001,6,0.002274914948439788,-0.03446355943666213
2026-05-06,-5015.199999998898,4537949.0,4532933.800000001,6,0.013884184722635196,-0.02105787313944507
2026-05-07,4533330.270000001,0.0,4533330.270000001,0,8.74643260839747e-05,-0.02097225062604391
2026-05-08,4533330.270000001,0.0,4533330.270000001,0,0.0,-0.02097225062604391
2026-05-11,4533330.270000001,0.0,4533330.270000001,0,0.0,-0.02097225062604391
2026-05-12,4533330.270000001,0.0,4533330.270000001,0,0.0,-0.02097225062604391
2026-05-13,4533330.270000001,0.0,4533330.270000001,0,0.0,-0.02097225062604391
2026-05-14,4533330.270000001,0.0,4533330.270000001,0,0.0,-0.02097225062604391
2026-05-15,4533330.270000001,0.0,4533330.270000001,0,0.0,-0.02097225062604391
2026-05-18,4533330.270000001,0.0,4533330.270000001,0,0.0,-0.02097225062604391
2026-05-19,4533330.270000001,0.0,4533330.270000001,0,0.0,-0.02097225062604391
2026-05-20,4533330.270000001,0.0,4533330.270000001,0,0.0,-0.02097225062604391
2026-05-21,4533330.270000001,0.0,4533330.270000001,0,0.0,-0.02097225062604391
2026-05-22,4533330.270000001,0.0,4533330.270000001,0,0.0,-0.02097225062604391
2026-05-25,125.70000000135042,2365865.0,2365990.700000001,6,-0.4780899340916539,-0.48903556279813887
2026-05-26,-8820.67999999865,2346782.0,2337961.320000001,6,-0.011846783675016126,-0.4950888479512956
2026-05-27,2999.2000000013486,2331418.0,2334417.200000001,6,-0.0015159018969570504,-0.49585424372448106
2026-05-28,-3051.519999998649,2322535.0,2319483.4800000014,6,-0.006397194126225525,-0.49907936199528824
2026-05-29,5383.810000001349,2328334.0,2333717.8100000015,6,0.0061368533653018975,-0.4960052854921999
2026-06-01,-3274.4499999986547,2417122.0,2413847.550000001,6,0.03433565946004391,-0.47870029460519803
2026-06-02,4615310.580000002,0.0,4615310.580000002,0,0.9120141120759675,-0.0032676066640940915
2026-06-03,4615310.580000002,0.0,4615310.580000002,0,0.0,-0.0032676066640940915
2026-06-04,4615310.580000002,0.0,4615310.580000002,0,0.0,-0.0032676066640940915
2026-06-05,4615310.580000002,0.0,4615310.580000002,0,0.0,-0.0032676066640940915
2026-06-08,4615310.580000002,0.0,4615310.580000002,0,0.0,-0.0032676066640940915
2026-06-09,4615310.580000002,0.0,4615310.580000002,0,0.0,-0.0032676066640940915
2026-06-10,4615310.580000002,0.0,4615310.580000002,0,0.0,-0.0032676066640940915
2026-06-11,4615310.580000002,0.0,4615310.580000002,0,0.0,-0.0032676066640940915
2026-06-12,4615310.580000002,0.0,4615310.580000002,0,0.0,-0.0032676066640940915
2026-06-15,4615310.580000002,0.0,4615310.580000002,0,0.0,-0.0032676066640940915
2026-06-16,4615310.580000002,0.0,4615310.580000002,0,0.0,-0.0032676066640940915
2026-06-17,4615310.580000002,0.0,4615310.580000002,0,0.0,-0.0032676066640940915
2026-06-18,4615310.580000002,0.0,4615310.580000002,0,0.0,-0.0032676066640940915
2026-06-22,4615310.580000002,0.0,4615310.580000002,0,0.0,-0.0032676066640940915
2026-06-23,4615310.580000002,0.0,4615310.580000002,0,0.0,-0.0032676066640940915
2026-06-24,4615310.580000002,0.0,4615310.580000002,0,0.0,-0.0032676066640940915
2026-06-25,4615310.580000002,0.0,4615310.580000002,0,0.0,-0.0032676066640940915
2026-06-26,4615310.580000002,0.0,4615310.580000002,0,0.0,-0.0032676066640940915
2026-06-29,4615310.580000002,0.0,4615310.580000002,0,0.0,-0.0032676066640940915
2026-06-30,4615310.580000002,0.0,4615310.580000002,0,0.0,-0.0032676066640940915
2026-07-01,4615310.580000002,0.0,4615310.580000002,0,0.0,-0.0032676066640940915
2026-07-02,4615310.580000002,0.0,4615310.580000002,0,0.0,-0.0032676066640940915
2026-07-03,4615310.580000002,0.0,4615310.580000002,0,0.0,-0.0032676066640940915
2026-07-06,-8830.249999998021,3680855.0,3672024.750000002,6,-0.20438187498965665,-0.20698164207701453
2026-07-07,5218.650000001979,3577673.0,3582891.650000002,6,-0.024273556435043142,-0.22623101794208333
2026-07-08,-6797.6099999980215,3618015.0,3611217.390000002,6,0.00790583215096663,-0.2201137302463091
2026-07-09,-8593.529999998023,3644299.0,3635705.470000002,6,0.0067811148860246195,-0.21482523185307612
2026-07-10,-8580.169999998025,3720509.0,3711928.830000002,6,0.020965218615467185,-0.19836387118752707
2026-07-13,2247042.140000002,1379973.0,3627015.140000002,3,-0.022875893878601117,-0.21670201419949375
2026-07-14,4403920.540000002,0.0,4403920.540000002,0,0.2141996572972671,-0.048919854079385705
2026-07-15,4403920.540000002,0.0,4403920.540000002,0,0.0,-0.048919854079385705
2026-07-16,4403920.540000002,0.0,4403920.540000002,0,0.0,-0.048919854079385705
2026-07-17,4403920.540000002,0.0,4403920.540000002,0,0.0,-0.048919854079385705
2026-07-20,-8905.90999999782,1752036.0,1743130.0900000022,6,-0.6041867526519901,-0.6235498789549425
2026-07-21,-8666.579999997812,1760294.0,1751627.4200000023,6,0.004874753782719621,-0.6217147773033729
2026-07-22,2700.2500000021882,1724026.0,1726726.250000002,6,-0.014216019751506326,-0.627092487500931
2026-07-23,-874.1399999978112,1761541.0,1760666.8600000022,6,0.019656045652864718,-0.6197626004109531
2026-07-24,-674.9899999978115,1718858.0,1718183.010000002,6,-0.02412940855830048,-0.628937503974783
2026-07-27,1153.0700000021825,1780526.0,1781679.0700000022,6,0.03695535320186871,-0.6152247583742041
2026-07-28,4409423.860000002,0.0,4409423.860000002,0,1.4748698765373032,-0.04773134526295553
2026-07-29,4409423.860000002,0.0,4409423.860000002,0,0.0,-0.04773134526295553
2026-07-30,4409423.860000002,0.0,4409423.860000002,0,0.0,-0.04773134526295553
2026-07-31,4409423.860000002,0.0,4409423.860000002,0,0.0,-0.04773134526295553
2026-08-03,4409423.860000002,0.0,4409423.860000002,0,0.0,-0.04773134526295553
2026-08-04,4409423.860000002,0.0,4409423.860000002,0,0.0,-0.04773134526295553
2026-08-05,4409423.860000002,0.0,4409423.860000002,0,0.0,-0.04773134526295553
2026-08-06,4409423.860000002,0.0,4409423.860000002,0,0.0,-0.04773134526295553
2026-08-07,4409423.860000002,0.0,4409423.860000002,0,0.0,-0.04773134526295553
2026-08-10,4409423.860000002,0.0,4409423.860000002,0,0.0,-0.04773134526295553
2026-08-11,4409423.860000002,0.0,4409423.860000002,0,0.0,-0.04773134526295553
2026-08-12,4409423.860000002,0.0,4409423.860000002,0,0.0,-0.04773134526295553
2026-08-13,4409423.860000002,0.0,4409423.860000002,0,0.0,-0.04773134526295553
2026-08-14,4409423.860000002,0.0,4409423.860000002,0,0.0,-0.04773134526295553
2026-08-17,4409423.860000002,0.0,4409423.860000002,0,0.0,-0.04773134526295553
2026-08-18,4409423.860000002,0.0,4409423.860000002,0,0.0,-0.04773134526295553
2026-08-19,4409423.860000002,0.0,4409423.860000002,0,0.0,-0.04773134526295553
2026-08-20,4409423.860000002,0.0,4409423.860000002,0,0.0,-0.04773134526295553
2026-08-21,4409423.860000002,0.0,4409423.860000002,0,0.0,-0.04773134526295553
2026-08-24,21574.69000000204,807846.9500000001,829421.6400000021,6,-0.8118979562105418,-0.820876319807324
