"日期","时间","证券代码","证券名称","买/卖","数量","成交价","成交金额","平仓盈亏","交易费用","成交类型"
"2026-09-21","2026-09-21 09:30:00.000","688709.SH","成都华微","卖出","33906","25.19","854092.14","68158.59 / 8.67%","1110.32","普通成交"
"2026-09-21","2026-09-21 09:30:00.000","688539.SH","高华科技","卖出","33017","24.53","809907.01","63194.74 / 8.46%","1052.88","普通成交"
"2026-09-21","2026-09-21 09:30:00.000","688283.SH","坤恒顺维","卖出","26109","27.52","718519.68","40906.48 / 6.04%","934.08","普通成交"
"2026-09-21","2026-09-21 09:30:00.000","301590.SZ","优优绿能","买入","100","69.66","6966","--","5","普通成交"
"2026-09-21","2026-09-21 09:30:00.000","301325.SZ","曼恩斯特","买入","200","31.8","6360","--","5","普通成交"
"2026-09-21","2026-09-21 09:30:00.000","002544.SZ","普天科技","卖出","56900","16.19","921211","12886.49 / 1.42%","1197.57","普通成交"
"2026-09-18","2026-09-18 09:30:00.000","688539.SH","高华科技","买入","344","23.28","8008.32","--","5","普通成交"
"2026-09-18","2026-09-18 09:30:00.000","688283.SH","坤恒顺维","买入","670","26.45","17721.5","--","5.32","普通成交"
"2026-09-18","2026-09-18 09:30:00.000","301325.SZ","曼恩斯特","卖出","1000","31.27","31270","3534.67 / 12.74%","40.65","普通成交"
"2026-09-18","2026-09-18 09:30:00.000","002544.SZ","普天科技","买入","1000","15.89","15890","--","5","普通成交"
"2026-09-17","2026-09-17 09:30:00.000","688539.SH","高华科技","卖出","600","23.62","14172","606.69 / 4.47%","19.17","普通成交"
"2026-09-17","2026-09-17 09:30:00.000","301325.SZ","曼恩斯特","买入","300","30.39","9117","--","5","普通成交"
"2026-09-17","2026-09-17 09:30:00.000","002544.SZ","普天科技","买入","1000","16.11","16110","--","5","普通成交"
"2026-09-16","2026-09-16 09:30:00.000","688709.SH","成都华微","买入","359","23.43","8411.37","--","5","普通成交"
"2026-09-16","2026-09-16 09:30:00.000","688539.SH","高华科技","买入","765","22.69","17357.85","--","5.21","普通成交"
"2026-09-16","2026-09-16 09:30:00.000","301590.SZ","优优绿能","买入","100","65.11","6511","--","5","普通成交"
"2026-09-16","2026-09-16 09:30:00.000","301325.SZ","曼恩斯特","卖出","2000","29.88","59760","4343.12 / 7.84%","77.69","普通成交"
"2026-09-16","2026-09-16 09:30:00.000","002544.SZ","普天科技","买入","200","15.69","3138","--","5","普通成交"
"2026-09-15","2026-09-15 09:30:00.000","688283.SH","坤恒顺维","买入","226","26.16","5912.16","--","5","普通成交"
"2026-09-15","2026-09-15 09:30:00.000","301325.SZ","曼恩斯特","买入","100","27.7","2770","--","5","普通成交"
"2026-09-15","2026-09-15 09:30:00.000","002544.SZ","普天科技","买入","500","15.75","7875","--","5","普通成交"
"2026-09-14","2026-09-14 09:30:00.000","688709.SH","成都华微","买入","33547","23.17","777283.99","--","233.19","普通成交"
"2026-09-14","2026-09-14 09:30:00.000","688539.SH","高华科技","买入","32508","22.6","734680.8","--","220.4","普通成交"
"2026-09-14","2026-09-14 09:30:00.000","688283.SH","坤恒顺维","买入","25213","25.93","653773.09","--","196.13","普通成交"
"2026-09-14","2026-09-14 09:30:00.000","301590.SZ","优优绿能","买入","9800","65.05","637490","--","191.25","普通成交"
"2026-09-14","2026-09-14 09:30:00.000","301325.SZ","曼恩斯特","买入","31700","27.7","878090","--","263.43","普通成交"
"2026-09-14","2026-09-14 09:30:00.000","002544.SZ","普天科技","买入","54200","15.96","865032","--","259.51","普通成交"
"2026-09-01","2026-09-01 09:30:00.000","688776.SH","国光电气","卖出","17718","48.62","861449.16","31597.45 / 3.81%","1119.88","普通成交"
"2026-09-01","2026-09-01 09:30:00.000","688081.SH","兴图新科","卖出","22787","27.99","637808.13","-15566.79 / -2.38%","829.15","普通成交"
"2026-09-01","2026-09-01 09:30:00.000","301560.SZ","众捷汽车","卖出","29400","23.85","701190","35236.88 / 5.29%","911.55","普通成交"
"2026-09-01","2026-09-01 09:30:00.000","301398.SZ","星源卓镁","卖出","24700","35.66","880802","107439.38 / 13.89%","1145.04","普通成交"
"2026-08-31","2026-08-31 09:30:00.000","920252.BJ","天宏锂电","卖出","59200","15.58","922336","11566.15 / 1.27%","1199.04","普通成交"
"2026-08-31","2026-08-31 09:30:00.000","688776.SH","国光电气","卖出","200","47.91","9582","214.67 / 2.29%","14.58","普通成交"
"2026-08-31","2026-08-31 09:30:00.000","688081.SH","兴图新科","买入","577","27.95","16127.15","--","5","普通成交"
"2026-08-31","2026-08-31 09:30:00.000","301590.SZ","优优绿能","卖出","7600","71.61","544236","-19421.65 / -3.45%","707.51","普通成交"
"2026-08-31","2026-08-31 09:30:00.000","301398.SZ","星源卓镁","卖出","1000","32.77","32770","1459.77 / 4.66%","42.6","普通成交"
"2026-08-28","2026-08-28 09:30:00.000","920252.BJ","天宏锂电","买入","1500","15.75","23625","--","7.09","普通成交"
"2026-08-28","2026-08-28 09:30:00.000","688776.SH","国光电气","买入","319","47.26","15075.94","--","5","普通成交"
"2026-08-28","2026-08-28 09:30:00.000","688081.SH","兴图新科","卖出","300","29","8700","92.49 / 1.07%","13.7","普通成交"
"2026-08-28","2026-08-28 09:30:00.000","301398.SZ","星源卓镁","买入","100","32","3200","--","5","普通成交"
"2026-08-27","2026-08-27 09:30:00.000","920252.BJ","天宏锂电","卖出","800","16.19","12952","652.0 / 5.3%","17.95","普通成交"
"2026-08-27","2026-08-27 09:30:00.000","688776.SH","国光电气","卖出","400","47.38","18952","220.52 / 1.18%","24.64","普通成交"
"2026-08-27","2026-08-27 09:30:00.000","301560.SZ","众捷汽车","买入","100","22.32","2232","--","5","普通成交"
"2026-08-26","2026-08-26 09:30:00.000","920252.BJ","天宏锂电","买入","1600","15.74","25184","--","7.56","普通成交"
"2026-08-26","2026-08-26 09:30:00.000","688776.SH","国光电气","买入","418","47.01","19650.18","--","5.9","普通成交"
"2026-08-26","2026-08-26 09:30:00.000","688081.SH","兴图新科","买入","215","28.99","6232.85","--","5","普通成交"
"2026-08-26","2026-08-26 09:30:00.000","301590.SZ","优优绿能","买入","100","71.14","7114","--","5","普通成交"
"2026-08-26","2026-08-26 09:30:00.000","301560.SZ","众捷汽车","卖出","400","23.03","9212","151.03 / 1.67%","14.21","普通成交"
"2026-08-26","2026-08-26 09:30:00.000","301398.SZ","星源卓镁","卖出","200","32.23","6446","184.53 / 2.95%","11.45","普通成交"
"2026-08-25","2026-08-25 09:30:00.000","920252.BJ","天宏锂电","卖出","2600","16","41600","1652.02 / 4.14%","54.08","普通成交"
"2026-08-25","2026-08-25 09:30:00.000","301590.SZ","优优绿能","买入","200","71","14200","--","5","普通成交"
"2026-08-25","2026-08-25 09:30:00.000","301560.SZ","众捷汽车","买入","400","22.32","8928","--","5","普通成交"
"2026-08-25","2026-08-25 09:30:00.000","301398.SZ","星源卓镁","买入","100","30.73","3073","--","5","普通成交"
"2026-08-24","2026-08-24 09:30:00.000","920252.BJ","天宏锂电","买入","59500","15.36","913920","--","274.18","普通成交"
"2026-08-24","2026-08-24 09:30:00.000","688776.SH","国光电气","买入","17581","46.81","822966.61","--","246.89","普通成交"
"2026-08-24","2026-08-24 09:30:00.000","688081.SH","兴图新科","买入","22295","28.68","639420.6","--","191.83","普通成交"
"2026-08-24","2026-08-24 09:30:00.000","301590.SZ","优优绿能","买入","7300","74.27","542171","--","162.65","普通成交"
"2026-08-24","2026-08-24 09:30:00.000","301560.SZ","众捷汽车","买入","29300","22.65","663645","--","199.09","普通成交"
"2026-08-24","2026-08-24 09:30:00.000","301398.SZ","星源卓镁","买入","25700","31.3","804410","--","241.32","普通成交"
"2026-07-28","2026-07-28 09:30:00.000","300991.SZ","创益通","卖出","25900","25.67","664853","-681.92 / -0.1%","864.31","普通成交"
"2026-07-28","2026-07-28 09:30:00.000","003040.SZ","楚天龙","卖出","97300","10.41","1012893","38294.62 / 3.93%","1316.76","普通成交"
"2026-07-28","2026-07-28 09:30:00.000","920374.BJ","云里物里","卖出","33300","13.93","463869","-34019.29 / -6.83%","603.03","普通成交"
"2026-07-28","2026-07-28 09:30:00.000","300940.SZ","南极光","卖出","63200","12.78","807696","13016.54 / 1.64%","1050","普通成交"
"2026-07-28","2026-07-28 09:30:00.000","301622.SZ","英思特","卖出","19300","38.56","744208","-12965.09 / -1.71%","967.47","普通成交"
"2026-07-28","2026-07-28 09:30:00.000","300963.SZ","中洲特材","卖出","66100","10.9","720490","9648.46 / 1.36%","936.64","普通成交"
"2026-07-27","2026-07-27 09:30:00.000","920374.BJ","云里物里","买入","1900","13.52","25688","--","7.71","普通成交"
"2026-07-27","2026-07-27 09:30:00.000","300991.SZ","创益通","买入","100","24.02","2402","--","5","普通成交"
"2026-07-27","2026-07-27 09:30:00.000","300963.SZ","中洲特材","买入","1000","10.58","10580","--","5","普通成交"
"2026-07-27","2026-07-27 09:30:00.000","300940.SZ","南极光","卖出","3800","12.8","48640","858.64 / 1.8%","63.23","普通成交"
"2026-07-27","2026-07-27 09:30:00.000","003040.SZ","楚天龙","买入","800","10.07","8056","--","5","普通成交"
"2026-07-24","2026-07-24 09:30:00.000","920374.BJ","云里物里","买入","500","14.65","7325","--","5","普通成交"
"2026-07-24","2026-07-24 09:30:00.000","301622.SZ","英思特","卖出","100","39.13","3913","-10.18 / -0.26%","8.91","普通成交"
"2026-07-24","2026-07-24 09:30:00.000","300963.SZ","中洲特材","卖出","1100","10.85","11935","102.71 / 0.87%","16.94","普通成交"
"2026-07-24","2026-07-24 09:30:00.000","003040.SZ","楚天龙","买入","800","10.36","8288","--","5","普通成交"
"2026-07-23","2026-07-23 09:30:00.000","920374.BJ","云里物里","卖出","400","14.55","5820","-197.64 / -3.28%","10.82","普通成交"
"2026-07-23","2026-07-23 09:30:00.000","300991.SZ","创益通","卖出","100","24.21","2421","-149.26 / -5.81%","7.42","普通成交"
"2026-07-23","2026-07-23 09:30:00.000","300963.SZ","中洲特材","买入","700","10.25","7175","--","5","普通成交"
"2026-07-23","2026-07-23 09:30:00.000","300940.SZ","南极光","买入","800","12.19","9752","--","5","普通成交"
"2026-07-23","2026-07-23 09:30:00.000","003040.SZ","楚天龙","卖出","500","10.3","5150","143.5 / 2.87%","10.15","普通成交"
"2026-07-22","2026-07-22 09:30:00.000","300991.SZ","创益通","卖出","500","24.04","12020","-831.32 / -6.47%","17.02","普通成交"
"2026-07-22","2026-07-22 09:30:00.000","300963.SZ","中洲特材","买入","100","10.41","1041","--","5","普通成交"
"2026-07-22","2026-07-22 09:30:00.000","300940.SZ","南极光","买入","800","12.15","9720","--","5","普通成交"
"2026-07-22","2026-07-22 09:30:00.000","003040.SZ","楚天龙","卖出","1000","10.15","10150","137.0 / 1.37%","15.15","普通成交"
"2026-07-21","2026-07-21 09:30:00.000","920374.BJ","云里物里","买入","3200","14.07","45024","--","13.51","普通成交"
"2026-07-21","2026-07-21 09:30:00.000","301622.SZ","英思特","卖出","100","37.72","3772","-151.18 / -3.85%","8.77","普通成交"
"2026-07-21","2026-07-21 09:30:00.000","300991.SZ","创益通","买入","1000","23.28","23280","--","6.98","普通成交"
"2026-07-21","2026-07-21 09:30:00.000","300963.SZ","中洲特材","卖出","500","10.44","5220","-161.21 / -3.0%","10.22","普通成交"
"2026-07-21","2026-07-21 09:30:00.000","300940.SZ","南极光","卖出","1600","12.25","19600","-534.04 / -2.65%","25.48","普通成交"
"2026-07-21","2026-07-21 09:30:00.000","003040.SZ","楚天龙","卖出","3900","10.01","39039","-11.71 / -0.03%","50.75","普通成交"
"2026-07-21","2026-07-21 00:00:00.000","300963.SZ","中洲特材","卖出","0","10.48","1370.72","--","342.68","除权除息"
"2026-07-20","2026-07-20 09:30:00.000","920374.BJ","云里物里","买入","28100","15.15","425715","--","127.71","普通成交"
"2026-07-20","2026-07-20 09:30:00.000","301622.SZ","英思特","买入","19500","39.22","764790","--","229.44","普通成交"
"2026-07-20","2026-07-20 09:30:00.000","300991.SZ","创益通","买入","25400","25.79","655066","--","196.52","普通成交"
"2026-07-20","2026-07-20 09:30:00.000","300963.SZ","中洲特材","买入","65900","10.79","711061","--","213.32","普通成交"
"2026-07-20","2026-07-20 09:30:00.000","300940.SZ","南极光","买入","67000","12.58","842860","--","252.86","普通成交"
"2026-07-20","2026-07-20 09:30:00.000","003040.SZ","楚天龙","买入","101100","10.01","1012011","--","303.6","普通成交"
"2026-07-14","2026-07-14 09:30:00.000","600802.SH","福建水泥","卖出","163900","4.08","668712","-43752.94 / -6.14%","869.33","普通成交"
"2026-07-14","2026-07-14 09:30:00.000","300374.SZ","中铁装配","卖出","80300","9.71","779713","-55607.41 / -6.66%","1013.63","普通成交"
"2026-07-14","2026-07-14 09:30:00.000","300256.SZ","星星科技","卖出","292700","2.43","711261","-55373.61 / -7.22%","924.64","普通成交"
"2026-07-13","2026-07-13 09:30:00.000","600802.SH","福建水泥","卖出","1400","4.24","5936","-149.73 / -2.46%","10.94","普通成交"
"2026-07-13","2026-07-13 09:30:00.000","300256.SZ","星星科技","买入","1300","2.56","3328","--","5","普通成交"
"2026-07-13","2026-07-13 09:30:00.000","300213.SZ","佳讯飞鸿","卖出","107500","6.11","656825","-5573.66 / -0.84%","853.87","普通成交"
"2026-07-13","2026-07-13 09:30:00.000","003040.SZ","楚天龙","卖出","81500","10.46","852490","-28059.65 / -3.19%","1108.24","普通成交"
"2026-07-13","2026-07-13 09:30:00.000","002369.SZ","卓翼科技","卖出","139300","5.36","746648","-15007.06 / -1.97%","970.64","普通成交"
"2026-07-10","2026-07-10 09:30:00.000","600802.SH","福建水泥","买入","900","4.1","3690","--","5","普通成交"
"2026-07-10","2026-07-10 09:30:00.000","300374.SZ","中铁装配","买入","1400","9.8","13720","--","5","普通成交"
"2026-07-10","2026-07-10 09:30:00.000","300256.SZ","星星科技","卖出","6000","2.54","15240","-476.57 / -3.03%","20.24","普通成交"
"2026-07-10","2026-07-10 09:30:00.000","003040.SZ","楚天龙","买入","600","10.28","6168","--","5","普通成交"
"2026-07-10","2026-07-10 09:30:00.000","002369.SZ","卓翼科技","卖出","1600","5.25","8400","-348.37 / -3.98%","13.4","普通成交"
"2026-07-09","2026-07-09 09:30:00.000","600802.SH","福建水泥","买入","400","4.12","1648","--","5","普通成交"
"2026-07-09","2026-07-09 09:30:00.000","300256.SZ","星星科技","买入","2000","2.48","4960","--","5","普通成交"
"2026-07-09","2026-07-09 09:30:00.000","300213.SZ","佳讯飞鸿","卖出","300","5.92","1776","-72.55 / -3.92%","6.78","普通成交"
"2026-07-09","2026-07-09 09:30:00.000","003040.SZ","楚天龙","卖出","500","10.28","5140","-264.06 / -4.89%","10.14","普通成交"
"2026-07-09","2026-07-09 09:30:00.000","002369.SZ","卓翼科技","买入","400","5.18","2072","--","5","普通成交"
"2026-07-08","2026-07-08 09:30:00.000","600802.SH","福建水泥","买入","1800","4.12","7416","--","5","普通成交"
"2026-07-08","2026-07-08 09:30:00.000","300374.SZ","中铁装配","卖出","200","10.05","2010","-72.62 / -3.49%","7.01","普通成交"
"2026-07-08","2026-07-08 09:30:00.000","300256.SZ","星星科技","卖出","2200","2.49","5478","-286.78 / -4.97%","10.48","普通成交"
"2026-07-08","2026-07-08 09:30:00.000","300213.SZ","佳讯飞鸿","卖出","300","5.89","1767","-81.55 / -4.41%","6.77","普通成交"
"2026-07-08","2026-07-08 09:30:00.000","003040.SZ","楚天龙","买入","700","10.21","7147","--","5","普通成交"
"2026-07-08","2026-07-08 09:30:00.000","002369.SZ","卓翼科技","买入","1300","5.13","6669","--","5","普通成交"
"2026-07-07","2026-07-07 09:30:00.000","600802.SH","福建水泥","卖出","1400","4.28","5992","-99.83 / -1.64%","10.99","普通成交"
"2026-07-07","2026-07-07 09:30:00.000","300374.SZ","中铁装配","卖出","800","10.12","8096","-234.5 / -2.81%","13.1","普通成交"
"2026-07-07","2026-07-07 09:30:00.000","300256.SZ","星星科技","买入","1200","2.51","3012","--","5","普通成交"
"2026-07-07","2026-07-07 09:30:00.000","300213.SZ","佳讯飞鸿","卖出","500","6.02","3010","-70.92 / -2.3%","8.01","普通成交"
"2026-07-06","2026-07-06 09:30:00.000","600802.SH","福建水泥","买入","163600","4.35","711660","--","213.5","普通成交"
"2026-07-06","2026-07-06 09:30:00.000","300374.SZ","中铁装配","买入","79900","10.41","831759","--","249.53","普通成交"
"2026-07-06","2026-07-06 09:30:00.000","300256.SZ","星星科技","买入","296400","2.62","776568","--","232.97","普通成交"
"2026-07-06","2026-07-06 09:30:00.000","300213.SZ","佳讯飞鸿","买入","108600","6.16","668976","--","200.69","普通成交"
"2026-07-06","2026-07-06 09:30:00.000","003040.SZ","楚天龙","买入","80700","10.81","872367","--","261.71","普通成交"
"2026-07-06","2026-07-06 09:30:00.000","002369.SZ","卓翼科技","买入","139200","5.47","761424","--","228.43","普通成交"
"2026-06-02","2026-06-02 09:30:00.000","605188.SH","国光连锁","卖出","44200","14.51","641342","21509.2 / 3.47%","833.74","普通成交"
"2026-06-02","2026-06-02 09:30:00.000","001328.SZ","登康口腔","卖出","20100","31.37","630537","41861.58 / 7.11%","819.7","普通成交"
"2026-06-02","2026-06-02 09:30:00.000","002343.SZ","慈文传媒","卖出","160800","5.47","879576","-8163.51 / -0.92%","1143.45","普通成交"
"2026-06-02","2026-06-02 09:30:00.000","000501.SZ","武商集团","卖出","110200","7.89","869478","40537.97 / 4.89%","1130.32","普通成交"
"2026-06-02","2026-06-02 09:30:00.000","603258.SH","电魂网络","卖出","46100","14.53","669833","-11616.55 / -1.7%","870.78","普通成交"
"2026-06-02","2026-06-02 09:30:00.000","301108.SZ","洁雅股份","卖出","38100","24.51","933831","2623.21 / 0.28%","1213.98","普通成交"
"2026-06-01","2026-06-01 09:30:00.000","605188.SH","国光连锁","卖出","400","14.1","5640","30.65 / 0.55%","10.64","普通成交"
"2026-06-01","2026-06-01 09:30:00.000","603258.SH","电魂网络","买入","600","13.77","8262","--","5","普通成交"
"2026-06-01","2026-06-01 09:30:00.000","301108.SZ","洁雅股份","买入","800","22.71","18168","--","5.45","普通成交"
"2026-06-01","2026-06-01 09:30:00.000","002343.SZ","慈文传媒","买入","4600","5.26","24196","--","7.26","普通成交"
"2026-06-01","2026-06-01 09:30:00.000","001328.SZ","登康口腔","卖出","700","30.97","21679","1177.87 / 5.75%","28.18","普通成交"
"2026-06-01","2026-06-01 09:30:00.000","000501.SZ","武商集团","卖出","1900","7.75","14725","432.93 / 3.03%","19.73","普通成交"
"2026-05-29","2026-05-29 09:30:00.000","603258.SH","电魂网络","卖出","200","13.93","2786","-173.04 / -5.85%","7.79","普通成交"
"2026-05-29","2026-05-29 09:30:00.000","002343.SZ","慈文传媒","卖出","2100","5.37","11277","-332.64 / -2.87%","16.28","普通成交"
"2026-05-29","2026-05-29 09:30:00.000","000501.SZ","武商集团","买入","800","7.5","6000","--","5","普通成交"
"2026-05-29","2026-05-29 00:00:00.000","605188.SH","国光连锁","卖出","0","13.94","535.2","--","133.8","除权除息"
"2026-05-28","2026-05-28 09:30:00.000","605188.SH","国光连锁","卖出","400","14.03","5612","-1.37 / -0.02%","10.61","普通成交"
"2026-05-28","2026-05-28 09:30:00.000","603258.SH","电魂网络","买入","1600","13.78","22048","--","6.61","普通成交"
"2026-05-28","2026-05-28 09:30:00.000","301108.SZ","洁雅股份","买入","600","23.42","14052","--","5","普通成交"
"2026-05-28","2026-05-28 09:30:00.000","002343.SZ","慈文传媒","卖出","1100","5.34","5874","-207.24 / -3.41%","10.87","普通成交"
"2026-05-28","2026-05-28 09:30:00.000","001328.SZ","登康口腔","卖出","500","29.6","14800","156.33 / 1.07%","19.8","普通成交"
"2026-05-28","2026-05-28 09:30:00.000","000501.SZ","武商集团","卖出","500","7.65","3825","63.87 / 1.7%","8.83","普通成交"
"2026-05-27","2026-05-27 09:30:00.000","605188.SH","国光连锁","卖出","800","13.85","11080","-146.74 / -1.31%","16.08","普通成交"
"2026-05-27","2026-05-27 09:30:00.000","301108.SZ","洁雅股份","买入","500","23.64","11820","--","5","普通成交"
"2026-05-27","2026-05-27 09:30:00.000","002343.SZ","慈文传媒","买入","100","5.39","539","--","5","普通成交"
"2026-05-27","2026-05-27 09:30:00.000","001328.SZ","登康口腔","买入","100","28.93","2893","--","5","普通成交"
"2026-05-27","2026-05-27 09:30:00.000","000501.SZ","武商集团","卖出","2100","7.64","16044","247.26 / 1.57%","21.04","普通成交"
"2026-05-26","2026-05-26 09:30:00.000","605188.SH","国光连锁","买入","200","13.83","2766","--","5","普通成交"
"2026-05-26","2026-05-26 09:30:00.000","603258.SH","电魂网络","买入","500","14.6","7300","--","5","普通成交"
"2026-05-26","2026-05-26 09:30:00.000","301108.SZ","洁雅股份","买入","100","24.32","2432","--","5","普通成交"
"2026-05-26","2026-05-26 09:30:00.000","002343.SZ","慈文传媒","买入","3400","5.38","18292","--","5.49","普通成交"
"2026-05-26","2026-05-26 09:30:00.000","001328.SZ","登康口腔","卖出","200","29.47","5894","36.24 / 0.62%","10.89","普通成交"
"2026-05-26","2026-05-26 09:30:00.000","000501.SZ","武商集团","卖出","2100","7.62","16002","205.26 / 1.3%","21","普通成交"
"2026-05-25","2026-05-25 09:30:00.000","605188.SH","国光连锁","买入","45600","14.03","639768","--","191.93","普通成交"
"2026-05-25","2026-05-25 09:30:00.000","603258.SH","电魂网络","买入","43600","14.83","646588","--","193.98","普通成交"
"2026-05-25","2026-05-25 09:30:00.000","301108.SZ","洁雅股份","买入","36100","24.5","884450","--","265.34","普通成交"
"2026-05-25","2026-05-25 09:30:00.000","002343.SZ","慈文传媒","买入","155900","5.53","862127","--","258.64","普通成交"
"2026-05-25","2026-05-25 09:30:00.000","001328.SZ","登康口腔","买入","21400","29.28","626592","--","187.98","普通成交"
"2026-05-25","2026-05-25 09:30:00.000","000501.SZ","武商集团","买入","116000","7.52","872320","--","261.7","普通成交"
"2026-05-07","2026-05-07 09:30:00.000","000025.SZ","特  力Ａ","卖出","42300","16.25","687375","3970.0 / 0.58%","893.59","普通成交"
"2026-05-07","2026-05-07 09:30:00.000","003040.SZ","楚天龙","卖出","48500","15.11","732835","21226.08 / 2.98%","952.69","普通成交"
"2026-05-07","2026-05-07 09:30:00.000","600881.SH","亚泰集团","卖出","505700","1.62","819234","28599.27 / 3.62%","1065","普通成交"
"2026-05-07","2026-05-07 09:30:00.000","603072.SH","天和磁材","卖出","22900","38.1","872490","27083.56 / 3.2%","1134.24","普通成交"
"2026-05-07","2026-05-07 09:30:00.000","301622.SZ","英思特","卖出","11600","54.92","637072","3210.38 / 0.51%","828.19","普通成交"
"2026-05-07","2026-05-07 09:30:00.000","002148.SZ","北纬科技","卖出","98300","8.09","795247","37188.87 / 4.91%","1033.82","普通成交"
"2026-05-06","2026-05-06 09:30:00.000","603072.SH","天和磁材","卖出","100","37.6","3760","68.27 / 1.85%","8.76","普通成交"
"2026-05-06","2026-05-06 09:30:00.000","600881.SH","亚泰集团","买入","6700","1.58","10586","--","5","普通成交"
"2026-05-06","2026-05-06 09:30:00.000","301622.SZ","英思特","买入","200","54.51","10902","--","5","普通成交"
"2026-05-06","2026-05-06 09:30:00.000","003040.SZ","楚天龙","买入","1000","14.87","14870","--","5","普通成交"
"2026-05-06","2026-05-06 09:30:00.000","000025.SZ","特  力Ａ","买入","400","16.66","6664","--","5","普通成交"
"2026-04-30","2026-04-30 09:30:00.000","600881.SH","亚泰集团","卖出","26400","1.61","42504","1235.15 / 2.99%","55.26","普通成交"
"2026-04-30","2026-04-30 09:30:00.000","000025.SZ","特  力Ａ","买入","400","16.39","6556","--","5","普通成交"
"2026-04-29","2026-04-29 09:30:00.000","603072.SH","天和磁材","卖出","200","35.9","7180","-203.46 / -2.76%","12.18","普通成交"
"2026-04-29","2026-04-29 09:30:00.000","600881.SH","亚泰集团","买入","8900","1.51","13439","--","5","普通成交"
"2026-04-29","2026-04-29 09:30:00.000","301622.SZ","英思特","买入","200","53.43","10686","--","5","普通成交"
"2026-04-29","2026-04-29 09:30:00.000","003040.SZ","楚天龙","买入","700","14.44","10108","--","5","普通成交"
"2026-04-29","2026-04-29 09:30:00.000","002148.SZ","北纬科技","买入","1300","7.67","9971","--","5","普通成交"
"2026-04-29","2026-04-29 09:30:00.000","000025.SZ","特  力Ａ","卖出","800","16.25","13000","80.96 / 0.63%","18","普通成交"
"2026-04-28","2026-04-28 09:30:00.000","603072.SH","天和磁材","买入","500","35.83","17915","--","5.37","普通成交"
"2026-04-28","2026-04-28 09:30:00.000","600881.SH","亚泰集团","卖出","15700","1.45","22765","-1791.7 / -7.3%","29.59","普通成交"
"2026-04-28","2026-04-28 09:30:00.000","301622.SZ","英思特","买入","11200","54.65","612080","--","183.62","普通成交"
"2026-04-28","2026-04-28 09:30:00.000","003040.SZ","楚天龙","买入","41500","14.65","607975","--","182.39","普通成交"
"2026-04-28","2026-04-28 09:30:00.000","002148.SZ","北纬科技","买入","96900","7.71","747099","--","224.13","普通成交"
"2026-04-28","2026-04-28 09:30:00.000","000025.SZ","特  力Ａ","买入","3900","15.96","62244","--","18.67","普通成交"
"2026-04-28","2026-04-28 09:30:00.000","002313.SZ","日海智能","卖出","104700","9.41","985227","99323.99 / 11.21%","1280.8","普通成交"
"2026-04-28","2026-04-28 09:30:00.000","002295.SZ","精艺股份","卖出","60800","10.92","663936","-5436.18 / -0.81%","863.12","普通成交"
"2026-04-28","2026-04-28 09:30:00.000","920374.BJ","云里物里","卖出","21100","19.37","408707","-40546.56 / -9.03%","531.32","普通成交"
"2026-04-27","2026-04-27 09:30:00.000","603072.SH","天和磁材","买入","1400","35.52","49728","--","14.92","普通成交"
"2026-04-27","2026-04-27 09:30:00.000","600881.SH","亚泰集团","卖出","35300","1.44","50832","-4381.48 / -7.94%","66.08","普通成交"
"2026-04-27","2026-04-27 09:30:00.000","003040.SZ","楚天龙","买入","5300","14.8","78440","--","23.53","普通成交"
"2026-04-27","2026-04-27 09:30:00.000","002313.SZ","日海智能","卖出","8100","9.64","78084","9547.09 / 13.93%","101.51","普通成交"
"2026-04-27","2026-04-27 09:30:00.000","002148.SZ","北纬科技","买入","100","7.54","754","--","5","普通成交"
"2026-04-27","2026-04-27 09:30:00.000","000025.SZ","特  力Ａ","买入","200","15.7","3140","--","5","普通成交"
"2026-04-24","2026-04-24 09:30:00.000","920374.BJ","云里物里","买入","600","20.36","12216","--","5","普通成交"
"2026-04-24","2026-04-24 09:30:00.000","603072.SH","天和磁材","买入","300","35.8","10740","--","5","普通成交"
"2026-04-24","2026-04-24 09:30:00.000","600881.SH","亚泰集团","买入","16800","1.44","24192","--","7.26","普通成交"
"2026-04-24","2026-04-24 09:30:00.000","002313.SZ","日海智能","卖出","5100","8.91","45441","2288.13 / 5.3%","59.07","普通成交"
"2026-04-24","2026-04-24 09:30:00.000","002295.SZ","精艺股份","买入","700","10.68","7476","--","5","普通成交"
"2026-04-24","2026-04-24 09:30:00.000","000025.SZ","特  力Ａ","买入","400","15.68","6272","--","5","普通成交"
"2026-04-23","2026-04-23 09:30:00.000","920374.BJ","云里物里","卖出","600","21.29","12774","-17.2 / -0.13%","17.77","普通成交"
"2026-04-23","2026-04-23 09:30:00.000","603072.SH","天和磁材","卖出","200","36.99","7398","-12.22 / -0.16%","12.4","普通成交"
"2026-04-23","2026-04-23 09:30:00.000","600881.SH","亚泰集团","买入","12900","1.46","18834","--","5.65","普通成交"
"2026-04-23","2026-04-23 09:30:00.000","002313.SZ","日海智能","卖出","2200","8.56","18832","217.04 / 1.17%","24.48","普通成交"
"2026-04-23","2026-04-23 09:30:00.000","002295.SZ","精艺股份","买入","100","10.88","1088","--","5","普通成交"
"2026-04-22","2026-04-22 09:30:00.000","920374.BJ","云里物里","买入","300","20.8","6240","--","5","普通成交"
"2026-04-22","2026-04-22 09:30:00.000","600881.SH","亚泰集团","买入","400","1.55","620","--","5","普通成交"
"2026-04-22","2026-04-22 09:30:00.000","002313.SZ","日海智能","买入","1600","8.37","13392","--","5","普通成交"
"2026-04-22","2026-04-22 09:30:00.000","002295.SZ","精艺股份","卖出","1100","11.02","12122","7.37 / 0.06%","17.12","普通成交"
"2026-04-22","2026-04-22 09:30:00.000","000025.SZ","特  力Ａ","卖出","300","16.22","4866","13.54 / 0.28%","9.87","普通成交"
"2026-04-21","2026-04-21 09:30:00.000","920374.BJ","云里物里","买入","200","21.25","4250","--","5","普通成交"
"2026-04-21","2026-04-21 09:30:00.000","600881.SH","亚泰集团","买入","2700","1.57","4239","--","5","普通成交"
"2026-04-21","2026-04-21 09:30:00.000","002313.SZ","日海智能","卖出","1500","8.57","12855","161.19 / 1.27%","17.86","普通成交"
"2026-04-20","2026-04-20 09:30:00.000","920374.BJ","云里物里","买入","20600","21.32","439192","--","131.76","普通成交"
"2026-04-20","2026-04-20 09:30:00.000","603072.SH","天和磁材","买入","21200","37.04","785248","--","235.57","普通成交"
"2026-04-20","2026-04-20 09:30:00.000","600881.SH","亚泰集团","买入","534700","1.57","839479","--","251.84","普通成交"
"2026-04-20","2026-04-20 09:30:00.000","002313.SZ","日海智能","买入","120000","8.46","1015200","--","304.56","普通成交"
"2026-04-20","2026-04-20 09:30:00.000","002295.SZ","精艺股份","买入","61100","11.01","672711","--","201.81","普通成交"
"2026-04-20","2026-04-20 09:30:00.000","000025.SZ","特  力Ａ","买入","38100","16.17","616077","--","184.82","普通成交"
"2026-03-31","2026-03-31 09:30:00.000","600689.SH","上海三毛","卖出","57900","13.28","768912","-14852.0 / -1.89%","999.59","普通成交"
"2026-03-31","2026-03-31 09:30:00.000","002295.SZ","精艺股份","卖出","61500","10.82","665430","48919.36 / 7.93%","865.06","普通成交"
"2026-03-31","2026-03-31 09:30:00.000","920249.BJ","利尔达","卖出","49000","8.03","393470","-60066.35 / -13.24%","511.51","普通成交"
"2026-03-31","2026-03-31 09:30:00.000","002313.SZ","日海智能","卖出","119100","8.91","1061181","-63015.36 / -5.61%","1379.54","普通成交"
"2026-03-31","2026-03-31 09:30:00.000","600881.SH","亚泰集团","卖出","412200","1.68","692496","-54375.44 / -7.28%","900.24","普通成交"
"2026-03-31","2026-03-31 09:30:00.000","603072.SH","天和磁材","卖出","21900","36.15","791685","23571.71 / 3.07%","1029.19","普通成交"
"2026-03-30","2026-03-30 09:30:00.000","920249.BJ","利尔达","买入","900","8.1","7290","--","5","普通成交"
"2026-03-30","2026-03-30 09:30:00.000","600881.SH","亚泰集团","卖出","1600","1.66","2656","-243.06 / -8.38%","7.66","普通成交"
"2026-03-30","2026-03-30 09:30:00.000","600689.SH","上海三毛","卖出","500","13.02","6510","-258.26 / -3.82%","11.51","普通成交"
"2026-03-30","2026-03-30 09:30:00.000","002313.SZ","日海智能","买入","700","8.61","6027","--","5","普通成交"
"2026-03-30","2026-03-30 09:30:00.000","002295.SZ","精艺股份","卖出","400","10.67","4268","258.17 / 6.44%","9.27","普通成交"
"2026-03-27","2026-03-27 09:30:00.000","920249.BJ","利尔达","买入","800","8.11","6488","--","5","普通成交"
"2026-03-27","2026-03-27 09:30:00.000","600881.SH","亚泰集团","买入","1700","1.64","2788","--","5","普通成交"
"2026-03-27","2026-03-27 09:30:00.000","600689.SH","上海三毛","卖出","800","12.56","10048","-781.21 / -7.21%","15.05","普通成交"
"2026-03-27","2026-03-27 09:30:00.000","002313.SZ","日海智能","买入","400","8.52","3408","--","5","普通成交"
"2026-03-27","2026-03-27 09:30:00.000","002295.SZ","精艺股份","买入","100","10.21","1021","--","5","普通成交"
"2026-03-26","2026-03-26 09:30:00.000","920249.BJ","利尔达","买入","300","8.68","2604","--","5","普通成交"
"2026-03-26","2026-03-26 09:30:00.000","603072.SH","天和磁材","买入","100","36.16","3616","--","5","普通成交"
"2026-03-26","2026-03-26 09:30:00.000","600881.SH","亚泰集团","卖出","3100","1.68","5208","-411.1 / -7.32%","10.21","普通成交"
"2026-03-26","2026-03-26 09:30:00.000","600689.SH","上海三毛","卖出","500","12.85","6425","-343.26 / -5.07%","11.43","普通成交"
"2026-03-26","2026-03-26 09:30:00.000","002295.SZ","精艺股份","买入","100","10.7","1070","--","5","普通成交"
"2026-03-25","2026-03-25 09:30:00.000","920249.BJ","利尔达","买入","2600","8.49","22074","--","6.62","普通成交"
"2026-03-25","2026-03-25 09:30:00.000","603072.SH","天和磁材","买入","600","35.32","21192","--","6.36","普通成交"
"2026-03-25","2026-03-25 09:30:00.000","600881.SH","亚泰集团","卖出","1100","1.62","1782","-211.87 / -10.63%","6.78","普通成交"
"2026-03-25","2026-03-25 09:30:00.000","600689.SH","上海三毛","卖出","700","12.58","8806","-669.56 / -7.07%","13.81","普通成交"
"2026-03-25","2026-03-25 09:30:00.000","002313.SZ","日海智能","卖出","1400","8.6","12040","-1185.86 / -8.97%","17.04","普通成交"
"2026-03-25","2026-03-25 09:30:00.000","002295.SZ","精艺股份","卖出","2000","10.59","21180","1133.99 / 5.66%","27.53","普通成交"
"2026-03-24","2026-03-24 09:30:00.000","920249.BJ","利尔达","买入","300","8.71","2613","--","5","普通成交"
"2026-03-24","2026-03-24 09:30:00.000","603072.SH","天和磁材","买入","20700","35.03","725121","--","217.54","普通成交"
"2026-03-24","2026-03-24 09:30:00.000","600881.SH","亚泰集团","买入","3800","1.6","6080","--","5","普通成交"
"2026-03-24","2026-03-24 09:30:00.000","600689.SH","上海三毛","买入","3100","11.94","37014","--","11.1","普通成交"
"2026-03-24","2026-03-24 09:30:00.000","002313.SZ","日海智能","买入","20900","8.34","174306","--","52.29","普通成交"
"2026-03-24","2026-03-24 09:30:00.000","002295.SZ","精艺股份","买入","63700","10.02","638274","--","191.48","普通成交"
"2026-03-24","2026-03-24 09:30:00.000","920634.BJ","新威凌","卖出","29800","20.48","610304","-125744.91 / -17.08%","793.4","普通成交"
"2026-03-24","2026-03-24 09:30:00.000","605208.SH","永茂泰","卖出","63900","12.52","800028","-45376.2 / -5.37%","1040.04","普通成交"
"2026-03-23","2026-03-23 09:30:00.000","920249.BJ","利尔达","卖出","18700","8.89","166243","-8646.83 / -4.94%","216.12","普通成交"
"2026-03-23","2026-03-23 09:30:00.000","605208.SH","永茂泰","卖出","800","12.29","9832","-752.09 / -7.11%","14.83","普通成交"
"2026-03-23","2026-03-23 09:30:00.000","603072.SH","天和磁材","买入","500","35.9","17950","--","5.39","普通成交"
"2026-03-23","2026-03-23 09:30:00.000","600881.SH","亚泰集团","卖出","10900","1.65","17985","-1793.69 / -9.07%","23.38","普通成交"
"2026-03-23","2026-03-23 09:30:00.000","002313.SZ","日海智能","买入","100","8.5","850","--","5","普通成交"
"2026-03-20","2026-03-20 09:30:00.000","920634.BJ","新威凌","买入","800","21.9","17520","--","5.26","普通成交"
"2026-03-20","2026-03-20 09:30:00.000","920249.BJ","利尔达","卖出","300","9.38","2814","8.28 / 0.3%","7.81","普通成交"
"2026-03-20","2026-03-20 09:30:00.000","605208.SH","永茂泰","卖出","200","12.65","2530","-116.02 / -4.38%","7.53","普通成交"
"2026-03-20","2026-03-20 09:30:00.000","600881.SH","亚泰集团","买入","4600","1.7","7820","--","5","普通成交"
"2026-03-20","2026-03-20 09:30:00.000","600689.SH","上海三毛","卖出","300","13.13","3939","-147.81 / -3.62%","8.94","普通成交"
"2026-03-20","2026-03-20 09:30:00.000","002313.SZ","日海智能","卖出","200","9.12","1824","-112.51 / -5.81%","6.82","普通成交"
"2026-03-19","2026-03-19 09:30:00.000","920634.BJ","新威凌","买入","700","22.6","15820","--","5","普通成交"
"2026-03-19","2026-03-19 09:30:00.000","920249.BJ","利尔达","卖出","1700","9.33","15861","-38.08 / -0.24%","20.86","普通成交"
"2026-03-19","2026-03-19 09:30:00.000","605208.SH","永茂泰","卖出","1200","12.75","15300","-576.14 / -3.63%","20.3","普通成交"
"2026-03-19","2026-03-19 09:30:00.000","600881.SH","亚泰集团","买入","4700","1.72","8084","--","5","普通成交"
"2026-03-19","2026-03-19 09:30:00.000","600689.SH","上海三毛","买入","400","13.3","5320","--","5","普通成交"
"2026-03-19","2026-03-19 09:30:00.000","002313.SZ","日海智能","卖出","200","9.07","1814","-122.51 / -6.33%","6.81","普通成交"
"2026-03-18","2026-03-18 09:30:00.000","920249.BJ","利尔达","买入","500","9.29","4645","--","5","普通成交"
"2026-03-18","2026-03-18 09:30:00.000","605208.SH","永茂泰","买入","800","12.49","9992","--","5","普通成交"
"2026-03-18","2026-03-18 09:30:00.000","600881.SH","亚泰集团","卖出","14900","1.75","26075","-996.52 / -3.68%","33.9","普通成交"
"2026-03-18","2026-03-18 09:30:00.000","002313.SZ","日海智能","买入","200","9.07","1814","--","5","普通成交"
"2026-03-17","2026-03-17 09:30:00.000","920249.BJ","利尔达","买入","64300","9.35","601205","--","180.36","普通成交"
"2026-03-17","2026-03-17 09:30:00.000","605208.SH","永茂泰","买入","2400","12.97","31128","--","9.34","普通成交"
"2026-03-17","2026-03-17 09:30:00.000","600881.SH","亚泰集团","卖出","1900","1.73","3287","-165.07 / -4.78%","8.29","普通成交"
"2026-03-17","2026-03-17 09:30:00.000","600689.SH","上海三毛","卖出","200","13.53","2706","-18.97 / -0.7%","7.71","普通成交"
"2026-03-17","2026-03-17 09:30:00.000","002313.SZ","日海智能","买入","13100","9.26","121306","--","36.39","普通成交"
"2026-03-17","2026-03-17 09:30:00.000","301139.SZ","元道通信","卖出","39600","18.65","738540","-13044.96 / -1.74%","960.1","普通成交"
"2026-03-16","2026-03-16 09:30:00.000","920634.BJ","新威凌","卖出","500","23.8","11900","-515.17 / -4.15%","16.9","普通成交"
"2026-03-16","2026-03-16 09:30:00.000","605208.SH","永茂泰","买入","600","13.1","7860","--","5","普通成交"
"2026-03-16","2026-03-16 09:30:00.000","600881.SH","亚泰集团","买入","12400","1.71","21204","--","6.36","普通成交"
"2026-03-16","2026-03-16 09:30:00.000","600689.SH","上海三毛","卖出","2200","13.47","29634","-340.69 / -1.14%","38.52","普通成交"
"2026-03-16","2026-03-16 09:30:00.000","002313.SZ","日海智能","买入","1500","9.18","13770","--","5","普通成交"
"2026-03-13","2026-03-13 09:30:00.000","920634.BJ","新威凌","买入","400","24.18","9672","--","5","普通成交"
"2026-03-13","2026-03-13 09:30:00.000","605208.SH","永茂泰","卖出","900","13.45","12105","179.48 / 1.51%","17.11","普通成交"
"2026-03-13","2026-03-13 09:30:00.000","600881.SH","亚泰集团","卖出","6200","1.73","10726","-558.2 / -4.95%","15.73","普通成交"
"2026-03-13","2026-03-13 09:30:00.000","600689.SH","上海三毛","买入","900","13.32","11988","--","5","普通成交"
"2026-03-13","2026-03-13 09:30:00.000","301139.SZ","元道通信","买入","100","18.8","1880","--","5","普通成交"
"2026-03-13","2026-03-13 09:30:00.000","002313.SZ","日海智能","买入","400","9.25","3700","--","5","普通成交"
"2026-03-12","2026-03-12 09:30:00.000","920634.BJ","新威凌","卖出","400","25.15","10060","124.27 / 1.25%","15.06","普通成交"
"2026-03-12","2026-03-12 09:30:00.000","605208.SH","永茂泰","卖出","300","13.32","3996","20.83 / 0.52%","9","普通成交"
"2026-03-12","2026-03-12 09:30:00.000","600881.SH","亚泰集团","卖出","1900","1.73","3287","-171.06 / -4.95%","8.29","普通成交"
"2026-03-11","2026-03-11 09:30:00.000","920634.BJ","新威凌","买入","400","24.96","9984","--","5","普通成交"
"2026-03-11","2026-03-11 09:30:00.000","600881.SH","亚泰集团","买入","7400","1.73","12802","--","5","普通成交"
"2026-03-11","2026-03-11 09:30:00.000","600689.SH","上海三毛","买入","100","14.12","1412","--","5","普通成交"
"2026-03-11","2026-03-11 09:30:00.000","301139.SZ","元道通信","卖出","1000","19.35","19350","370.25 / 1.95%","25.16","普通成交"
"2026-03-11","2026-03-11 09:30:00.000","002313.SZ","日海智能","卖出","400","9.56","3824","-80.29 / -2.06%","8.82","普通成交"
"2026-03-10","2026-03-10 09:30:00.000","920634.BJ","新威凌","买入","28400","24.83","705172","--","211.55","普通成交"
"2026-03-10","2026-03-10 09:30:00.000","605208.SH","永茂泰","买入","8900","13.14","116946","--","35.08","普通成交"
"2026-03-10","2026-03-10 09:30:00.000","600881.SH","亚泰集团","买入","4900","1.74","8526","--","5","普通成交"
"2026-03-10","2026-03-10 09:30:00.000","600689.SH","上海三毛","买入","400","13.85","5540","--","5","普通成交"
"2026-03-10","2026-03-10 09:30:00.000","301139.SZ","元道通信","卖出","100","18.65","1865","-32.97 / -1.74%","6.87","普通成交"
"2026-03-10","2026-03-10 09:30:00.000","002313.SZ","日海智能","卖出","200","9.4","1880","-72.14 / -3.7%","6.88","普通成交"
"2026-03-10","2026-03-10 09:30:00.000","301622.SZ","英思特","卖出","12100","69","834900","21332.78 / 2.62%","1085.37","普通成交"
"2026-03-09","2026-03-09 09:30:00.000","605208.SH","永茂泰","买入","1200","12.71","15252","--","5","普通成交"
"2026-03-09","2026-03-09 09:30:00.000","600881.SH","亚泰集团","买入","11300","1.75","19775","--","5.93","普通成交"
"2026-03-09","2026-03-09 09:30:00.000","600689.SH","上海三毛","卖出","2600","13.79","35854","424.01 / 1.2%","46.61","普通成交"
"2026-03-09","2026-03-09 09:30:00.000","301139.SZ","元道通信","买入","400","18.3","7320","--","5","普通成交"
"2026-03-09","2026-03-09 09:30:00.000","002313.SZ","日海智能","卖出","700","9.18","6426","-406.5 / -5.95%","11.43","普通成交"
"2026-03-06","2026-03-06 09:30:00.000","605208.SH","永茂泰","买入","100","12.7","1270","--","5","普通成交"
"2026-03-06","2026-03-06 09:30:00.000","600881.SH","亚泰集团","买入","4900","1.72","8428","--","5","普通成交"
"2026-03-06","2026-03-06 09:30:00.000","600689.SH","上海三毛","买入","1100","13.49","14839","--","5","普通成交"
"2026-03-06","2026-03-06 09:30:00.000","301622.SZ","英思特","卖出","200","68.86","13772","324.61 / 2.41%","18.77","普通成交"
"2026-03-06","2026-03-06 09:30:00.000","301139.SZ","元道通信","卖出","100","18","1800","-98.64 / -5.2%","6.8","普通成交"
"2026-03-06","2026-03-06 09:30:00.000","002313.SZ","日海智能","卖出","400","9.3","3720","-184.29 / -4.72%","8.72","普通成交"
"2026-03-05","2026-03-05 09:30:00.000","605208.SH","永茂泰","卖出","500","12.7","6350","-290.7 / -4.38%","11.35","普通成交"
"2026-03-05","2026-03-05 09:30:00.000","600881.SH","亚泰集团","买入","4800","1.71","8208","--","5","普通成交"
"2026-03-05","2026-03-05 09:30:00.000","600689.SH","上海三毛","买入","300","13.75","4125","--","5","普通成交"
"2026-03-05","2026-03-05 09:30:00.000","301139.SZ","元道通信","买入","100","18","1800","--","5","普通成交"
"2026-03-05","2026-03-05 09:30:00.000","002313.SZ","日海智能","卖出","1000","9.4","9400","-360.71 / -3.7%","14.4","普通成交"
"2026-03-04","2026-03-04 09:30:00.000","605208.SH","永茂泰","买入","1400","12.3","17220","--","5.17","普通成交"
"2026-03-04","2026-03-04 09:30:00.000","600881.SH","亚泰集团","卖出","3900","1.73","6747","-379.31 / -5.32%","11.75","普通成交"
"2026-03-04","2026-03-04 09:30:00.000","600689.SH","上海三毛","卖出","200","13.55","2710","-15.73 / -0.58%","7.71","普通成交"
"2026-03-04","2026-03-04 09:30:00.000","301139.SZ","元道通信","卖出","100","17.61","1761","-137.87 / -7.26%","6.76","普通成交"
"2026-03-04","2026-03-04 09:30:00.000","002313.SZ","日海智能","卖出","100","8.95","895","-81.07 / -8.31%","5.9","普通成交"
"2026-03-03","2026-03-03 09:30:00.000","600881.SH","亚泰集团","卖出","2900","1.79","5191","-108.05 / -2.04%","10.19","普通成交"
"2026-03-03","2026-03-03 09:30:00.000","600689.SH","上海三毛","买入","200","14.31","2862","--","5","普通成交"
"2026-03-03","2026-03-03 09:30:00.000","301622.SZ","英思特","卖出","100","70.15","7015","291.3 / 4.33%","12.02","普通成交"
"2026-03-03","2026-03-03 09:30:00.000","002313.SZ","日海智能","买入","1400","9.35","13090","--","5","普通成交"
"2026-03-02","2026-03-02 09:30:00.000","605208.SH","永茂泰","卖出","1000","13.66","13660","352.48 / 2.65%","18.66","普通成交"
"2026-03-02","2026-03-02 09:30:00.000","600881.SH","亚泰集团","买入","8300","1.81","15023","--","5","普通成交"
"2026-03-02","2026-03-02 09:30:00.000","600689.SH","上海三毛","卖出","1000","14.52","14520","893.71 / 6.56%","19.52","普通成交"
"2026-02-27","2026-02-27 09:30:00.000","605208.SH","永茂泰","买入","100","13.51","1351","--","5","普通成交"
"2026-02-27","2026-02-27 09:30:00.000","600881.SH","亚泰集团","卖出","100","1.82","182","-0.76 / -0.42%","5.18","普通成交"
"2026-02-27","2026-02-27 09:30:00.000","600689.SH","上海三毛","买入","500","14.86","7430","--","5","普通成交"
"2026-02-27","2026-02-27 09:30:00.000","301139.SZ","元道通信","买入","200","19.01","3802","--","5","普通成交"
"2026-02-27","2026-02-27 09:30:00.000","002313.SZ","日海智能","卖出","200","9.84","1968","14.52 / 0.74%","6.97","普通成交"
"2026-02-26","2026-02-26 09:30:00.000","605208.SH","永茂泰","买入","100","13.88","1388","--","5","普通成交"
"2026-02-26","2026-02-26 09:30:00.000","600881.SH","亚泰集团","卖出","5300","1.84","9752","65.66 / 0.68%","14.75","普通成交"
"2026-02-26","2026-02-26 09:30:00.000","600689.SH","上海三毛","买入","300","15","4500","--","5","普通成交"
"2026-02-26","2026-02-26 09:30:00.000","301622.SZ","英思特","卖出","100","71.2","7120","396.3 / 5.89%","12.12","普通成交"
"2026-02-26","2026-02-26 09:30:00.000","301139.SZ","元道通信","买入","500","19.12","9560","--","5","普通成交"
"2026-02-26","2026-02-26 09:30:00.000","002313.SZ","日海智能","买入","4300","9.93","42699","--","12.81","普通成交"
"2026-02-25","2026-02-25 09:30:00.000","605208.SH","永茂泰","卖出","2000","13.84","27680","1068.24 / 4.01%","35.98","普通成交"
"2026-02-25","2026-02-25 09:30:00.000","600881.SH","亚泰集团","买入","9700","1.8","17460","--","5.24","普通成交"
"2026-02-25","2026-02-25 09:30:00.000","600689.SH","上海三毛","卖出","2800","15.06","42168","4063.21 / 10.66%","54.82","普通成交"
"2026-02-25","2026-02-25 09:30:00.000","002313.SZ","日海智能","买入","1100","10.09","11099","--","5","普通成交"
"2026-02-24","2026-02-24 09:30:00.000","605208.SH","永茂泰","买入","2800","13.39","37492","--","11.25","普通成交"
"2026-02-24","2026-02-24 09:30:00.000","600881.SH","亚泰集团","买入","10000","1.79","17900","--","5.37","普通成交"
"2026-02-24","2026-02-24 09:30:00.000","600689.SH","上海三毛","卖出","1600","14.15","22640","865.83 / 3.98%","29.43","普通成交"
"2026-02-24","2026-02-24 09:30:00.000","301622.SZ","英思特","卖出","300","69.76","20928","756.91 / 3.75%","27.21","普通成交"
"2026-02-24","2026-02-24 09:30:00.000","301139.SZ","元道通信","卖出","1200","19.11","22932","147.96 / 0.65%","29.81","普通成交"
"2026-02-13","2026-02-13 09:30:00.000","605208.SH","永茂泰","买入","200","12.9","2580","--","5","普通成交"
"2026-02-13","2026-02-13 09:30:00.000","600881.SH","亚泰集团","买入","5700","1.79","10203","--","5","普通成交"
"2026-02-13","2026-02-13 09:30:00.000","600689.SH","上海三毛","买入","600","14.03","8418","--","5","普通成交"
"2026-02-13","2026-02-13 09:30:00.000","301622.SZ","英思特","卖出","300","69.2","20760","588.91 / 2.92%","26.99","普通成交"
"2026-02-12","2026-02-12 09:30:00.000","605208.SH","永茂泰","买入","400","13.07","5228","--","5","普通成交"
"2026-02-12","2026-02-12 09:30:00.000","600881.SH","亚泰集团","买入","1200","1.82","2184","--","5","普通成交"
"2026-02-12","2026-02-12 09:30:00.000","600689.SH","上海三毛","买入","200","14.19","2838","--","5","普通成交"
"2026-02-12","2026-02-12 09:30:00.000","301622.SZ","英思特","卖出","100","68.08","6808","84.3 / 1.25%","11.81","普通成交"
"2026-02-12","2026-02-12 09:30:00.000","002313.SZ","日海智能","买入","100","10.1","1010","--","5","普通成交"
"2026-02-11","2026-02-11 09:30:00.000","605208.SH","永茂泰","买入","300","13.2","3960","--","5","普通成交"
"2026-02-11","2026-02-11 09:30:00.000","600881.SH","亚泰集团","卖出","1700","1.83","3111","0.18 / 0.01%","8.11","普通成交"
"2026-02-11","2026-02-11 09:30:00.000","600689.SH","上海三毛","卖出","400","14.29","5716","274.86 / 5.05%","10.72","普通成交"
"2026-02-11","2026-02-11 09:30:00.000","301622.SZ","英思特","买入","100","67.33","6733","--","5","普通成交"
"2026-02-11","2026-02-11 09:30:00.000","301139.SZ","元道通信","卖出","100","19.09","1909","10.33 / 0.54%","6.91","普通成交"
"2026-02-11","2026-02-11 09:30:00.000","002313.SZ","日海智能","卖出","400","10.34","4136","234.6 / 6.01%","9.14","普通成交"
"2026-02-10","2026-02-10 09:30:00.000","605208.SH","永茂泰","买入","51200","13.3","680960","--","204.29","普通成交"
"2026-02-10","2026-02-10 09:30:00.000","600881.SH","亚泰集团","买入","3400","1.82","6188","--","5","普通成交"
"2026-02-10","2026-02-10 09:30:00.000","600689.SH","上海三毛","卖出","200","14.3","2860","139.43 / 5.13%","7.86","普通成交"
"2026-02-10","2026-02-10 09:30:00.000","301622.SZ","英思特","买入","700","68","47600","--","14.28","普通成交"
"2026-02-10","2026-02-10 09:30:00.000","301139.SZ","元道通信","买入","37200","19","706800","--","212.04","普通成交"
"2026-02-10","2026-02-10 09:30:00.000","002313.SZ","日海智能","卖出","1000","10.02","10020","266.51 / 2.73%","15.02","普通成交"
"2026-02-10","2026-02-10 09:30:00.000","605158.SH","华达新材","卖出","80100","8.55","684855","6238.57 / 0.92%","890.31","普通成交"
"2026-02-10","2026-02-10 09:30:00.000","920924.BJ","广脉科技","卖出","29100","25.03","728373","23892.23 / 3.39%","946.88","普通成交"
"2026-02-09","2026-02-09 09:30:00.000","920924.BJ","广脉科技","卖出","700","26.05","18235","1288.73 / 7.6%","23.71","普通成交"
"2026-02-09","2026-02-09 09:30:00.000","605208.SH","永茂泰","买入","300","13.43","4029","--","5","普通成交"
"2026-02-09","2026-02-09 09:30:00.000","605158.SH","华达新材","卖出","500","9","4500","263.94 / 6.23%","9.5","普通成交"
"2026-02-09","2026-02-09 09:30:00.000","600881.SH","亚泰集团","买入","400","1.8","720","--","5","普通成交"
"2026-02-09","2026-02-09 09:30:00.000","301139.SZ","元道通信","买入","3700","18.79","69523","--","20.86","普通成交"
"2026-02-09","2026-02-09 09:30:00.000","002313.SZ","日海智能","卖出","2900","9.94","28826","540.88 / 1.91%","37.47","普通成交"
"2026-02-06","2026-02-06 09:30:00.000","920924.BJ","广脉科技","卖出","700","24.23","16961","14.73 / 0.09%","22.05","普通成交"
"2026-02-06","2026-02-06 09:30:00.000","605158.SH","华达新材","卖出","2800","8.8","24640","918.08 / 3.87%","32.03","普通成交"
"2026-02-06","2026-02-06 09:30:00.000","600881.SH","亚泰集团","买入","2500","1.79","4475","--","5","普通成交"
"2026-02-06","2026-02-06 09:30:00.000","600689.SH","上海三毛","卖出","300","13.88","4164","83.14 / 2.04%","9.16","普通成交"
"2026-02-06","2026-02-06 09:30:00.000","002313.SZ","日海智能","买入","400","9.71","3884","--","5","普通成交"
"2026-02-05","2026-02-05 09:30:00.000","920924.BJ","广脉科技","买入","1400","23.73","33222","--","9.97","普通成交"
"2026-02-05","2026-02-05 09:30:00.000","600881.SH","亚泰集团","买入","600","1.81","1086","--","5","普通成交"
"2026-02-05","2026-02-05 09:30:00.000","600689.SH","上海三毛","卖出","600","13.7","8220","58.29 / 0.71%","13.22","普通成交"
"2026-02-05","2026-02-05 09:30:00.000","002313.SZ","日海智能","卖出","100","9.73","973","-2.36 / -0.24%","5.97","普通成交"
"2026-02-04","2026-02-04 09:30:00.000","920924.BJ","广脉科技","卖出","1200","24.4","29280","202.01 / 0.69%","38.06","普通成交"
"2026-02-04","2026-02-04 09:30:00.000","600881.SH","亚泰集团","买入","400","1.78","712","--","5","普通成交"
"2026-02-04","2026-02-04 09:30:00.000","600689.SH","上海三毛","买入","1000","13.52","13520","--","5","普通成交"
"2026-02-04","2026-02-04 09:30:00.000","301622.SZ","英思特","卖出","200","67.83","13566","127.68 / 0.95%","18.57","普通成交"
"2026-02-04","2026-02-04 09:30:00.000","002313.SZ","日海智能","买入","400","9.83","3932","--","5","普通成交"
"2026-02-03","2026-02-03 09:30:00.000","920924.BJ","广脉科技","买入","400","23.8","9520","--","5","普通成交"
"2026-02-03","2026-02-03 09:30:00.000","605158.SH","华达新材","买入","200","8.27","1654","--","5","普通成交"
"2026-02-03","2026-02-03 09:30:00.000","600881.SH","亚泰集团","买入","1800","1.78","3204","--","5","普通成交"
"2026-02-03","2026-02-03 09:30:00.000","600689.SH","上海三毛","卖出","900","13.62","12258","14.33 / 0.12%","17.26","普通成交"
"2026-02-03","2026-02-03 09:30:00.000","301622.SZ","英思特","买入","300","66","19800","--","5.94","普通成交"
"2026-02-03","2026-02-03 09:30:00.000","002313.SZ","日海智能","买入","700","9.78","6846","--","5","普通成交"
"2026-02-02","2026-02-02 09:30:00.000","920924.BJ","广脉科技","买入","29900","24.23","724477","--","217.34","普通成交"
"2026-02-02","2026-02-02 09:30:00.000","605158.SH","华达新材","买入","83200","8.47","704704","--","211.41","普通成交"
"2026-02-02","2026-02-02 09:30:00.000","600881.SH","亚泰集团","买入","363200","1.83","664656","--","199.4","普通成交"
"2026-02-02","2026-02-02 09:30:00.000","600689.SH","上海三毛","买入","64600","13.6","878560","--","263.57","普通成交"
"2026-02-02","2026-02-02 09:30:00.000","301622.SZ","英思特","买入","12300","67.2","826560","--","247.97","普通成交"
"2026-02-02","2026-02-02 09:30:00.000","002313.SZ","日海智能","买入","82600","9.75","805350","--","241.61","普通成交"
"2026-01-13","2026-01-13 09:30:00.000","688077.SH","大地熊","卖出","14975","33.78","505855.5","44786.72 / 9.71%","657.61","普通成交"
"2026-01-13","2026-01-13 09:30:00.000","605218.SH","伟时电子","卖出","46500","19.6","911400","50410.36 / 5.85%","1184.82","普通成交"
"2026-01-13","2026-01-13 09:30:00.000","920876.BJ","慧为智能","卖出","22400","29.92","670208","103934.16 / 18.35%","871.27","普通成交"
"2026-01-13","2026-01-13 09:30:00.000","301428.SZ","世纪恒通","卖出","20500","37.61","771005","82219.49 / 11.94%","1002.31","普通成交"
"2026-01-12","2026-01-12 09:30:00.000","605218.SH","伟时电子","买入","400","19.17","7668","--","5","普通成交"
"2026-01-12","2026-01-12 09:30:00.000","300930.SZ","屹通新材","卖出","32100","31.05","996705","37766.24 / 3.94%","1295.72","普通成交"
"2026-01-12","2026-01-12 09:30:00.000","300603.SZ","立昂技术","卖出","75300","10.46","787638","55469.71 / 7.58%","1023.93","普通成交"
"2026-01-09","2026-01-09 09:30:00.000","920876.BJ","慧为智能","卖出","300","26.55","7965","380.98 / 5.02%","12.97","普通成交"
"2026-01-09","2026-01-09 09:30:00.000","605218.SH","伟时电子","买入","300","19.09","5727","--","5","普通成交"
"2026-01-09","2026-01-09 09:30:00.000","300930.SZ","屹通新材","买入","100","30.79","3079","--","5","普通成交"
"2026-01-08","2026-01-08 09:30:00.000","920876.BJ","慧为智能","买入","200","25.89","5178","--","5","普通成交"
"2026-01-08","2026-01-08 09:30:00.000","688077.SH","大地熊","卖出","500","32.06","16030","635.38 / 4.13%","21.03","普通成交"
"2026-01-08","2026-01-08 09:30:00.000","605218.SH","伟时电子","买入","100","18.76","1876","--","5","普通成交"
"2026-01-08","2026-01-08 09:30:00.000","301428.SZ","世纪恒通","买入","200","34.51","6902","--","5","普通成交"
"2026-01-08","2026-01-08 09:30:00.000","300603.SZ","立昂技术","买入","100","10","1000","--","5","普通成交"
"2026-01-07","2026-01-07 09:30:00.000","920876.BJ","慧为智能","卖出","200","26.62","5324","269.11 / 5.32%","10.32","普通成交"
"2026-01-07","2026-01-07 09:30:00.000","605218.SH","伟时电子","卖出","200","19.13","3826","124.89 / 3.37%","8.83","普通成交"
"2026-01-06","2026-01-06 09:30:00.000","920876.BJ","慧为智能","买入","300","25.77","7731","--","5","普通成交"
"2026-01-06","2026-01-06 09:30:00.000","301428.SZ","世纪恒通","卖出","200","34.58","6916","197.99 / 2.95%","11.92","普通成交"
"2026-01-06","2026-01-06 09:30:00.000","300930.SZ","屹通新材","买入","100","30.3","3030","--","5","普通成交"
"2026-01-06","2026-01-06 09:30:00.000","300603.SZ","立昂技术","卖出","300","9.95","2985","68.13 / 2.34%","7.99","普通成交"
"2026-01-05","2026-01-05 09:30:00.000","920876.BJ","慧为智能","买入","22400","25.26","565824","--","169.75","普通成交"
"2026-01-05","2026-01-05 09:30:00.000","688077.SH","大地熊","买入","15475","30.78","476320.5","--","142.9","普通成交"
"2026-01-05","2026-01-05 09:30:00.000","605218.SH","伟时电子","买入","45900","18.5","849150","--","254.75","普通成交"
"2026-01-05","2026-01-05 09:30:00.000","301428.SZ","世纪恒通","买入","20500","33.58","688390","--","206.52","普通成交"
"2026-01-05","2026-01-05 09:30:00.000","300930.SZ","屹通新材","买入","31900","29.86","952534","--","285.76","普通成交"
"2026-01-05","2026-01-05 09:30:00.000","300603.SZ","立昂技术","买入","75500","9.72","733860","--","220.16","普通成交"
"2025-12-23","2025-12-23 09:30:00.000","603057.SH","紫燕食品","卖出","21300","19.98","425574","55853.81 / 15.11%","553.25","普通成交"
"2025-12-23","2025-12-23 09:30:00.000","001328.SZ","登康口腔","卖出","19400","38.51","747094","43770.07 / 6.22%","971.22","普通成交"
"2025-12-23","2025-12-23 09:30:00.000","688393.SH","安必平","卖出","32593","24.55","800158.15","79835.29 / 11.08%","1040.21","普通成交"
"2025-12-23","2025-12-23 09:30:00.000","301331.SZ","恩威医药","卖出","22700","26.63","604501","-13511.19 / -2.19%","785.85","普通成交"
"2025-12-23","2025-12-23 09:30:00.000","000995.SZ","皇台酒业","卖出","77100","12.98","1000758","433.02 / 0.04%","1300.99","普通成交"
"2025-12-22","2025-12-22 09:30:00.000","920123.BJ","芭薇股份","卖出","41400","16.19","670266","27681.84 / 4.31%","871.35","普通成交"
"2025-12-22","2025-12-22 09:30:00.000","688393.SH","安必平","卖出","1000","25.08","25080","2979.46 / 13.48%","32.6","普通成交"
"2025-12-22","2025-12-22 09:30:00.000","001328.SZ","登康口腔","买入","500","39","19500","--","5.85","普通成交"
"2025-12-22","2025-12-22 09:30:00.000","000995.SZ","皇台酒业","买入","1400","13.16","18424","--","5.53","普通成交"
"2025-12-19","2025-12-19 09:30:00.000","920123.BJ","芭薇股份","买入","300","15.84","4752","--","5","普通成交"
"2025-12-19","2025-12-19 09:30:00.000","688393.SH","安必平","卖出","1800","23.76","42768","2987.03 / 7.51%","55.6","普通成交"
"2025-12-19","2025-12-19 09:30:00.000","000995.SZ","皇台酒业","买入","1200","12.88","15456","--","5","普通成交"
"2025-12-18","2025-12-18 09:30:00.000","920123.BJ","芭薇股份","买入","900","15.71","14139","--","5","普通成交"
"2025-12-18","2025-12-18 09:30:00.000","688393.SH","安必平","卖出","300","21.98","6594","-36.16 / -0.55%","11.59","普通成交"
"2025-12-18","2025-12-18 09:30:00.000","603057.SH","紫燕食品","卖出","1200","19","22800","1970.69 / 9.46%","29.64","普通成交"
"2025-12-18","2025-12-18 09:30:00.000","301331.SZ","恩威医药","买入","400","26.32","10528","--","5","普通成交"
"2025-12-18","2025-12-18 09:30:00.000","001328.SZ","登康口腔","卖出","300","38.7","11610","755.74 / 6.96%","16.61","普通成交"
"2025-12-18","2025-12-18 09:30:00.000","000995.SZ","皇台酒业","买入","1700","12.88","21896","--","6.57","普通成交"
"2025-12-17","2025-12-17 09:30:00.000","920123.BJ","芭薇股份","卖出","700","16.15","11305","444.85 / 4.1%","16.31","普通成交"
"2025-12-17","2025-12-17 09:30:00.000","603057.SH","紫燕食品","卖出","600","18.19","10914","499.35 / 4.79%","15.91","普通成交"
"2025-12-17","2025-12-17 09:30:00.000","000995.SZ","皇台酒业","买入","100","13.25","1325","--","5","普通成交"
"2025-12-16","2025-12-16 09:30:00.000","920123.BJ","芭薇股份","买入","2800","15.78","44184","--","13.26","普通成交"
"2025-12-16","2025-12-16 09:30:00.000","688393.SH","安必平","买入","945","21.87","20667.15","--","6.2","普通成交"
"2025-12-16","2025-12-16 09:30:00.000","603057.SH","紫燕食品","买入","400","17.49","6996","--","5","普通成交"
"2025-12-16","2025-12-16 09:30:00.000","301331.SZ","恩威医药","买入","700","26.71","18697","--","5.61","普通成交"
"2025-12-16","2025-12-16 09:30:00.000","001328.SZ","登康口腔","卖出","500","38.15","19075","984.57 / 5.44%","24.8","普通成交"
"2025-12-16","2025-12-16 09:30:00.000","000995.SZ","皇台酒业","卖出","5600","12.85","71960","-693.79 / -0.95%","93.55","普通成交"
"2025-12-15","2025-12-15 09:30:00.000","920123.BJ","芭薇股份","买入","38100","15.49","590169","--","177.05","普通成交"
"2025-12-15","2025-12-15 09:30:00.000","688393.SH","安必平","买入","34748","22.1","767930.8","--","230.38","普通成交"
"2025-12-15","2025-12-15 09:30:00.000","603057.SH","紫燕食品","买入","22700","17.35","393845","--","118.15","普通成交"
"2025-12-15","2025-12-15 09:30:00.000","301331.SZ","恩威医药","买入","21600","27.25","588600","--","176.58","普通成交"
"2025-12-15","2025-12-15 09:30:00.000","001328.SZ","登康口腔","买入","19700","36.17","712549","--","213.76","普通成交"
"2025-12-15","2025-12-15 09:30:00.000","000995.SZ","皇台酒业","买入","78300","12.97","1015551","--","304.67","普通成交"
"2025-12-02","2025-12-02 09:30:00.000","920433.BJ","大唐药业","卖出","117300","6.36","746028","9100.06 / 1.23%","969.84","普通成交"
"2025-12-02","2025-12-02 09:30:00.000","001328.SZ","登康口腔","卖出","19300","36.5","704450","19287.51 / 2.82%","915.79","普通成交"
"2025-12-02","2025-12-02 09:30:00.000","920992.BJ","中科美菱","卖出","34400","17.99","618856","11471.64 / 1.89%","804.51","普通成交"
"2025-12-01","2025-12-01 09:30:00.000","920992.BJ","中科美菱","买入","100","17.64","1764","--","5","普通成交"
"2025-12-01","2025-12-01 09:30:00.000","920433.BJ","大唐药业","买入","300","6.27","1881","--","5","普通成交"
"2025-12-01","2025-12-01 09:30:00.000","920006.BJ","晟楠科技","卖出","23000","28.17","647910","10492.59 / 1.65%","842.28","普通成交"
"2025-12-01","2025-12-01 09:30:00.000","605009.SH","豪悦护理","卖出","19900","32.29","642571","-18541.27 / -2.8%","835.34","普通成交"
"2025-12-01","2025-12-01 09:30:00.000","301586.SZ","佳力奇","卖出","15500","46.05","713775","13697.41 / 1.96%","927.91","普通成交"
"2025-12-01","2025-12-01 09:30:00.000","001328.SZ","登康口腔","卖出","100","35.7","3570","19.94 / 0.56%","8.57","普通成交"
"2025-11-28","2025-11-28 09:30:00.000","920992.BJ","中科美菱","买入","100","17.65","1765","--","5","普通成交"
"2025-11-28","2025-11-28 09:30:00.000","920433.BJ","大唐药业","买入","300","6.29","1887","--","5","普通成交"
"2025-11-28","2025-11-28 09:30:00.000","920006.BJ","晟楠科技","买入","700","27.72","19404","--","5.82","普通成交"
"2025-11-28","2025-11-28 09:30:00.000","001328.SZ","登康口腔","卖出","200","35.46","7092","-8.13 / -0.11%","12.09","普通成交"
"2025-11-27","2025-11-27 09:30:00.000","920992.BJ","中科美菱","卖出","200","18.05","3610","78.74 / 2.23%","8.61","普通成交"
"2025-11-27","2025-11-27 09:30:00.000","920433.BJ","大唐药业","卖出","2300","6.32","14536","86.6 / 0.6%","19.54","普通成交"
"2025-11-27","2025-11-27 09:30:00.000","605009.SH","豪悦护理","买入","100","33.13","3313","--","5","普通成交"
"2025-11-27","2025-11-27 09:30:00.000","301586.SZ","佳力奇","买入","100","45.54","4554","--","5","普通成交"
"2025-11-26","2025-11-26 09:30:00.000","920433.BJ","大唐药业","卖出","1000","6.39","6390","107.65 / 1.71%","11.39","普通成交"
"2025-11-26","2025-11-26 09:30:00.000","920006.BJ","晟楠科技","买入","200","29.35","5870","--","5","普通成交"
"2025-11-26","2025-11-26 09:30:00.000","001328.SZ","登康口腔","卖出","100","36","3600","49.94 / 1.41%","8.6","普通成交"
"2025-11-25","2025-11-25 09:30:00.000","920992.BJ","中科美菱","买入","100","17.95","1795","--","5","普通成交"
"2025-11-25","2025-11-25 09:30:00.000","920433.BJ","大唐药业","买入","1800","6.31","11358","--","5","普通成交"
"2025-11-25","2025-11-25 09:30:00.000","920006.BJ","晟楠科技","卖出","500","28.87","14435","585.85 / 4.23%","19.44","普通成交"
"2025-11-25","2025-11-25 09:30:00.000","605009.SH","豪悦护理","买入","200","33.39","6678","--","5","普通成交"
"2025-11-25","2025-11-25 09:30:00.000","301586.SZ","佳力奇","卖出","200","47","9400","367.29 / 4.07%","14.4","普通成交"
"2025-11-24","2025-11-24 09:30:00.000","920992.BJ","中科美菱","买入","34300","17.65","605395","--","181.62","普通成交"
"2025-11-24","2025-11-24 09:30:00.000","920433.BJ","大唐药业","买入","118200","6.28","742296","--","222.69","普通成交"
"2025-11-24","2025-11-24 09:30:00.000","920006.BJ","晟楠科技","买入","22600","27.69","625794","--","187.74","普通成交"
"2025-11-24","2025-11-24 09:30:00.000","605009.SH","豪悦护理","买入","19600","33.21","650916","--","195.27","普通成交"
"2025-11-24","2025-11-24 09:30:00.000","301586.SZ","佳力奇","买入","15600","45.15","704340","--","211.3","普通成交"
"2025-11-24","2025-11-24 09:30:00.000","001328.SZ","登康口腔","买入","19700","35.49","699153","--","209.75","普通成交"
"2025-10-28","2025-10-28 09:30:00.000","600051.SH","宁波联合","卖出","75900","7.57","574563","28468.79 / 5.21%","746.93","普通成交"
"2025-10-28","2025-10-28 09:30:00.000","000523.SZ","红棉股份","卖出","236900","3.23","765187","16311.98 / 2.18%","994.74","普通成交"
"2025-10-27","2025-10-27 09:30:00.000","920924.BJ","广脉科技","卖出","22200","24.2","537240","15548.8 / 2.98%","698.41","普通成交"
"2025-10-27","2025-10-27 09:30:00.000","920576.BJ","天力复合","卖出","20500","30.25","620125","23601.09 / 3.96%","806.16","普通成交"
"2025-10-27","2025-10-27 09:30:00.000","605158.SH","华达新材","卖出","83800","8.53","714814","8774.1 / 1.24%","929.26","普通成交"
"2025-10-27","2025-10-27 09:30:00.000","600051.SH","宁波联合","买入","200","7.44","1488","--","5","普通成交"
"2025-10-27","2025-10-27 09:30:00.000","300504.SZ","天邑股份","卖出","57400","14.36","824264","31070.09 / 3.92%","1071.54","普通成交"
"2025-10-27","2025-10-27 09:30:00.000","000523.SZ","红棉股份","买入","600","3.23","1938","--","5","普通成交"
"2025-10-24","2025-10-24 09:30:00.000","920924.BJ","广脉科技","买入","200","23.95","4790","--","5","普通成交"
"2025-10-24","2025-10-24 09:30:00.000","920576.BJ","天力复合","卖出","100","30.5","3050","140.13 / 4.82%","8.05","普通成交"
"2025-10-24","2025-10-24 09:30:00.000","605158.SH","华达新材","买入","900","8.63","7767","--","5","普通成交"
"2025-10-24","2025-10-24 09:30:00.000","600051.SH","宁波联合","买入","400","7.48","2992","--","5","普通成交"
"2025-10-24","2025-10-24 09:30:00.000","300504.SZ","天邑股份","买入","500","14.22","7110","--","5","普通成交"
"2025-10-24","2025-10-24 09:30:00.000","000523.SZ","红棉股份","卖出","2200","3.3","7260","305.91 / 4.4%","12.26","普通成交"
"2025-10-23","2025-10-23 09:30:00.000","920924.BJ","广脉科技","卖出","100","24.1","2410","60.47 / 2.57%","7.41","普通成交"
"2025-10-23","2025-10-23 09:30:00.000","920576.BJ","天力复合","卖出","400","30","12000","360.51 / 3.1%","17","普通成交"
"2025-10-23","2025-10-23 09:30:00.000","600051.SH","宁波联合","买入","100","7.49","749","--","5","普通成交"
"2025-10-23","2025-10-23 09:30:00.000","300504.SZ","天邑股份","买入","200","14.06","2812","--","5","普通成交"
"2025-10-22","2025-10-22 09:30:00.000","605158.SH","华达新材","买入","200","8.6","1720","--","5","普通成交"
"2025-10-22","2025-10-22 09:30:00.000","600051.SH","宁波联合","卖出","700","7.41","5187","152.49 / 3.03%","10.19","普通成交"
"2025-10-21","2025-10-21 09:30:00.000","920924.BJ","广脉科技","买入","1300","23.3","30290","--","9.09","普通成交"
"2025-10-21","2025-10-21 09:30:00.000","605158.SH","华达新材","卖出","400","8.5","3400","30.99 / 0.92%","8.4","普通成交"
"2025-10-21","2025-10-21 09:30:00.000","600051.SH","宁波联合","卖出","900","7.29","6561","88.06 / 1.36%","11.56","普通成交"
"2025-10-21","2025-10-21 09:30:00.000","300504.SZ","天邑股份","卖出","1200","14.04","16848","271.03 / 1.63%","21.9","普通成交"
"2025-10-21","2025-10-21 09:30:00.000","000523.SZ","红棉股份","卖出","1000","3.18","3180","19.05 / 0.6%","8.18","普通成交"
"2025-10-20","2025-10-20 09:30:00.000","920924.BJ","广脉科技","买入","20800","23.5","488800","--","146.64","普通成交"
"2025-10-20","2025-10-20 09:30:00.000","920576.BJ","天力复合","买入","21000","29.09","610890","--","183.27","普通成交"
"2025-10-20","2025-10-20 09:30:00.000","605158.SH","华达新材","买入","83100","8.42","699702","--","209.91","普通成交"
"2025-10-20","2025-10-20 09:30:00.000","600051.SH","宁波联合","买入","76800","7.19","552192","--","165.66","普通成交"
"2025-10-20","2025-10-20 09:30:00.000","300504.SZ","天邑股份","买入","57900","13.81","799599","--","239.88","普通成交"
"2025-10-20","2025-10-20 09:30:00.000","000523.SZ","红棉股份","买入","239500","3.16","756820","--","227.05","普通成交"
"2025-09-23","2025-09-23 09:30:00.000","603117.SH","万林物流","卖出","77400","5.51","426474","-9421.88 / -2.16%","554.42","普通成交"
"2025-09-23","2025-09-23 09:30:00.000","000755.SZ","山西高速","卖出","179600","4.87","874652","-5652.71 / -0.64%","1137.05","普通成交"
"2025-09-22","2025-09-22 09:30:00.000","603223.SH","恒通股份","卖出","59100","9.7","573270","16890.82 / 3.04%","745.25","普通成交"
"2025-09-22","2025-09-22 09:30:00.000","603117.SH","万林物流","买入","200","5.55","1110","--","5","普通成交"
"2025-09-22","2025-09-22 09:30:00.000","601963.SH","重庆银行","卖出","74600","9.08","677368","-35160.46 / -4.93%","880.58","普通成交"
"2025-09-22","2025-09-22 09:30:00.000","601077.SH","渝农商行","卖出","100500","6.25","628125","-20185.43 / -3.11%","816.56","普通成交"
"2025-09-22","2025-09-22 09:30:00.000","000985.SZ","大庆华科","卖出","41000","17.55","719550","-32642.38 / -4.34%","935.42","普通成交"
"2025-09-22","2025-09-22 09:30:00.000","000755.SZ","山西高速","卖出","1600","4.89","7824","-18.36 / -0.23%","12.82","普通成交"
"2025-09-19","2025-09-19 09:30:00.000","603223.SH","恒通股份","卖出","800","9.71","7768","236.64 / 3.14%","12.77","普通成交"
"2025-09-19","2025-09-19 09:30:00.000","603117.SH","万林物流","买入","100","5.58","558","--","5","普通成交"
"2025-09-19","2025-09-19 09:30:00.000","601963.SH","重庆银行","买入","300","9.06","2718","--","5","普通成交"
"2025-09-19","2025-09-19 09:30:00.000","601077.SH","渝农商行","卖出","400","6.36","2544","-36.34 / -1.41%","7.54","普通成交"
"2025-09-19","2025-09-19 09:30:00.000","000755.SZ","山西高速","买入","200","4.88","976","--","5","普通成交"
"2025-09-18","2025-09-18 09:30:00.000","603223.SH","恒通股份","买入","200","9.8","1960","--","5","普通成交"
"2025-09-18","2025-09-18 09:30:00.000","603117.SH","万林物流","买入","200","5.68","1136","--","5","普通成交"
"2025-09-18","2025-09-18 09:30:00.000","601963.SH","重庆银行","买入","2300","9.28","21344","--","6.4","普通成交"
"2025-09-18","2025-09-18 09:30:00.000","601077.SH","渝农商行","卖出","400","6.47","2588","7.66 / 0.3%","7.59","普通成交"
"2025-09-18","2025-09-18 09:30:00.000","000755.SZ","山西高速","卖出","1200","4.97","5964","82.24 / 1.4%","10.96","普通成交"
"2025-09-17","2025-09-17 09:30:00.000","603223.SH","恒通股份","卖出","1600","9.88","15808","747.48 / 4.96%","20.81","普通成交"
"2025-09-17","2025-09-17 09:30:00.000","603117.SH","万林物流","卖出","400","5.74","2296","43.32 / 1.92%","7.3","普通成交"
"2025-09-17","2025-09-17 09:30:00.000","601077.SH","渝农商行","买入","300","6.38","1914","--","5","普通成交"
"2025-09-17","2025-09-17 09:30:00.000","000985.SZ","大庆华科","买入","400","18.4","7360","--","5","普通成交"
"2025-09-17","2025-09-17 09:30:00.000","000755.SZ","山西高速","卖出","400","4.94","1976","15.41 / 0.79%","6.98","普通成交"
"2025-09-16","2025-09-16 09:30:00.000","603223.SH","恒通股份","卖出","800","9.45","7560","29.74 / 0.39%","12.56","普通成交"
"2025-09-16","2025-09-16 09:30:00.000","601963.SH","重庆银行","买入","500","9.41","4705","--","5","普通成交"
"2025-09-16","2025-09-16 09:30:00.000","601077.SH","渝农商行","买入","1200","6.37","7644","--","5","普通成交"
"2025-09-16","2025-09-16 09:30:00.000","000755.SZ","山西高速","卖出","400","4.88","1952","-8.59 / -0.44%","6.95","普通成交"
"2025-09-15","2025-09-15 09:30:00.000","603223.SH","恒通股份","买入","62100","9.41","584361","--","175.31","普通成交"
"2025-09-15","2025-09-15 09:30:00.000","603117.SH","万林物流","买入","77300","5.63","435199","--","130.56","普通成交"
"2025-09-15","2025-09-15 09:30:00.000","601963.SH","重庆银行","买入","71500","9.56","683540","--","205.06","普通成交"
"2025-09-15","2025-09-15 09:30:00.000","601077.SH","渝农商行","买入","99800","6.45","643710","--","193.11","普通成交"
"2025-09-15","2025-09-15 09:30:00.000","000985.SZ","大庆华科","买入","40600","18.34","744604","--","223.38","普通成交"
"2025-09-15","2025-09-15 09:30:00.000","000755.SZ","山西高速","买入","183000","4.9","896700","--","269.01","普通成交"
"2025-08-19","2025-08-19 09:30:00.000","688060.SH","云涌科技","卖出","6644","41.71","277121.24","1578.36 / 0.57%","360.26","普通成交"
"2025-08-19","2025-08-19 09:30:00.000","688232.SH","新点软件","卖出","35627","29.51","1051352.77","16077.93 / 1.55%","1366.76","普通成交"
"2025-08-19","2025-08-19 09:30:00.000","002758.SZ","浙农股份","卖出","85500","9.19","785745","3187.87 / 0.41%","1021.47","普通成交"
"2025-08-19","2025-08-19 09:30:00.000","000523.SZ","红棉股份","卖出","164300","3.29","540547","-5098.95 / -0.93%","702.71","普通成交"
"2025-08-19","2025-08-19 09:30:00.000","920374.BJ","云里物里","卖出","16000","33.07","529120","20868.07 / 4.11%","687.86","普通成交"
"2025-08-19","2025-08-19 09:30:00.000","603206.SH","嘉环科技","卖出","45000","18.18","818100","5184.82 / 0.64%","1063.53","普通成交"
"2025-08-18","2025-08-18 09:30:00.000","920374.BJ","云里物里","卖出","100","31.81","3181","4.43 / 0.14%","8.18","普通成交"
"2025-08-18","2025-08-18 09:30:00.000","000523.SZ","红棉股份","买入","400","3.27","1308","--","5","普通成交"
"2025-08-15","2025-08-15 09:30:00.000","920374.BJ","云里物里","买入","100","31.03","3103","--","5","普通成交"
"2025-08-15","2025-08-15 09:30:00.000","603206.SH","嘉环科技","买入","200","17.8","3560","--","5","普通成交"
"2025-08-15","2025-08-15 09:30:00.000","002758.SZ","浙农股份","买入","100","8.98","898","--","5","普通成交"
"2025-08-14","2025-08-14 09:30:00.000","688232.SH","新点软件","卖出","300","29.51","8853","135.39 / 1.55%","13.85","普通成交"
"2025-08-13","2025-08-13 09:30:00.000","603206.SH","嘉环科技","买入","100","18.21","1821","--","5","普通成交"
"2025-08-13","2025-08-13 09:30:00.000","002758.SZ","浙农股份","卖出","100","9.27","927","11.71 / 1.28%","5.93","普通成交"
"2025-08-13","2025-08-13 09:30:00.000","000523.SZ","红棉股份","买入","500","3.33","1665","--","5","普通成交"
"2025-08-12","2025-08-12 09:30:00.000","920374.BJ","云里物里","买入","100","31.8","3180","--","5","普通成交"
"2025-08-12","2025-08-12 09:30:00.000","603206.SH","嘉环科技","卖出","300","18.37","5511","91.37 / 1.69%","10.51","普通成交"
"2025-08-12","2025-08-12 09:30:00.000","002758.SZ","浙农股份","买入","100","9.2","920","--","5","普通成交"
"2025-08-12","2025-08-12 09:30:00.000","000523.SZ","红棉股份","买入","800","3.33","2664","--","5","普通成交"
"2025-08-11","2025-08-11 09:30:00.000","920374.BJ","云里物里","买入","15900","31.76","504984","--","151.5","普通成交"
"2025-08-11","2025-08-11 09:30:00.000","688232.SH","新点软件","买入","35927","29.05","1043679.35","--","313.1","普通成交"
"2025-08-11","2025-08-11 09:30:00.000","688060.SH","云涌科技","买入","6644","41.46","275460.24","--","82.64","普通成交"
"2025-08-11","2025-08-11 09:30:00.000","603206.SH","嘉环科技","买入","45000","18.06","812700","--","243.81","普通成交"
"2025-08-11","2025-08-11 09:30:00.000","002758.SZ","浙农股份","买入","85400","9.15","781410","--","234.42","普通成交"
"2025-08-11","2025-08-11 09:30:00.000","000523.SZ","红棉股份","买入","162600","3.32","539832","--","161.95","普通成交"
"2025-08-05","2025-08-05 09:30:00.000","600784.SH","鲁银投资","卖出","82000","6.55","537100","745.07 / 0.14%","698.23","普通成交"
"2025-08-05","2025-08-05 09:30:00.000","603825.SH","华扬联众","卖出","33800","12","405600","-5324.18 / -1.3%","527.28","普通成交"
"2025-08-05","2025-08-05 09:30:00.000","600088.SH","中视传媒","卖出","54000","16.95","915300","46703.77 / 5.38%","1189.89","普通成交"
"2025-08-04","2025-08-04 09:30:00.000","688232.SH","新点软件","卖出","34456","30.5","1050908","-6921.59 / -0.65%","1366.18","普通成交"
"2025-08-04","2025-08-04 09:30:00.000","688060.SH","云涌科技","卖出","7361","40.58","298709.38","7862.65 / 2.7%","388.32","普通成交"
"2025-08-04","2025-08-04 09:30:00.000","603825.SH","华扬联众","买入","900","12.01","10809","--","5","普通成交"
"2025-08-04","2025-08-04 09:30:00.000","600784.SH","鲁银投资","买入","900","6.45","5805","--","5","普通成交"
"2025-08-04","2025-08-04 09:30:00.000","600088.SH","中视传媒","买入","900","16.8","15120","--","5","普通成交"
"2025-08-04","2025-08-04 09:30:00.000","002758.SZ","浙农股份","卖出","85700","9.17","785869","-11827.17 / -1.48%","1021.63","普通成交"
"2025-08-01","2025-08-01 09:30:00.000","688232.SH","新点软件","买入","331","29.6","9797.6","--","5","普通成交"
"2025-08-01","2025-08-01 09:30:00.000","688060.SH","云涌科技","卖出","200","39.76","7952","49.63 / 0.63%","12.95","普通成交"
"2025-08-01","2025-08-01 09:30:00.000","603825.SH","华扬联众","卖出","700","12.17","8519","6.02 / 0.07%","13.52","普通成交"
"2025-08-01","2025-08-01 09:30:00.000","600784.SH","鲁银投资","买入","100","6.41","641","--","5","普通成交"
"2025-08-01","2025-08-01 09:30:00.000","002758.SZ","浙农股份","买入","500","9.11","4555","--","5","普通成交"
"2025-07-31","2025-07-31 09:30:00.000","600784.SH","鲁银投资","卖出","200","6.52","1304","-4.39 / -0.34%","6.3","普通成交"
"2025-07-31","2025-07-31 09:30:00.000","002758.SZ","浙农股份","买入","400","9.24","3696","--","5","普通成交"
"2025-07-31","2025-07-31 00:00:00.000","600088.SH","中视传媒","卖出","0","17.08","1444.32","--","361.08","除权除息"
"2025-07-30","2025-07-30 09:30:00.000","688232.SH","新点软件","买入","773","29.99","23182.27","--","6.95","普通成交"
"2025-07-30","2025-07-30 09:30:00.000","603825.SH","华扬联众","买入","100","12.14","1214","--","5","普通成交"
"2025-07-30","2025-07-30 09:30:00.000","600784.SH","鲁银投资","卖出","200","6.53","1306","-2.39 / -0.18%","6.31","普通成交"
"2025-07-30","2025-07-30 09:30:00.000","600088.SH","中视传媒","卖出","1700","17.23","29291","1919.07 / 7.01%","38.08","普通成交"
"2025-07-29","2025-07-29 09:30:00.000","688232.SH","新点软件","买入","9220","30.15","277983","--","83.39","普通成交"
"2025-07-29","2025-07-29 09:30:00.000","688060.SH","云涌科技","买入","7561","39.5","298659.5","--","89.6","普通成交"
"2025-07-29","2025-07-29 09:30:00.000","603825.SH","华扬联众","买入","600","12.18","7308","--","5","普通成交"
"2025-07-29","2025-07-29 09:30:00.000","600784.SH","鲁银投资","买入","81400","6.54","532356","--","159.71","普通成交"
"2025-07-29","2025-07-29 09:30:00.000","600088.SH","中视传媒","卖出","500","16.73","8365","314.43 / 3.91%","13.37","普通成交"
"2025-07-29","2025-07-29 09:30:00.000","002758.SZ","浙农股份","卖出","500","9.35","4675","20.31 / 0.44%","9.68","普通成交"
"2025-07-29","2025-07-29 09:30:00.000","920415.BJ","恒拓开源","卖出","35000","16.75","586250","-7835.76 / -1.32%","762.13","普通成交"
"2025-07-29","2025-07-29 09:30:00.000","600682.SH","南京新百","卖出","68000","7.4","503200","52935.22 / 11.76%","654.16","普通成交"
"2025-07-28","2025-07-28 09:30:00.000","920415.BJ","恒拓开源","卖出","900","17.33","15597","320.51 / 2.1%","20.6","普通成交"
"2025-07-28","2025-07-28 09:30:00.000","600682.SH","南京新百","买入","5400","7.68","41472","--","12.44","普通成交"
"2025-07-28","2025-07-28 09:30:00.000","600088.SH","中视传媒","卖出","200","16.64","3328","107.77 / 3.35%","8.33","普通成交"
"2025-07-28","2025-07-28 09:30:00.000","002758.SZ","浙农股份","卖出","2200","9.35","20570","89.37 / 0.44%","26.74","普通成交"
"2025-07-25","2025-07-25 09:30:00.000","920415.BJ","恒拓开源","买入","100","16.8","1680","--","5","普通成交"
"2025-07-25","2025-07-25 09:30:00.000","688232.SH","新点软件","买入","552","30.37","16764.24","--","5.03","普通成交"
"2025-07-25","2025-07-25 09:30:00.000","603825.SH","华扬联众","买入","200","12.3","2460","--","5","普通成交"
"2025-07-25","2025-07-25 09:30:00.000","600682.SH","南京新百","卖出","4700","7.9","37130","6438.82 / 20.98%","48.27","普通成交"
"2025-07-25","2025-07-25 09:30:00.000","002758.SZ","浙农股份","买入","2900","9.42","27318","--","8.2","普通成交"
"2025-07-24","2025-07-24 09:30:00.000","920415.BJ","恒拓开源","买入","1300","16.51","21463","--","6.44","普通成交"
"2025-07-24","2025-07-24 09:30:00.000","600682.SH","南京新百","卖出","6300","7.99","50337","9197.76 / 22.36%","65.44","普通成交"
"2025-07-23","2025-07-23 09:30:00.000","688232.SH","新点软件","买入","701","30.3","21240.3","--","6.37","普通成交"
"2025-07-23","2025-07-23 09:30:00.000","603825.SH","华扬联众","买入","300","12.09","3627","--","5","普通成交"
"2025-07-23","2025-07-23 09:30:00.000","600682.SH","南京新百","卖出","3500","6.97","24395","1539.87 / 6.74%","31.71","普通成交"
"2025-07-23","2025-07-23 09:30:00.000","002758.SZ","浙农股份","买入","400","9.41","3764","--","5","普通成交"
"2025-07-22","2025-07-22 09:30:00.000","920415.BJ","恒拓开源","买入","19800","17.11","338778","--","101.63","普通成交"
"2025-07-22","2025-07-22 09:30:00.000","603825.SH","华扬联众","买入","28200","12.18","343476","--","103.04","普通成交"
"2025-07-22","2025-07-22 09:30:00.000","600682.SH","南京新百","卖出","200","6.57","1314","7.99 / 0.61%","6.31","普通成交"
"2025-07-22","2025-07-22 09:30:00.000","600088.SH","中视传媒","买入","5400","16.34","88236","--","26.47","普通成交"
"2025-07-22","2025-07-22 09:30:00.000","002758.SZ","浙农股份","买入","4900","9.46","46354","--","13.91","普通成交"
"2025-07-22","2025-07-22 09:30:00.000","601019.SH","山东出版","卖出","53900","9.1","490490","-15059.64 / -2.98%","637.64","普通成交"
"2025-07-22","2025-07-22 09:30:00.000","688060.SH","云涌科技","卖出","8670","37.94","328939.8","4411.07 / 1.36%","427.62","普通成交"
"2025-07-21","2025-07-21 09:30:00.000","920415.BJ","恒拓开源","买入","14700","16.82","247254","--","74.18","普通成交"
"2025-07-21","2025-07-21 09:30:00.000","688232.SH","新点软件","卖出","8000","31.01","248080","252.58 / 0.1%","322.5","普通成交"
"2025-07-21","2025-07-21 09:30:00.000","603825.SH","华扬联众","买入","4200","12","50400","--","15.12","普通成交"
"2025-07-21","2025-07-21 09:30:00.000","601019.SH","山东出版","买入","300","9","2700","--","5","普通成交"
"2025-07-21","2025-07-21 09:30:00.000","600682.SH","南京新百","卖出","8400","6.42","53928","-924.31 / -1.69%","70.11","普通成交"
"2025-07-18","2025-07-18 09:30:00.000","601019.SH","山东出版","买入","1800","9.05","16290","--","5","普通成交"
"2025-07-18","2025-07-18 09:30:00.000","600682.SH","南京新百","卖出","600","6.47","3882","-36.02 / -0.92%","8.88","普通成交"
"2025-07-18","2025-07-18 09:30:00.000","600088.SH","中视传媒","卖出","300","16.1","4830","7.54 / 0.16%","9.83","普通成交"
"2025-07-18","2025-07-18 09:30:00.000","002758.SZ","浙农股份","买入","500","9.36","4680","--","5","普通成交"
"2025-07-17","2025-07-17 09:30:00.000","688232.SH","新点软件","卖出","400","31.4","12560","168.63 / 1.36%","17.56","普通成交"
"2025-07-17","2025-07-17 09:30:00.000","600682.SH","南京新百","买入","500","6.41","3205","--","5","普通成交"
"2025-07-17","2025-07-17 09:30:00.000","002758.SZ","浙农股份","买入","2300","9.35","21505","--","6.45","普通成交"
"2025-07-16","2025-07-16 09:30:00.000","688232.SH","新点软件","卖出","800","30.72","24576","-206.74 / -0.83%","31.95","普通成交"
"2025-07-16","2025-07-16 09:30:00.000","600682.SH","XD南京新","买入","200","6.36","1272","--","5","普通成交"
"2025-07-16","2025-07-16 09:30:00.000","600088.SH","中视传媒","卖出","100","15.89","1589","-18.49 / -1.15%","6.59","普通成交"
"2025-07-16","2025-07-16 09:30:00.000","002758.SZ","浙农股份","买入","100","9.37","937","--","5","普通成交"
"2025-07-16","2025-07-16 00:00:00.000","600682.SH","南京新百","卖出","0","6.35","1095.68","--","273.92","除权除息"
"2025-07-15","2025-07-15 09:30:00.000","688232.SH","新点软件","买入","752","30.1","22635.2","--","6.79","普通成交"
"2025-07-15","2025-07-15 09:30:00.000","601019.SH","山东出版","买入","100","9.36","936","--","5","普通成交"
"2025-07-15","2025-07-15 09:30:00.000","600682.SH","南京新百","买入","600","6.49","3894","--","5","普通成交"
"2025-07-15","2025-07-15 09:30:00.000","600088.SH","中视传媒","买入","200","16.06","3212","--","5","普通成交"
"2025-07-15","2025-07-15 09:30:00.000","002758.SZ","浙农股份","卖出","3200","9.61","30752","1015.08 / 3.41%","39.98","普通成交"
"2025-07-14","2025-07-14 09:30:00.000","688232.SH","新点软件","买入","31327","30.99","970823.73","--","291.25","普通成交"
"2025-07-14","2025-07-14 09:30:00.000","688060.SH","云涌科技","买入","8670","37.42","324431.4","--","97.33","普通成交"
"2025-07-14","2025-07-14 09:30:00.000","601019.SH","山东出版","买入","51700","9.39","485463","--","145.64","普通成交"
"2025-07-14","2025-07-14 09:30:00.000","600682.SH","南京新百","买入","85000","6.55","556750","--","167.03","普通成交"
"2025-07-14","2025-07-14 09:30:00.000","600088.SH","中视传媒","买入","50300","16.07","808321","--","242.5","普通成交"
"2025-07-14","2025-07-14 09:30:00.000","002758.SZ","浙农股份","买入","79600","9.29","739484","--","221.85","普通成交"
"2025-07-01","2025-07-01 09:30:00.000","688651.SH","盛邦安全","卖出","19382","34.12","661313.84","60873.22 / 10.14%","859.71","普通成交"
"2025-07-01","2025-07-01 09:30:00.000","600088.SH","中视传媒","卖出","44500","16.14","718230","28316.93 / 4.1%","933.7","普通成交"
"2025-07-01","2025-07-01 09:30:00.000","605168.SH","三人行","卖出","19900","29.39","584861","52973.48 / 9.96%","760.32","普通成交"
"2025-06-30","2025-06-30 09:30:00.000","688695.SH","中创股份","卖出","21517","29.43","633245.31","45654.99 / 7.77%","823.22","普通成交"
"2025-06-30","2025-06-30 09:30:00.000","605168.SH","三人行","卖出","100","28.67","2867","194.2 / 7.27%","7.87","普通成交"
"2025-06-30","2025-06-30 09:30:00.000","600682.SH","南京新百","卖出","87300","6.72","586656","32994.48 / 5.96%","762.65","普通成交"
"2025-06-30","2025-06-30 09:30:00.000","600088.SH","中视传媒","买入","300","16.14","4842","--","5","普通成交"
"2025-06-30","2025-06-30 09:30:00.000","002758.SZ","浙农股份","卖出","77500","8.93","692075","18700.7 / 2.78%","899.7","普通成交"
"2025-06-27","2025-06-27 09:30:00.000","688651.SH","盛邦安全","卖出","500","33.83","16915","1425.35 / 9.2%","21.99","普通成交"
"2025-06-27","2025-06-27 09:30:00.000","002758.SZ","浙农股份","买入","800","8.82","7056","--","5","普通成交"
"2025-06-26","2025-06-26 09:30:00.000","600682.SH","南京新百","卖出","1000","6.81","6810","467.94 / 7.38%","11.81","普通成交"
"2025-06-26","2025-06-26 09:30:00.000","600088.SH","中视传媒","买入","300","15.96","4788","--","5","普通成交"
"2025-06-26","2025-06-26 09:30:00.000","002758.SZ","浙农股份","买入","1700","8.89","15113","--","5","普通成交"
"2025-06-25","2025-06-25 09:30:00.000","688695.SH","中创股份","卖出","200","28.73","5746","284.36 / 5.21%","10.75","普通成交"
"2025-06-25","2025-06-25 09:30:00.000","688651.SH","盛邦安全","卖出","200","32.77","6554","358.14 / 5.78%","11.55","普通成交"
"2025-06-25","2025-06-25 09:30:00.000","600682.SH","南京新百","卖出","1200","6.75","8100","489.53 / 6.43%","13.1","普通成交"
"2025-06-24","2025-06-24 09:30:00.000","600682.SH","南京新百","买入","100","6.43","643","--","5","普通成交"
"2025-06-24","2025-06-24 09:30:00.000","600088.SH","中视传媒","买入","200","15.76","3152","--","5","普通成交"
"2025-06-23","2025-06-23 09:30:00.000","688695.SH","中创股份","买入","21717","27.3","592874.1","--","177.86","普通成交"
"2025-06-23","2025-06-23 09:30:00.000","688651.SH","盛邦安全","买入","20082","30.97","621939.54","--","186.58","普通成交"
"2025-06-23","2025-06-23 09:30:00.000","605168.SH","三人行","买入","20000","26.72","534400","--","160.32","普通成交"
"2025-06-23","2025-06-23 09:30:00.000","600682.SH","南京新百","买入","89400","6.34","566796","--","170.04","普通成交"
"2025-06-23","2025-06-23 09:30:00.000","600088.SH","中视传媒","买入","43700","15.49","676913","--","203.07","普通成交"
"2025-06-23","2025-06-23 09:30:00.000","002758.SZ","浙农股份","买入","75000","8.68","651000","--","195.3","普通成交"
"2025-05-20","2025-05-20 09:30:00.000","002813.SZ","路畅科技","卖出","20900","29.27","611743","151196.83 / 32.83%","795.27","普通成交"
"2025-05-20","2025-05-20 09:30:00.000","600469.SH","风神股份","卖出","120300","5.66","680898","13828.54 / 2.07%","885.17","普通成交"
"2025-05-20","2025-05-20 09:30:00.000","301326.SZ","捷邦科技","卖出","10400","60.5","629200","-3099.84 / -0.49%","817.96","普通成交"
"2025-05-20","2025-05-20 09:30:00.000","301567.SZ","贝隆精密","卖出","14200","38.89","552238","-15829.2 / -2.79%","717.91","普通成交"
"2025-05-19","2025-05-19 09:30:00.000","600469.SH","风神股份","买入","1600","5.6","8960","--","5","普通成交"
"2025-05-19","2025-05-19 09:30:00.000","301567.SZ","贝隆精密","买入","100","38.93","3893","--","5","普通成交"
"2025-05-19","2025-05-19 09:30:00.000","300588.SZ","熙菱信息","卖出","44800","12.06","540288","-8222.87 / -1.5%","702.37","普通成交"
"2025-05-19","2025-05-19 09:30:00.000","300551.SZ","古鳌科技","卖出","69900","8.56","598344","-11298.28 / -1.85%","777.85","普通成交"
"2025-05-19","2025-05-19 09:30:00.000","002813.SZ","路畅科技","卖出","1500","26.61","39915","6861.45 / 20.76%","51.89","普通成交"
"2025-05-16","2025-05-16 09:30:00.000","600469.SH","风神股份","卖出","2400","5.53","13272","-34.24 / -0.26%","18.27","普通成交"
"2025-05-16","2025-05-16 09:30:00.000","300551.SZ","古鳌科技","买入","600","8.6","5160","--","5","普通成交"
"2025-05-16","2025-05-16 09:30:00.000","002813.SZ","路畅科技","买入","200","21.91","4382","--","5","普通成交"
"2025-05-15","2025-05-15 09:30:00.000","600469.SH","风神股份","买入","400","5.48","2192","--","5","普通成交"
"2025-05-15","2025-05-15 09:30:00.000","301326.SZ","捷邦科技","买入","100","59.7","5970","--","5","普通成交"
"2025-05-15","2025-05-15 09:30:00.000","300588.SZ","熙菱信息","卖出","800","12.33","9864","69.16 / 0.71%","14.86","普通成交"
"2025-05-15","2025-05-15 09:30:00.000","300551.SZ","古鳌科技","卖出","900","8.85","7965","114.65 / 1.46%","12.97","普通成交"
"2025-05-14","2025-05-14 09:30:00.000","600469.SH","风神股份","买入","1200","5.55","6660","--","5","普通成交"
"2025-05-14","2025-05-14 09:30:00.000","300588.SZ","熙菱信息","买入","200","12.19","2438","--","5","普通成交"
"2025-05-14","2025-05-14 09:30:00.000","002813.SZ","路畅科技","卖出","400","22.66","9064","249.36 / 2.83%","14.06","普通成交"
"2025-05-13","2025-05-13 09:30:00.000","600469.SH","风神股份","买入","8000","5.58","44640","--","13.39","普通成交"
"2025-05-13","2025-05-13 09:30:00.000","301567.SZ","贝隆精密","卖出","200","39.78","7956","-46.4 / -0.58%","12.96","普通成交"
"2025-05-13","2025-05-13 09:30:00.000","301326.SZ","捷邦科技","卖出","200","61.5","12300","138.35 / 1.14%","17.3","普通成交"
"2025-05-13","2025-05-13 09:30:00.000","300588.SZ","熙菱信息","卖出","700","12.51","8757","186.43 / 2.18%","13.76","普通成交"
"2025-05-13","2025-05-13 09:30:00.000","300551.SZ","古鳌科技","卖出","1300","8.89","11557","217.6 / 1.92%","16.56","普通成交"
"2025-05-13","2025-05-13 09:30:00.000","002813.SZ","路畅科技","卖出","200","22.39","4478","70.68 / 1.6%","9.48","普通成交"
"2025-05-12","2025-05-12 09:30:00.000","600469.SH","风神股份","买入","111500","5.54","617710","--","185.31","普通成交"
"2025-05-12","2025-05-12 09:30:00.000","301567.SZ","贝隆精密","买入","14300","40","572000","--","171.6","普通成交"
"2025-05-12","2025-05-12 09:30:00.000","301326.SZ","捷邦科技","买入","10500","60.79","638295","--","191.49","普通成交"
"2025-05-12","2025-05-12 09:30:00.000","300588.SZ","熙菱信息","买入","46100","12.24","564264","--","169.28","普通成交"
"2025-05-12","2025-05-12 09:30:00.000","300551.SZ","古鳌科技","买入","71500","8.72","623480","--","187.04","普通成交"
"2025-05-12","2025-05-12 09:30:00.000","002813.SZ","路畅科技","买入","22800","22.03","502284","--","150.69","普通成交"
"2025-02-18","2025-02-18 09:30:00.000","300886.SZ","华业香料","卖出","29800","20.75","618350","21042.03 / 3.52%","803.86","普通成交"
"2025-02-18","2025-02-18 09:30:00.000","603059.SH","倍加洁","卖出","25600","22.41","573696","23573.77 / 4.29%","745.8","普通成交"
"2025-02-18","2025-02-18 09:30:00.000","002016.SZ","世荣兆业","卖出","57600","6.57","378432","47508.59 / 14.36%","491.96","普通成交"
"2025-02-18","2025-02-18 09:30:00.000","688511.SH","天微电子","卖出","35964","14.95","537661.8","92172.75 / 20.69%","698.96","普通成交"
"2025-02-17","2025-02-17 09:30:00.000","688511.SH","天微电子","卖出","600","14.41","8646","1213.75 / 16.33%","13.65","普通成交"
"2025-02-17","2025-02-17 09:30:00.000","603261.SH","立航科技","卖出","28900","22.87","660943","50615.97 / 8.29%","859.23","普通成交"
"2025-02-17","2025-02-17 09:30:00.000","603059.SH","倍加洁","卖出","600","22.05","13230","336.51 / 2.61%","18.23","普通成交"
"2025-02-17","2025-02-17 09:30:00.000","300886.SZ","华业香料","卖出","200","20.45","4090","81.22 / 2.03%","9.09","普通成交"
"2025-02-17","2025-02-17 09:30:00.000","002016.SZ","世荣兆业","买入","5300","7.55","40015","--","12","普通成交"
"2025-02-17","2025-02-17 09:30:00.000","000011.SZ","深物业A","卖出","89300","8.56","764408","34026.48 / 4.66%","993.73","普通成交"
"2025-02-14","2025-02-14 09:30:00.000","688511.SH","天微电子","买入","458","14.28","6540.24","--","5","普通成交"
"2025-02-14","2025-02-14 09:30:00.000","603261.SH","立航科技","买入","200","22.87","4574","--","5","普通成交"
"2025-02-14","2025-02-14 09:30:00.000","300886.SZ","华业香料","买入","1100","20.64","22704","--","6.81","普通成交"
"2025-02-14","2025-02-14 09:30:00.000","002016.SZ","世荣兆业","卖出","3300","8.47","27951","9596.16 / 52.28%","36.34","普通成交"
"2025-02-14","2025-02-14 09:30:00.000","000011.SZ","深物业A","卖出","600","8.51","5106","198.62 / 4.05%","10.11","普通成交"
"2025-02-13","2025-02-13 09:30:00.000","603261.SH","立航科技","卖出","200","23.38","4676","454.76 / 10.77%","9.68","普通成交"
"2025-02-13","2025-02-13 09:30:00.000","300886.SZ","华业香料","买入","700","20.9","14630","--","5","普通成交"
"2025-02-13","2025-02-13 09:30:00.000","002016.SZ","世荣兆业","卖出","600","7.79","4674","1336.76 / 40.06%","9.67","普通成交"
"2025-02-13","2025-02-13 09:30:00.000","000011.SZ","深物业A","买入","900","8.43","7587","--","5","普通成交"
"2025-02-12","2025-02-12 09:30:00.000","688511.SH","天微电子","买入","930","14.22","13224.6","--","5","普通成交"
"2025-02-12","2025-02-12 09:30:00.000","603261.SH","立航科技","买入","1000","23","23000","--","6.9","普通成交"
"2025-02-12","2025-02-12 09:30:00.000","603059.SH","倍加洁","买入","400","21.5","8600","--","5","普通成交"
"2025-02-12","2025-02-12 09:30:00.000","300886.SZ","华业香料","卖出","1000","21.33","21330","1331.03 / 6.66%","27.73","普通成交"
"2025-02-12","2025-02-12 09:30:00.000","002016.SZ","世荣兆业","卖出","5000","8.25","41250","13439.64 / 48.33%","53.63","普通成交"
"2025-02-12","2025-02-12 09:30:00.000","000011.SZ","深物业A","买入","1700","8.4","14280","--","5","普通成交"
"2025-02-11","2025-02-11 09:30:00.000","688511.SH","天微电子","卖出","600","14.41","8646","1257.78 / 17.02%","13.65","普通成交"
"2025-02-11","2025-02-11 09:30:00.000","603261.SH","立航科技","卖出","200","23.79","4758","550.38 / 13.08%","9.76","普通成交"
"2025-02-11","2025-02-11 09:30:00.000","603059.SH","倍加洁","买入","1000","21.47","21470","--","6.44","普通成交"
"2025-02-11","2025-02-11 09:30:00.000","300886.SZ","华业香料","买入","100","20.7","2070","--","5","普通成交"
"2025-02-11","2025-02-11 09:30:00.000","002016.SZ","世荣兆业","卖出","3300","7.5","24750","6395.16 / 34.84%","32.18","普通成交"
"2025-02-11","2025-02-11 09:30:00.000","000011.SZ","深物业A","买入","1900","8.52","16188","--","5","普通成交"
"2025-02-10","2025-02-10 09:30:00.000","688511.SH","天微电子","卖出","900","13.66","12294","1211.68 / 10.93%","17.29","普通成交"
"2025-02-10","2025-02-10 09:30:00.000","603261.SH","立航科技","买入","400","22.5","9000","--","5","普通成交"
"2025-02-10","2025-02-10 09:30:00.000","603059.SH","倍加洁","买入","1200","21.6","25920","--","7.78","普通成交"
"2025-02-10","2025-02-10 09:30:00.000","300886.SZ","华业香料","买入","100","20.06","2006","--","5","普通成交"
"2025-02-10","2025-02-10 09:30:00.000","002016.SZ","世荣兆业","卖出","6300","6.5","40950","5908.94 / 16.86%","53.24","普通成交"
"2025-02-10","2025-02-10 09:30:00.000","000011.SZ","深物业A","买入","900","8.33","7497","--","5","普通成交"
"2025-02-07","2025-02-07 09:30:00.000","688511.SH","天微电子","卖出","500","13.1","6550","393.15 / 6.39%","11.55","普通成交"
"2025-02-07","2025-02-07 09:30:00.000","603261.SH","立航科技","买入","400","21.72","8688","--","5","普通成交"
"2025-02-07","2025-02-07 09:30:00.000","002016.SZ","世荣兆业","买入","200","5.68","1136","--","5","普通成交"
"2025-02-07","2025-02-07 09:30:00.000","000011.SZ","深物业A","买入","600","8.15","4890","--","5","普通成交"
"2025-02-06","2025-02-06 09:30:00.000","688511.SH","天微电子","卖出","1200","12.63","15156","379.57 / 2.57%","20.16","普通成交"
"2025-02-06","2025-02-06 09:30:00.000","603059.SH","倍加洁","买入","400","21.29","8516","--","5","普通成交"
"2025-02-06","2025-02-06 09:30:00.000","002016.SZ","世荣兆业","卖出","700","5.6","3920","26.83 / 0.69%","8.92","普通成交"
"2025-02-06","2025-02-06 09:30:00.000","000011.SZ","深物业A","买入","200","8.1","1620","--","5","普通成交"
"2025-02-05","2025-02-05 09:30:00.000","688511.SH","天微电子","买入","38376","12.31","472408.56","--","141.72","普通成交"
"2025-02-05","2025-02-05 09:30:00.000","603261.SH","立航科技","买入","27300","21","573300","--","171.99","普通成交"
"2025-02-05","2025-02-05 09:30:00.000","603059.SH","倍加洁","买入","23200","21.48","498336","--","149.5","普通成交"
"2025-02-05","2025-02-05 09:30:00.000","300886.SZ","华业香料","买入","29000","19.99","579710","--","173.91","普通成交"
"2025-02-05","2025-02-05 09:30:00.000","002016.SZ","世荣兆业","买入","71300","5.56","396428","--","118.93","普通成交"
"2025-02-05","2025-02-05 09:30:00.000","000011.SZ","深物业A","买入","83700","8.16","682992","--","204.9","普通成交"
"2024-11-26","2024-11-26 09:30:00.000","603353.SH","和顺石油","卖出","42700","15.18","648186","95873.5 / 17.36%","842.64","普通成交"
"2024-11-26","2024-11-26 09:30:00.000","603071.SH","物产环能","卖出","51400","12.69","652266","32974.48 / 5.32%","847.95","普通成交"
"2024-11-26","2024-11-26 09:30:00.000","600971.SH","恒源煤电","卖出","45500","9.36","425880","-7737.09 / -1.78%","553.64","普通成交"
"2024-11-25","2024-11-25 09:30:00.000","605368.SH","蓝天燃气","卖出","54500","11.49","626205","8599.07 / 1.39%","814.07","普通成交"
"2024-11-25","2024-11-25 09:30:00.000","603693.SH","江苏新能","卖出","45400","9.98","453092","-3408.88 / -0.75%","589.02","普通成交"
"2024-11-25","2024-11-25 09:30:00.000","603353.SH","和顺石油","买入","1000","15.18","15180","--","5","普通成交"
"2024-11-25","2024-11-25 09:30:00.000","603071.SH","物产环能","卖出","200","12.62","2524","114.31 / 4.74%","7.52","普通成交"
"2024-11-25","2024-11-25 09:30:00.000","600971.SH","恒源煤电","买入","100","9.31","931","--","5","普通成交"
"2024-11-25","2024-11-25 09:30:00.000","000637.SZ","茂化实华","卖出","109600","3.85","421960","12869.8 / 3.15%","548.55","普通成交"
"2024-11-22","2024-11-22 09:30:00.000","603353.SH","和顺石油","买入","200","16.17","3234","--","5","普通成交"
"2024-11-22","2024-11-22 09:30:00.000","603071.SH","物产环能","买入","600","12.95","7770","--","5","普通成交"
"2024-11-22","2024-11-22 09:30:00.000","600971.SH","恒源煤电","买入","300","9.65","2895","--","5","普通成交"
"2024-11-22","2024-11-22 09:30:00.000","000637.SZ","茂化实华","买入","600","3.92","2352","--","5","普通成交"
"2024-11-21","2024-11-21 09:30:00.000","605368.SH","蓝天燃气","买入","1000","11.79","11790","--","5","普通成交"
"2024-11-21","2024-11-21 09:30:00.000","603693.SH","江苏新能","买入","500","10.35","5175","--","5","普通成交"
"2024-11-21","2024-11-21 09:30:00.000","603353.SH","和顺石油","卖出","2100","16.41","34461","7444.96 / 27.56%","44.8","普通成交"
"2024-11-21","2024-11-21 09:30:00.000","600971.SH","恒源煤电","买入","800","9.66","7728","--","5","普通成交"
"2024-11-21","2024-11-21 09:30:00.000","000637.SZ","茂化实华","买入","1000","3.97","3970","--","5","普通成交"
"2024-11-20","2024-11-20 09:30:00.000","605368.SH","蓝天燃气","卖出","600","11.75","7050","255.86 / 3.77%","12.05","普通成交"
"2024-11-20","2024-11-20 09:30:00.000","603693.SH","江苏新能","卖出","400","10.24","4096","75.32 / 1.87%","9.1","普通成交"
"2024-11-20","2024-11-20 09:30:00.000","603353.SH","和顺石油","买入","500","14.77","7385","--","5","普通成交"
"2024-11-20","2024-11-20 09:30:00.000","603071.SH","物产环能","卖出","600","12.88","7728","505.34 / 7.0%","12.73","普通成交"
"2024-11-20","2024-11-20 09:30:00.000","600971.SH","恒源煤电","买入","100","9.64","964","--","5","普通成交"
"2024-11-20","2024-11-20 09:30:00.000","000637.SZ","茂化实华","卖出","100","3.95","395","22.08 / 5.92%","5.4","普通成交"
"2024-11-19","2024-11-19 09:30:00.000","605368.SH","蓝天燃气","买入","700","11.51","8057","--","5","普通成交"
"2024-11-19","2024-11-19 09:30:00.000","603693.SH","江苏新能","买入","43300","10.05","435165","--","130.55","普通成交"
"2024-11-19","2024-11-19 09:30:00.000","603353.SH","和顺石油","卖出","1800","15","27000","3883.38 / 16.8%","35.1","普通成交"
"2024-11-19","2024-11-19 09:30:00.000","603071.SH","物产环能","买入","1300","12.59","16367","--","5","普通成交"
"2024-11-19","2024-11-19 09:30:00.000","600971.SH","恒源煤电","卖出","200","9.69","1938","32.66 / 1.71%","6.94","普通成交"
"2024-11-19","2024-11-19 09:30:00.000","000637.SZ","茂化实华","买入","7000","3.95","27650","--","8.3","普通成交"
"2024-11-19","2024-11-19 09:30:00.000","605580.SH","恒盛能源","卖出","31500","9.95","313425","28170.27 / 9.88%","407.45","普通成交"
"2024-11-18","2024-11-18 09:30:00.000","605580.SH","恒盛能源","卖出","1000","9.63","9630","574.29 / 6.34%","14.63","普通成交"
"2024-11-18","2024-11-18 09:30:00.000","605368.SH","蓝天燃气","卖出","11900","11.43","136017","1296.73 / 0.96%","176.82","普通成交"
"2024-11-18","2024-11-18 09:30:00.000","603693.SH","江苏新能","买入","2000","10.02","20040","--","6.01","普通成交"
"2024-11-18","2024-11-18 09:30:00.000","603353.SH","和顺石油","卖出","1400","14.37","20118","2138.41 / 11.89%","26.15","普通成交"
"2024-11-18","2024-11-18 09:30:00.000","603071.SH","物产环能","买入","700","12.51","8757","--","5","普通成交"
"2024-11-18","2024-11-18 09:30:00.000","600971.SH","恒源煤电","卖出","1000","9.48","9480","-46.68 / -0.49%","14.48","普通成交"
"2024-11-18","2024-11-18 09:30:00.000","000637.SZ","茂化实华","买入","500","4.1","2050","--","5","普通成交"
"2024-11-15","2024-11-15 09:30:00.000","605580.SH","恒盛能源","买入","200","9.25","1850","--","5","普通成交"
"2024-11-15","2024-11-15 09:30:00.000","603353.SH","和顺石油","卖出","200","14","2800","231.49 / 9.01%","7.8","普通成交"
"2024-11-15","2024-11-15 09:30:00.000","603071.SH","物产环能","卖出","100","12.59","1259","57.36 / 4.77%","6.26","普通成交"
"2024-11-14","2024-11-14 09:30:00.000","605580.SH","恒盛能源","买入","300","9.4","2820","--","5","普通成交"
"2024-11-14","2024-11-14 09:30:00.000","605368.SH","蓝天燃气","买入","500","11.67","5835","--","5","普通成交"
"2024-11-14","2024-11-14 09:30:00.000","603353.SH","和顺石油","卖出","600","14.12","8472","766.46 / 9.95%","13.47","普通成交"
"2024-11-14","2024-11-14 09:30:00.000","600971.SH","恒源煤电","买入","200","9.58","1916","--","5","普通成交"
"2024-11-14","2024-11-14 09:30:00.000","000637.SZ","茂化实华","卖出","300","4.11","1233","119.43 / 10.72%","6.23","普通成交"
"2024-11-13","2024-11-13 09:30:00.000","605580.SH","恒盛能源","买入","500","9.48","4740","--","5","普通成交"
"2024-11-13","2024-11-13 09:30:00.000","605368.SH","蓝天燃气","买入","200","11.76","2352","--","5","普通成交"
"2024-11-13","2024-11-13 09:30:00.000","603353.SH","和顺石油","卖出","500","13.86","6930","508.72 / 7.92%","11.93","普通成交"
"2024-11-13","2024-11-13 09:30:00.000","603071.SH","物产环能","卖出","100","12.72","1272","70.36 / 5.86%","6.27","普通成交"
"2024-11-13","2024-11-13 09:30:00.000","600971.SH","恒源煤电","买入","1700","9.54","16218","--","5","普通成交"
"2024-11-13","2024-11-13 09:30:00.000","000637.SZ","茂化实华","卖出","600","4.1","2460","232.86 / 10.46%","7.46","普通成交"
"2024-11-12","2024-11-12 09:30:00.000","605580.SH","恒盛能源","卖出","900","9.81","8829","689.42 / 8.47%","13.83","普通成交"
"2024-11-12","2024-11-12 09:30:00.000","605368.SH","蓝天燃气","卖出","200","11.87","2374","110.64 / 4.89%","7.37","普通成交"
"2024-11-12","2024-11-12 09:30:00.000","603071.SH","物产环能","卖出","200","12.81","2562","158.71 / 6.6%","7.56","普通成交"
"2024-11-12","2024-11-12 09:30:00.000","000637.SZ","茂化实华","买入","2000","4.11","8220","--","5","普通成交"
"2024-11-11","2024-11-11 09:30:00.000","605580.SH","恒盛能源","买入","1800","9.42","16956","--","5.09","普通成交"
"2024-11-11","2024-11-11 09:30:00.000","605368.SH","蓝天燃气","卖出","1600","11.7","18720","613.09 / 3.39%","24.34","普通成交"
"2024-11-11","2024-11-11 09:30:00.000","603353.SH","和顺石油","买入","200","13.75","2750","--","5","普通成交"
"2024-11-11","2024-11-11 09:30:00.000","603071.SH","物产环能","卖出","700","12.68","8876","464.5 / 5.52%","13.88","普通成交"
"2024-11-11","2024-11-11 09:30:00.000","000637.SZ","茂化实华","买入","400","4.12","1648","--","5","普通成交"
"2024-11-08","2024-11-08 09:30:00.000","605580.SH","恒盛能源","买入","100","9.4","940","--","5","普通成交"
"2024-11-08","2024-11-08 09:30:00.000","605368.SH","蓝天燃气","卖出","200","11.92","2384","120.64 / 5.33%","7.38","普通成交"
"2024-11-08","2024-11-08 09:30:00.000","603353.SH","和顺石油","买入","100","14.01","1401","--","5","普通成交"
"2024-11-08","2024-11-08 09:30:00.000","603071.SH","物产环能","买入","100","12.88","1288","--","5","普通成交"
"2024-11-08","2024-11-08 09:30:00.000","600971.SH","恒源煤电","卖出","300","9.95","2985","127.3 / 4.45%","7.99","普通成交"
"2024-11-08","2024-11-08 09:30:00.000","000637.SZ","茂化实华","买入","200","4.17","834","--","5","普通成交"
"2024-11-07","2024-11-07 09:30:00.000","605580.SH","恒盛能源","买入","100","9.17","917","--","5","普通成交"
"2024-11-07","2024-11-07 09:30:00.000","605368.SH","蓝天燃气","买入","1000","11.62","11620","--","5","普通成交"
"2024-11-07","2024-11-07 09:30:00.000","603353.SH","和顺石油","卖出","1000","13.7","13700","863.95 / 6.73%","18.7","普通成交"
"2024-11-07","2024-11-07 09:30:00.000","600971.SH","恒源煤电","买入","700","9.54","6678","--","5","普通成交"
"2024-11-07","2024-11-07 09:30:00.000","000637.SZ","茂化实华","卖出","1300","4.03","5239","427.53 / 8.89%","10.24","普通成交"
"2024-11-06","2024-11-06 09:30:00.000","605580.SH","恒盛能源","买入","600","9.22","5532","--","5","普通成交"
"2024-11-06","2024-11-06 09:30:00.000","605368.SH","蓝天燃气","买入","1300","11.74","15262","--","5","普通成交"
"2024-11-06","2024-11-06 09:30:00.000","603353.SH","和顺石油","买入","200","13.34","2668","--","5","普通成交"
"2024-11-06","2024-11-06 09:30:00.000","603071.SH","物产环能","买入","100","12.48","1248","--","5","普通成交"
"2024-11-06","2024-11-06 09:30:00.000","600971.SH","恒源煤电","买入","800","9.65","7720","--","5","普通成交"
"2024-11-06","2024-11-06 09:30:00.000","000637.SZ","茂化实华","卖出","5800","4.12","23896","2429.46 / 11.32%","31.06","普通成交"
"2024-11-05","2024-11-05 09:30:00.000","605580.SH","恒盛能源","买入","600","9.14","5484","--","5","普通成交"
"2024-11-05","2024-11-05 09:30:00.000","605368.SH","蓝天燃气","卖出","1000","11.78","11780","476.61 / 4.22%","16.78","普通成交"
"2024-11-05","2024-11-05 09:30:00.000","603353.SH","和顺石油","卖出","200","13.1","2620","53.23 / 2.07%","7.62","普通成交"
"2024-11-05","2024-11-05 09:30:00.000","603071.SH","物产环能","卖出","100","12.33","1233","31.64 / 2.63%","6.23","普通成交"
"2024-11-05","2024-11-05 09:30:00.000","000637.SZ","茂化实华","买入","100","3.67","367","--","5","普通成交"
"2024-11-04","2024-11-04 09:30:00.000","605580.SH","恒盛能源","买入","29200","9.01","263092","--","78.93","普通成交"
"2024-11-04","2024-11-04 09:30:00.000","605368.SH","蓝天燃气","买入","65300","11.3","737890","--","221.37","普通成交"
"2024-11-04","2024-11-04 09:30:00.000","603353.SH","和顺石油","买入","48300","12.83","619689","--","185.91","普通成交"
"2024-11-04","2024-11-04 09:30:00.000","603071.SH","物产环能","买入","50600","12.01","607706","--","182.31","普通成交"
"2024-11-04","2024-11-04 09:30:00.000","600971.SH","恒源煤电","买入","42300","9.52","402696","--","120.81","普通成交"
"2024-11-04","2024-11-04 09:30:00.000","000637.SZ","茂化实华","买入","105900","3.7","391830","--","117.55","普通成交"
"2024-10-22","2024-10-22 09:30:00.000","000692.SZ","惠天热电","卖出","174300","3.02","526386","-12035.03 / -2.24%","684.3","普通成交"
"2024-10-22","2024-10-22 09:30:00.000","600800.SH","渤海化学","卖出","124500","2.34","291330","-51851.38 / -15.11%","378.73","普通成交"
"2024-10-22","2024-10-22 09:30:00.000","600792.SH","云煤能源","卖出","181000","3.48","629880","-84402.05 / -11.82%","818.84","普通成交"
"2024-10-22","2024-10-22 09:30:00.000","001210.SZ","金房能源","卖出","36300","13.17","478071","-52067.99 / -9.82%","621.49","普通成交"
"2024-10-22","2024-10-22 09:30:00.000","603353.SH","和顺石油","卖出","56900","12.78","727182","-132719.07 / -15.43%","945.34","普通成交"
"2024-10-22","2024-10-22 09:30:00.000","600408.SH","安泰集团","卖出","209200","1.77","370284","-73474.45 / -16.56%","481.37","普通成交"
"2024-10-21","2024-10-21 09:30:00.000","603353.SH","和顺石油","卖出","200","12.75","2550","-472.5 / -15.63%","7.55","普通成交"
"2024-10-21","2024-10-21 09:30:00.000","600800.SH","渤海化学","买入","1200","2.33","2796","--","5","普通成交"
"2024-10-21","2024-10-21 09:30:00.000","600792.SH","云煤能源","买入","800","3.51","2808","--","5","普通成交"
"2024-10-21","2024-10-21 09:30:00.000","600408.SH","安泰集团","买入","700","1.8","1260","--","5","普通成交"
"2024-10-21","2024-10-21 09:30:00.000","001210.SZ","金房能源","卖出","700","13.18","9226","-997.07 / -9.75%","14.23","普通成交"
"2024-10-21","2024-10-21 09:30:00.000","000692.SZ","惠天热电","买入","100","3.04","304","--","5","普通成交"
"2024-10-18","2024-10-18 09:30:00.000","600800.SH","渤海化学","卖出","100","2.3","230","-46.06 / -16.68%","5.23","普通成交"
"2024-10-18","2024-10-18 09:30:00.000","600792.SH","云煤能源","买入","1100","3.49","3839","--","5","普通成交"
"2024-10-18","2024-10-18 09:30:00.000","600408.SH","安泰集团","卖出","1500","1.78","2670","-513.41 / -16.13%","7.67","普通成交"
"2024-10-18","2024-10-18 09:30:00.000","001210.SZ","金房能源","卖出","100","12.78","1278","-182.44 / -12.49%","6.28","普通成交"
"2024-10-18","2024-10-18 09:30:00.000","000692.SZ","惠天热电","买入","100","3.04","304","--","5","普通成交"
"2024-10-17","2024-10-17 09:30:00.000","603353.SH","和顺石油","买入","1000","12.67","12670","--","5","普通成交"
"2024-10-17","2024-10-17 09:30:00.000","600800.SH","渤海化学","卖出","300","2.36","708","-120.18 / -14.51%","5.71","普通成交"
"2024-10-17","2024-10-17 09:30:00.000","600792.SH","云煤能源","买入","1900","3.56","6764","--","5","普通成交"
"2024-10-17","2024-10-17 09:30:00.000","600408.SH","安泰集团","卖出","100","1.79","179","-33.23 / -15.66%","5.18","普通成交"
"2024-10-17","2024-10-17 09:30:00.000","001210.SZ","金房能源","卖出","600","13","7800","-962.63 / -10.99%","12.8","普通成交"
"2024-10-17","2024-10-17 09:30:00.000","000692.SZ","惠天热电","卖出","3300","3.1","10230","36.15 / 0.35%","15.23","普通成交"
"2024-10-16","2024-10-16 09:30:00.000","603353.SH","和顺石油","买入","800","12.61","10088","--","5","普通成交"
"2024-10-16","2024-10-16 09:30:00.000","600800.SH","渤海化学","卖出","1400","2.32","3248","-616.82 / -15.96%","8.25","普通成交"
"2024-10-16","2024-10-16 09:30:00.000","600792.SH","云煤能源","买入","1900","3.54","6726","--","5","普通成交"
"2024-10-16","2024-10-16 09:30:00.000","600408.SH","安泰集团","卖出","1100","1.74","1914","-420.5 / -18.01%","6.91","普通成交"
"2024-10-16","2024-10-16 09:30:00.000","001210.SZ","金房能源","卖出","700","12.54","8778","-1445.07 / -14.14%","13.78","普通成交"
"2024-10-16","2024-10-16 09:30:00.000","000692.SZ","惠天热电","卖出","1000","2.99","2990","-99.05 / -3.21%","7.99","普通成交"
"2024-10-15","2024-10-15 09:30:00.000","603353.SH","和顺石油","买入","1200","13.15","15780","--","5","普通成交"
"2024-10-15","2024-10-15 09:30:00.000","600800.SH","渤海化学","卖出","1600","2.37","3792","-624.94 / -14.15%","8.79","普通成交"
"2024-10-15","2024-10-15 09:30:00.000","600792.SH","云煤能源","买入","600","3.69","2214","--","5","普通成交"
"2024-10-15","2024-10-15 09:30:00.000","600408.SH","安泰集团","卖出","3300","1.81","5973","-1030.49 / -14.71%","10.97","普通成交"
"2024-10-15","2024-10-15 09:30:00.000","001210.SZ","金房能源","卖出","100","12.77","1277","-183.44 / -12.56%","6.28","普通成交"
"2024-10-15","2024-10-15 09:30:00.000","000692.SZ","惠天热电","买入","173600","3.09","536424","--","160.93","普通成交"
"2024-10-15","2024-10-15 09:30:00.000","920010.BJ","凯添燃气","卖出","93200","5","466000","-49034.5 / -9.52%","605.8","普通成交"
"2024-10-14","2024-10-14 09:30:00.000","920010.BJ","凯添燃气","买入","4300","4.74","20382","--","6.11","普通成交"
"2024-10-14","2024-10-14 09:30:00.000","603353.SH","和顺石油","卖出","1700","13.5","22950","-2954.44 / -11.41%","29.84","普通成交"
"2024-10-14","2024-10-14 09:30:00.000","600800.SH","渤海化学","买入","2300","2.38","5474","--","5","普通成交"
"2024-10-14","2024-10-14 09:30:00.000","600792.SH","云煤能源","卖出","3800","3.57","13566","-1484.05 / -9.86%","18.57","普通成交"
"2024-10-14","2024-10-14 09:30:00.000","600408.SH","安泰集团","买入","4800","1.79","8592","--","5","普通成交"
"2024-10-14","2024-10-14 09:30:00.000","001210.SZ","金房能源","卖出","6100","12.61","76921","-12165.72 / -13.66%","100","普通成交"
"2024-10-14","2024-10-14 09:30:00.000","000692.SZ","惠天热电","买入","4800","3.02","14496","--","5","普通成交"
"2024-10-11","2024-10-11 09:30:00.000","920010.BJ","凯添燃气","卖出","400","4.89","1956","-269.63 / -12.11%","6.96","普通成交"
"2024-10-11","2024-10-11 09:30:00.000","603353.SH","和顺石油","买入","2300","13.45","30935","--","9.28","普通成交"
"2024-10-11","2024-10-11 09:30:00.000","600800.SH","渤海化学","买入","1200","2.43","2916","--","5","普通成交"
"2024-10-11","2024-10-11 09:30:00.000","600792.SH","云煤能源","卖出","11200","4.05","45360","1001.97 / 2.26%","58.97","普通成交"
"2024-10-11","2024-10-11 09:30:00.000","600408.SH","安泰集团","卖出","500","1.83","915","-149.93 / -14.08%","5.92","普通成交"
"2024-10-10","2024-10-10 09:30:00.000","920010.BJ","凯添燃气","买入","5800","5.03","29174","--","8.75","普通成交"
"2024-10-10","2024-10-10 09:30:00.000","600800.SH","渤海化学","卖出","800","2.41","1928","-288.66 / -13.02%","6.93","普通成交"
"2024-10-10","2024-10-10 09:30:00.000","600792.SH","云煤能源","买入","200","3.32","664","--","5","普通成交"
"2024-10-10","2024-10-10 09:30:00.000","600408.SH","安泰集团","买入","500","1.79","895","--","5","普通成交"
"2024-10-10","2024-10-10 09:30:00.000","001210.SZ","金房能源","卖出","1100","12.93","14223","-1841.82 / -11.46%","19.22","普通成交"
"2024-10-09","2024-10-09 09:30:00.000","920010.BJ","凯添燃气","买入","46300","5.39","249557","--","74.87","普通成交"
"2024-10-09","2024-10-09 09:30:00.000","603353.SH","和顺石油","卖出","6600","14.65","96690","-4386.31 / -4.34%","125.7","普通成交"
"2024-10-09","2024-10-09 09:30:00.000","600800.SH","渤海化学","卖出","10500","2.6","27300","-1793.73 / -6.17%","35.49","普通成交"
"2024-10-09","2024-10-09 09:30:00.000","600792.SH","云煤能源","卖出","14500","3.59","52055","-5382.23 / -9.37%","67.67","普通成交"
"2024-10-09","2024-10-09 09:30:00.000","600408.SH","安泰集团","卖出","15700","1.99","31243","-2208.03 / -6.6%","40.62","普通成交"
"2024-10-09","2024-10-09 09:30:00.000","001210.SZ","金房能源","卖出","4200","13.6","57120","-4218.4 / -6.88%","74.26","普通成交"
"2024-10-08","2024-10-08 09:30:00.000","920010.BJ","凯添燃气","买入","37200","5.86","217992","--","65.4","普通成交"
"2024-10-08","2024-10-08 09:30:00.000","603353.SH","和顺石油","买入","60100","15.31","920131","--","276.04","普通成交"
"2024-10-08","2024-10-08 09:30:00.000","600800.SH","渤海化学","买入","134500","2.77","372565","--","111.77","普通成交"
"2024-10-08","2024-10-08 09:30:00.000","600792.SH","云煤能源","买入","204000","3.96","807840","--","242.35","普通成交"
"2024-10-08","2024-10-08 09:30:00.000","600408.SH","安泰集团","买入","225400","2.13","480102","--","144.03","普通成交"
"2024-10-08","2024-10-08 09:30:00.000","001210.SZ","金房能源","买入","49900","14.6","728540","--","218.56","普通成交"
"2024-09-24","2024-09-24 09:30:00.000","600449.SH","宁夏建材","卖出","71800","10.72","769696","33703.97 / 4.58%","1000.6","普通成交"
"2024-09-24","2024-09-24 09:30:00.000","001212.SZ","中旗新材","卖出","23200","18.39","426648","-1496.64 / -0.35%","554.64","普通成交"
"2024-09-23","2024-09-23 09:30:00.000","600971.SH","恒源煤电","卖出","61700","8.62","531854","12025.41 / 2.31%","691.41","普通成交"
"2024-09-23","2024-09-23 09:30:00.000","600740.SH","山西焦化","卖出","181400","3.51","636714","14325.34 / 2.3%","827.73","普通成交"
"2024-09-23","2024-09-23 09:30:00.000","600449.SH","宁夏建材","卖出","2100","10.43","21903","376.77 / 1.75%","28.47","普通成交"
"2024-09-23","2024-09-23 09:30:00.000","300957.SZ","贝泰妮","卖出","14500","39.59","574055","-15699.65 / -2.66%","746.27","普通成交"
"2024-09-23","2024-09-23 09:30:00.000","300740.SZ","水羊股份","卖出","57700","9.85","568345","-7701.45 / -1.34%","738.85","普通成交"
"2024-09-23","2024-09-23 09:30:00.000","001212.SZ","中旗新材","买入","200","18.19","3638","--","5","普通成交"
"2024-09-20","2024-09-20 09:30:00.000","600971.SH","恒源煤电","买入","500","8.73","4365","--","5","普通成交"
"2024-09-20","2024-09-20 09:30:00.000","600740.SH","山西焦化","卖出","3000","3.58","10740","446.91 / 4.34%","15.74","普通成交"
"2024-09-20","2024-09-20 09:30:00.000","600449.SH","宁夏建材","卖出","100","10.42","1042","16.94 / 1.65%","6.04","普通成交"
"2024-09-20","2024-09-20 09:30:00.000","300957.SZ","贝泰妮","买入","100","40.7","4070","--","5","普通成交"
"2024-09-20","2024-09-20 09:30:00.000","300740.SZ","水羊股份","买入","100","10.21","1021","--","5","普通成交"
"2024-09-20","2024-09-20 09:30:00.000","001212.SZ","中旗新材","买入","300","18.52","5556","--","5","普通成交"
"2024-09-19","2024-09-19 09:30:00.000","600971.SH","恒源煤电","卖出","800","8.56","6848","109.98 / 1.63%","11.85","普通成交"
"2024-09-19","2024-09-19 09:30:00.000","600740.SH","山西焦化","卖出","1200","3.44","4128","10.77 / 0.26%","9.13","普通成交"
"2024-09-19","2024-09-19 09:30:00.000","600449.SH","宁夏建材","买入","400","9.78","3912","--","5","普通成交"
"2024-09-19","2024-09-19 09:30:00.000","300957.SZ","贝泰妮","卖出","100","41.5","4150","82.78 / 2.04%","9.15","普通成交"
"2024-09-18","2024-09-18 09:30:00.000","600971.SH","恒源煤电","买入","62000","8.42","522040","--","156.61","普通成交"
"2024-09-18","2024-09-18 09:30:00.000","600740.SH","山西焦化","买入","185600","3.43","636608","--","190.98","普通成交"
"2024-09-18","2024-09-18 09:30:00.000","600449.SH","宁夏建材","买入","73600","10.25","754400","--","226.32","普通成交"
"2024-09-18","2024-09-18 09:30:00.000","300957.SZ","贝泰妮","买入","14500","40.66","589570","--","176.87","普通成交"
"2024-09-18","2024-09-18 09:30:00.000","300740.SZ","水羊股份","买入","57600","9.98","574848","--","172.45","普通成交"
"2024-09-18","2024-09-18 09:30:00.000","001212.SZ","中旗新材","买入","22700","18.45","418815","--","125.64","普通成交"
"2024-08-20","2024-08-20 09:30:00.000","601528.SH","瑞丰银行","卖出","121700","4.91","597547","8429.72 / 1.43%","776.81","普通成交"
"2024-08-20","2024-08-20 09:30:00.000","000862.SZ","银星能源","卖出","107900","4.22","455338","-3503.49 / -0.76%","591.94","普通成交"
"2024-08-20","2024-08-20 09:30:00.000","000723.SZ","美锦能源","卖出","187700","4.18","784586","-59806.09 / -7.08%","1019.96","普通成交"
"2024-08-20","2024-08-20 09:30:00.000","600780.SH","通宝能源","卖出","132400","5.29","700396","32028.07 / 4.79%","910.51","普通成交"
"2024-08-20","2024-08-20 09:30:00.000","600725.SH","云维股份","卖出","141200","2.58","364296","-116.21 / -0.03%","473.58","普通成交"
"2024-08-20","2024-08-20 09:30:00.000","600928.SH","西安银行","卖出","177000","3.3","584100","20416.63 / 3.62%","759.33","普通成交"
"2024-08-19","2024-08-19 09:30:00.000","601528.SH","瑞丰银行","卖出","1000","4.83","4830","-10.73 / -0.22%","9.83","普通成交"
"2024-08-19","2024-08-19 09:30:00.000","600928.SH","西安银行","卖出","3300","3.25","10725","215.65 / 2.05%","15.73","普通成交"
"2024-08-19","2024-08-19 09:30:00.000","600725.SH","云维股份","买入","100","2.6","260","--","5","普通成交"
"2024-08-19","2024-08-19 09:30:00.000","000723.SZ","美锦能源","买入","200","4.18","836","--","5","普通成交"
"2024-08-16","2024-08-16 09:30:00.000","601528.SH","瑞丰银行","买入","200","4.82","964","--","5","普通成交"
"2024-08-16","2024-08-16 09:30:00.000","600928.SH","西安银行","买入","600","3.22","1932","--","5","普通成交"
"2024-08-16","2024-08-16 09:30:00.000","600780.SH","通宝能源","卖出","600","5.32","3192","163.14 / 5.39%","8.19","普通成交"
"2024-08-16","2024-08-16 09:30:00.000","600725.SH","云维股份","卖出","300","2.66","798","23.77 / 3.07%","5.8","普通成交"
"2024-08-16","2024-08-16 09:30:00.000","000723.SZ","美锦能源","买入","2100","4.28","8988","--","5","普通成交"
"2024-08-15","2024-08-15 09:30:00.000","601528.SH","瑞丰银行","卖出","500","4.75","2375","-45.36 / -1.87%","7.38","普通成交"
"2024-08-15","2024-08-15 09:30:00.000","600928.SH","西安银行","卖出","900","3.19","2871","4.94 / 0.17%","7.87","普通成交"
"2024-08-15","2024-08-15 09:30:00.000","600780.SH","通宝能源","买入","100","5.21","521","--","5","普通成交"
"2024-08-15","2024-08-15 09:30:00.000","600725.SH","云维股份","卖出","1700","2.6","4420","32.68 / 0.74%","9.42","普通成交"
"2024-08-15","2024-08-15 09:30:00.000","000723.SZ","美锦能源","买入","1800","4.17","7506","--","5","普通成交"
"2024-08-14","2024-08-14 09:30:00.000","601528.SH","瑞丰银行","卖出","700","4.77","3339","-49.51 / -1.46%","8.34","普通成交"
"2024-08-14","2024-08-14 09:30:00.000","600928.SH","西安银行","卖出","1300","3.2","4160","20.14 / 0.49%","9.16","普通成交"
"2024-08-14","2024-08-14 09:30:00.000","000862.SZ","银星能源","买入","100","4.3","430","--","5","普通成交"
"2024-08-14","2024-08-14 09:30:00.000","000723.SZ","美锦能源","买入","500","4.3","2150","--","5","普通成交"
"2024-08-13","2024-08-13 09:30:00.000","600780.SH","通宝能源","卖出","500","5.25","2625","101.03 / 4.0%","7.63","普通成交"
"2024-08-13","2024-08-13 09:30:00.000","600725.SH","云维股份","买入","143100","2.58","369198","--","110.76","普通成交"
"2024-08-13","2024-08-13 09:30:00.000","000862.SZ","银星能源","买入","3200","4.23","13536","--","5","普通成交"
"2024-08-13","2024-08-13 09:30:00.000","000723.SZ","美锦能源","买入","45600","4.32","196992","--","59.1","普通成交"
"2024-08-13","2024-08-13 09:30:00.000","600740.SH","山西焦化","卖出","154100","3.67","565547","10749.49 / 1.94%","735.21","普通成交"
"2024-08-12","2024-08-12 09:30:00.000","601528.SH","瑞丰银行","卖出","900","4.74","4266","-90.65 / -2.08%","9.27","普通成交"
"2024-08-12","2024-08-12 09:30:00.000","600928.SH","西安银行","买入","600","3.18","1908","--","5","普通成交"
"2024-08-12","2024-08-12 09:30:00.000","600780.SH","通宝能源","卖出","1500","5.29","7935","363.09 / 4.8%","12.94","普通成交"
"2024-08-12","2024-08-12 09:30:00.000","600740.SH","山西焦化","卖出","1300","3.72","4836","155.68 / 3.33%","9.84","普通成交"
"2024-08-12","2024-08-12 09:30:00.000","000862.SZ","银星能源","买入","100","4.45","445","--","5","普通成交"
"2024-08-12","2024-08-12 09:30:00.000","000723.SZ","美锦能源","买入","800","4.31","3448","--","5","普通成交"
"2024-08-09","2024-08-09 09:30:00.000","601528.SH","瑞丰银行","买入","300","4.75","1425","--","5","普通成交"
"2024-08-09","2024-08-09 09:30:00.000","600928.SH","西安银行","买入","100","3.19","319","--","5","普通成交"
"2024-08-09","2024-08-09 09:30:00.000","600780.SH","通宝能源","卖出","300","5.32","1596","81.62 / 5.39%","6.6","普通成交"
"2024-08-09","2024-08-09 09:30:00.000","600740.SH","山西焦化","卖出","1100","3.68","4048","87.73 / 2.22%","9.05","普通成交"
"2024-08-09","2024-08-09 09:30:00.000","000862.SZ","银星能源","买入","100","4.39","439","--","5","普通成交"
"2024-08-09","2024-08-09 09:30:00.000","000723.SZ","美锦能源","卖出","100","4.38","438","-18.76 / -4.11%","5.44","普通成交"
"2024-08-08","2024-08-08 09:30:00.000","601528.SH","瑞丰银行","买入","1400","4.73","6622","--","5","普通成交"
"2024-08-08","2024-08-08 09:30:00.000","600928.SH","西安银行","买入","2600","3.18","8268","--","5","普通成交"
"2024-08-08","2024-08-08 09:30:00.000","600780.SH","通宝能源","卖出","1300","5.27","6851","288.68 / 4.4%","11.85","普通成交"
"2024-08-08","2024-08-08 09:30:00.000","600740.SH","山西焦化","卖出","100","3.65","365","4.98 / 1.38%","5.37","普通成交"
"2024-08-08","2024-08-08 09:30:00.000","000862.SZ","银星能源","卖出","1600","4.37","6992","187.84 / 2.76%","11.99","普通成交"
"2024-08-08","2024-08-08 09:30:00.000","000723.SZ","美锦能源","卖出","100","4.33","433","-23.76 / -5.2%","5.43","普通成交"
"2024-08-07","2024-08-07 09:30:00.000","601528.SH","瑞丰银行","买入","2000","4.78","9560","--","5","普通成交"
"2024-08-07","2024-08-07 09:30:00.000","600928.SH","西安银行","买入","2300","3.21","7383","--","5","普通成交"
"2024-08-07","2024-08-07 09:30:00.000","600780.SH","通宝能源","卖出","800","5.17","4136","97.65 / 2.42%","9.14","普通成交"
"2024-08-07","2024-08-07 09:30:00.000","600740.SH","山西焦化","卖出","1400","3.65","5110","69.66 / 1.38%","10.11","普通成交"
"2024-08-07","2024-08-07 09:30:00.000","000723.SZ","美锦能源","卖出","500","4.31","2155","-128.79 / -5.64%","7.16","普通成交"
"2024-08-06","2024-08-06 09:30:00.000","601528.SH","瑞丰银行","卖出","200","4.83","966","-2.62 / -0.27%","5.97","普通成交"
"2024-08-06","2024-08-06 09:30:00.000","600928.SH","西安银行","卖出","1500","3.22","4830","53.79 / 1.13%","9.83","普通成交"
"2024-08-06","2024-08-06 09:30:00.000","600780.SH","通宝能源","买入","400","5.13","2052","--","5","普通成交"
"2024-08-06","2024-08-06 09:30:00.000","600740.SH","山西焦化","卖出","600","3.6","2160","-0.15 / -0.01%","7.16","普通成交"
"2024-08-06","2024-08-06 09:30:00.000","000723.SZ","美锦能源","买入","4400","4.28","18832","--","5.65","普通成交"
"2024-08-05","2024-08-05 09:30:00.000","601528.SH","瑞丰银行","买入","2900","4.86","14094","--","5","普通成交"
"2024-08-05","2024-08-05 09:30:00.000","600928.SH","西安银行","卖出","5800","3.24","18792","324.0 / 1.75%","24.43","普通成交"
"2024-08-05","2024-08-05 09:30:00.000","600780.SH","通宝能源","买入","5000","5.15","25750","--","7.73","普通成交"
"2024-08-05","2024-08-05 09:30:00.000","600740.SH","山西焦化","卖出","6000","3.59","21540","-61.46 / -0.28%","28","普通成交"
"2024-08-05","2024-08-05 09:30:00.000","000862.SZ","银星能源","卖出","4200","4.32","18144","283.08 / 1.58%","23.59","普通成交"
"2024-08-02","2024-08-02 09:30:00.000","600928.SH","西安银行","买入","3200","3.23","10336","--","5","普通成交"
"2024-08-02","2024-08-02 09:30:00.000","600740.SH","山西焦化","买入","100","3.57","357","--","5","普通成交"
"2024-08-02","2024-08-02 09:30:00.000","000862.SZ","银星能源","卖出","400","4.35","1740","38.96 / 2.29%","6.74","普通成交"
"2024-08-02","2024-08-02 09:30:00.000","000723.SZ","美锦能源","卖出","300","4.38","1314","-59.11 / -4.3%","6.31","普通成交"
"2024-08-01","2024-08-01 09:30:00.000","601528.SH","瑞丰银行","买入","2100","4.92","10332","--","5","普通成交"
"2024-08-01","2024-08-01 09:30:00.000","600928.SH","XD西安银","买入","2300","3.27","7521","--","5","普通成交"
"2024-08-01","2024-08-01 09:30:00.000","600780.SH","通宝能源","卖出","1200","5.32","6384","331.53 / 5.48%","11.38","普通成交"
"2024-08-01","2024-08-01 09:30:00.000","600740.SH","山西焦化","卖出","1200","3.64","4368","47.72 / 1.1%","9.37","普通成交"
"2024-08-01","2024-08-01 09:30:00.000","000862.SZ","银星能源","买入","1100","4.38","4818","--","5","普通成交"
"2024-08-01","2024-08-01 09:30:00.000","000723.SZ","美锦能源","卖出","800","4.41","3528","-133.64 / -3.65%","8.53","普通成交"
"2024-08-01","2024-08-01 00:00:00.000","600928.SH","西安银行","卖出","0","3.26","7978.88","--","1994.72","除权除息"
"2024-07-31","2024-07-31 09:30:00.000","601528.SH","瑞丰银行","卖出","200","4.86","972","3.76 / 0.39%","5.97","普通成交"
"2024-07-31","2024-07-31 09:30:00.000","600928.SH","西安银行","卖出","1100","3.26","3586","21.21 / 0.59%","8.59","普通成交"
"2024-07-31","2024-07-31 09:30:00.000","600780.SH","通宝能源","卖出","400","5.09","2036","18.51 / 0.92%","7.04","普通成交"
"2024-07-31","2024-07-31 09:30:00.000","600740.SH","山西焦化","卖出","500","3.49","1745","-55.12 / -3.06%","6.75","普通成交"
"2024-07-31","2024-07-31 09:30:00.000","000723.SZ","美锦能源","买入","300","4.17","1251","--","5","普通成交"
"2024-07-30","2024-07-30 09:30:00.000","601528.SH","瑞丰银行","买入","1300","4.84","6292","--","5","普通成交"
"2024-07-30","2024-07-30 09:30:00.000","600928.SH","西安银行","卖出","2300","3.23","7429","-24.65 / -0.33%","12.43","普通成交"
"2024-07-30","2024-07-30 09:30:00.000","600780.SH","通宝能源","买入","127600","5.04","643104","--","192.93","普通成交"
"2024-07-30","2024-07-30 09:30:00.000","600740.SH","山西焦化","卖出","100","3.47","347","-13.02 / -3.62%","5.35","普通成交"
"2024-07-30","2024-07-30 09:30:00.000","000862.SZ","银星能源","买入","109500","4.25","465375","--","139.61","普通成交"
"2024-07-30","2024-07-30 09:30:00.000","000723.SZ","美锦能源","买入","8100","4.09","33129","--","9.94","普通成交"
"2024-07-30","2024-07-30 09:30:00.000","300435.SZ","中泰股份","卖出","53900","10.57","569723","-13085.75 / -2.25%","740.64","普通成交"
"2024-07-30","2024-07-30 09:30:00.000","600226.SH","亨通股份","卖出","294000","1.95","573300","-5916.16 / -1.02%","745.29","普通成交"
"2024-07-29","2024-07-29 09:30:00.000","601528.SH","瑞丰银行","买入","800","4.81","3848","--","5","普通成交"
"2024-07-29","2024-07-29 09:30:00.000","600928.SH","西安银行","卖出","1200","3.2","3840","-48.86 / -1.26%","8.84","普通成交"
"2024-07-29","2024-07-29 09:30:00.000","600780.SH","通宝能源","买入","5900","5.09","30031","--","9.01","普通成交"
"2024-07-29","2024-07-29 09:30:00.000","600740.SH","山西焦化","卖出","5800","3.5","20300","-581.34 / -2.78%","26.39","普通成交"
"2024-07-29","2024-07-29 09:30:00.000","600226.SH","亨通股份","卖出","1900","1.94","3686","-57.23 / -1.53%","8.69","普通成交"
"2024-07-29","2024-07-29 09:30:00.000","300435.SZ","中泰股份","卖出","600","10.76","6456","-31.67 / -0.49%","11.46","普通成交"
"2024-07-29","2024-07-29 09:30:00.000","000723.SZ","美锦能源","买入","1000","4.34","4340","--","5","普通成交"
"2024-07-26","2024-07-26 09:30:00.000","601528.SH","瑞丰银行","卖出","900","4.83","4347","-10.22 / -0.23%","9.35","普通成交"
"2024-07-26","2024-07-26 09:30:00.000","600226.SH","亨通股份","买入","2400","1.91","4584","--","5","普通成交"
"2024-07-26","2024-07-26 09:30:00.000","300435.SZ","中泰股份","买入","100","10.51","1051","--","5","普通成交"
"2024-07-26","2024-07-26 09:30:00.000","000723.SZ","美锦能源","买入","1300","4.32","5616","--","5","普通成交"
"2024-07-25","2024-07-25 09:30:00.000","601528.SH","瑞丰银行","卖出","1400","4.82","6748","-29.91 / -0.44%","11.75","普通成交"
"2024-07-25","2024-07-25 09:30:00.000","600928.SH","西安银行","卖出","1100","3.2","3520","-44.79 / -1.26%","8.52","普通成交"
"2024-07-25","2024-07-25 09:30:00.000","600740.SH","山西焦化","买入","600","3.43","2058","--","5","普通成交"
"2024-07-25","2024-07-25 09:30:00.000","600226.SH","亨通股份","卖出","1400","1.92","2688","-70.84 / -2.57%","7.69","普通成交"
"2024-07-25","2024-07-25 09:30:00.000","000723.SZ","美锦能源","买入","3300","4.36","14388","--","5","普通成交"
"2024-07-24","2024-07-24 09:30:00.000","601528.SH","瑞丰银行","卖出","1100","4.82","5302","-23.5 / -0.44%","10.3","普通成交"
"2024-07-24","2024-07-24 09:30:00.000","600928.SH","西安银行","卖出","2900","3.23","9367","-31.08 / -0.33%","14.37","普通成交"
"2024-07-24","2024-07-24 09:30:00.000","600226.SH","亨通股份","买入","100","1.94","194","--","5","普通成交"
"2024-07-23","2024-07-23 09:30:00.000","601528.SH","瑞丰银行","买入","500","4.81","2405","--","5","普通成交"
"2024-07-23","2024-07-23 09:30:00.000","600928.SH","西安银行","买入","1700","3.21","5457","--","5","普通成交"
"2024-07-23","2024-07-23 09:30:00.000","600740.SH","山西焦化","买入","1300","3.56","4628","--","5","普通成交"
"2024-07-23","2024-07-23 09:30:00.000","600226.SH","亨通股份","卖出","2400","1.97","4728","-1.42 / -0.03%","9.73","普通成交"
"2024-07-23","2024-07-23 09:30:00.000","300435.SZ","中泰股份","卖出","100","10.8","1080","-1.32 / -0.12%","6.08","普通成交"
"2024-07-23","2024-07-23 09:30:00.000","000723.SZ","美锦能源","卖出","800","4.64","3712","14.89 / 0.4%","8.71","普通成交"
"2024-07-22","2024-07-22 09:30:00.000","601528.SH","瑞丰银行","买入","117100","4.84","566764","--","170.03","普通成交"
"2024-07-22","2024-07-22 09:30:00.000","600928.SH","西安银行","买入","185000","3.24","599400","--","179.82","普通成交"
"2024-07-22","2024-07-22 09:30:00.000","600740.SH","山西焦化","买入","170200","3.6","612720","--","183.82","普通成交"
"2024-07-22","2024-07-22 09:30:00.000","600226.SH","亨通股份","买入","297200","1.97","585484","--","175.65","普通成交"
"2024-07-22","2024-07-22 09:30:00.000","300435.SZ","中泰股份","买入","54500","10.81","589145","--","176.74","普通成交"
"2024-07-22","2024-07-22 09:30:00.000","000723.SZ","美锦能源","买入","120900","4.62","558558","--","167.57","普通成交"
"2024-07-09","2024-07-09 09:30:00.000","000301.SZ","东方盛虹","卖出","105300","7.58","798174","-30038.54 / -3.63%","1037.63","普通成交"
"2024-07-09","2024-07-09 09:30:00.000","601015.SH","陕西黑猫","卖出","198500","2.78","551830","-4245.37 / -0.76%","717.38","普通成交"
"2024-07-09","2024-07-09 09:30:00.000","600928.SH","西安银行","卖出","163400","3.18","519612","-13262.02 / -2.49%","675.5","普通成交"
"2024-07-09","2024-07-09 09:30:00.000","001227.SZ","兰州银行","卖出","280000","2.38","666400","-3110.15 / -0.46%","866.32","普通成交"
"2024-07-09","2024-07-09 09:30:00.000","600740.SH","山西焦化","卖出","160700","3.82","613874","-16384.6 / -2.6%","798.04","普通成交"
"2024-07-09","2024-07-09 09:30:00.000","002476.SZ","宝莫股份","卖出","101200","3.66","370392","-4180.39 / -1.12%","481.51","普通成交"
"2024-07-08","2024-07-08 09:30:00.000","601015.SH","陕西黑猫","卖出","200","2.88","576","15.72 / 2.81%","5.58","普通成交"
"2024-07-08","2024-07-08 09:30:00.000","600928.SH","西安银行","买入","2500","3.23","8075","--","5","普通成交"
"2024-07-08","2024-07-08 09:30:00.000","600740.SH","山西焦化","卖出","500","3.94","1970","9.02 / 0.46%","6.97","普通成交"
"2024-07-08","2024-07-08 09:30:00.000","002476.SZ","宝莫股份","卖出","1400","3.77","5278","96.17 / 1.86%","10.28","普通成交"
"2024-07-08","2024-07-08 09:30:00.000","001227.SZ","兰州银行","买入","300","2.41","723","--","5","普通成交"
"2024-07-08","2024-07-08 09:30:00.000","000301.SZ","东方盛虹","卖出","200","7.85","1570","-3.05 / -0.19%","6.57","普通成交"
"2024-07-05","2024-07-05 09:30:00.000","601015.SH","陕西黑猫","买入","1500","2.87","4305","--","5","普通成交"
"2024-07-05","2024-07-05 09:30:00.000","600928.SH","西安银行","卖出","900","3.3","2970","34.55 / 1.18%","7.97","普通成交"
"2024-07-05","2024-07-05 09:30:00.000","600740.SH","山西焦化","买入","200","3.91","782","--","5","普通成交"
"2024-07-05","2024-07-05 09:30:00.000","002476.SZ","宝莫股份","买入","2200","3.69","8118","--","5","普通成交"
"2024-07-05","2024-07-05 09:30:00.000","001227.SZ","兰州银行","卖出","2900","2.41","6989","54.9 / 0.79%","11.99","普通成交"
"2024-07-05","2024-07-05 09:30:00.000","000301.SZ","东方盛虹","卖出","300","7.8","2340","-19.58 / -0.83%","7.34","普通成交"
"2024-07-04","2024-07-04 09:30:00.000","601015.SH","陕西黑猫","卖出","300","2.96","888","47.75 / 5.68%","5.89","普通成交"
"2024-07-04","2024-07-04 09:30:00.000","600928.SH","西安银行","买入","500","3.35","1675","--","5","普通成交"
"2024-07-04","2024-07-04 09:30:00.000","600740.SH","山西焦化","买入","1500","4","6000","--","5","普通成交"
"2024-07-04","2024-07-04 09:30:00.000","002476.SZ","宝莫股份","卖出","1400","3.82","5348","165.89 / 3.2%","10.35","普通成交"
"2024-07-04","2024-07-04 09:30:00.000","001227.SZ","兰州银行","买入","1800","2.44","4392","--","5","普通成交"
"2024-07-04","2024-07-04 09:30:00.000","000301.SZ","东方盛虹","买入","100","7.96","796","--","5","普通成交"
"2024-07-03","2024-07-03 09:30:00.000","601015.SH","陕西黑猫","卖出","1600","2.95","4720","238.66 / 5.33%","9.72","普通成交"
"2024-07-03","2024-07-03 09:30:00.000","600928.SH","西安银行","卖出","900","3.35","3015","79.82 / 2.72%","8.02","普通成交"
"2024-07-03","2024-07-03 09:30:00.000","002476.SZ","宝莫股份","买入","600","3.76","2256","--","5","普通成交"
"2024-07-03","2024-07-03 09:30:00.000","001227.SZ","兰州银行","卖出","500","2.45","1225","29.63 / 2.48%","6.23","普通成交"
"2024-07-03","2024-07-03 09:30:00.000","000301.SZ","东方盛虹","买入","2000","7.96","15920","--","5","普通成交"
"2024-07-02","2024-07-02 09:30:00.000","601015.SH","陕西黑猫","卖出","4000","2.92","11680","476.64 / 4.25%","16.68","普通成交"
"2024-07-02","2024-07-02 09:30:00.000","600928.SH","西安银行","买入","1000","3.31","3310","--","5","普通成交"
"2024-07-02","2024-07-02 09:30:00.000","600740.SH","山西焦化","卖出","600","4.01","2406","53.29 / 2.27%","7.41","普通成交"
"2024-07-02","2024-07-02 09:30:00.000","002476.SZ","宝莫股份","卖出","1600","3.88","6208","286.22 / 4.83%","11.21","普通成交"
"2024-07-02","2024-07-02 09:30:00.000","001227.SZ","兰州银行","买入","100","2.4","240","--","5","普通成交"
"2024-07-02","2024-07-02 09:30:00.000","000301.SZ","东方盛虹","买入","1000","7.95","7950","--","5","普通成交"
"2024-07-01","2024-07-01 09:30:00.000","601015.SH","陕西黑猫","买入","203100","2.8","568680","--","170.6","普通成交"
"2024-07-01","2024-07-01 09:30:00.000","600928.SH","西安银行","买入","161200","3.26","525512","--","157.65","普通成交"
"2024-07-01","2024-07-01 09:30:00.000","600740.SH","山西焦化","买入","160100","3.92","627592","--","188.28","普通成交"
"2024-07-01","2024-07-01 09:30:00.000","002476.SZ","宝莫股份","买入","102800","3.7","380360","--","114.11","普通成交"
"2024-07-01","2024-07-01 09:30:00.000","001227.SZ","兰州银行","买入","281200","2.39","672068","--","201.62","普通成交"
"2024-07-01","2024-07-01 09:30:00.000","000301.SZ","东方盛虹","买入","102700","7.86","807222","--","242.17","普通成交"
"2024-06-18","2024-06-18 09:30:00.000","002848.SZ","高斯贝尔","卖出","70200","6.89","483678","-31224.89 / -6.06%","628.78","普通成交"
"2024-06-18","2024-06-18 09:30:00.000","001227.SZ","兰州银行","卖出","273500","2.46","672810","-31416.6 / -4.46%","874.65","普通成交"
"2024-06-18","2024-06-18 09:30:00.000","001268.SZ","联合精密","卖出","41900","16.97","711043","4798.21 / 0.68%","924.36","普通成交"
"2024-06-18","2024-06-18 09:30:00.000","600928.SH","西安银行","卖出","159400","3.3","526020","-55267.22 / -9.51%","683.83","普通成交"
"2024-06-17","2024-06-17 09:30:00.000","601015.SH","陕西黑猫","卖出","247900","3.04","753616","-80914.96 / -9.7%","979.7","普通成交"
"2024-06-17","2024-06-17 09:30:00.000","600928.SH","西安银行","卖出","500","3.29","1645","-178.36 / -9.78%","6.65","普通成交"
"2024-06-17","2024-06-17 09:30:00.000","600397.SH","安源煤业","卖出","227900","1.96","446684","11247.64 / 2.58%","580.69","普通成交"
"2024-06-17","2024-06-17 09:30:00.000","002848.SZ","高斯贝尔","买入","100","6.84","684","--","5","普通成交"
"2024-06-17","2024-06-17 09:30:00.000","001268.SZ","联合精密","买入","200","16.92","3384","--","5","普通成交"
"2024-06-17","2024-06-17 09:30:00.000","001227.SZ","兰州银行","卖出","1600","2.47","3952","-167.79 / -4.07%","8.95","普通成交"
"2024-06-14","2024-06-14 09:30:00.000","601015.SH","陕西黑猫","买入","2600","3.04","7904","--","5","普通成交"
"2024-06-14","2024-06-14 09:30:00.000","600928.SH","西安银行","买入","1100","3.27","3597","--","5","普通成交"
"2024-06-14","2024-06-14 09:30:00.000","600397.SH","安源煤业","买入","400","1.94","776","--","5","普通成交"
"2024-06-14","2024-06-14 09:30:00.000","002848.SZ","高斯贝尔","卖出","800","6.89","5512","-356.35 / -6.07%","10.51","普通成交"
"2024-06-14","2024-06-14 09:30:00.000","001268.SZ","联合精密","卖出","100","17.32","1732","46.49 / 2.76%","6.73","普通成交"
"2024-06-14","2024-06-14 09:30:00.000","001227.SZ","兰州银行","买入","2600","2.45","6370","--","5","普通成交"
"2024-06-13","2024-06-13 09:30:00.000","601015.SH","陕西黑猫","卖出","1000","3.09","3090","-279.84 / -8.3%","8.09","普通成交"
"2024-06-13","2024-06-13 09:30:00.000","600928.SH","西安银行","买入","3800","3.34","12692","--","5","普通成交"
"2024-06-13","2024-06-13 09:30:00.000","600397.SH","安源煤业","卖出","4000","1.98","7920","277.71 / 3.63%","12.92","普通成交"
"2024-06-13","2024-06-13 09:30:00.000","002848.SZ","高斯贝尔","卖出","1900","6.96","13224","-713.32 / -5.12%","18.22","普通成交"
"2024-06-13","2024-06-13 09:30:00.000","001227.SZ","兰州银行","买入","1300","2.47","3211","--","5","普通成交"
"2024-06-12","2024-06-12 09:30:00.000","601015.SH","陕西黑猫","买入","4100","3.04","12464","--","5","普通成交"
"2024-06-12","2024-06-12 09:30:00.000","600928.SH","西安银行","买入","1800","3.35","6030","--","5","普通成交"
"2024-06-12","2024-06-12 09:30:00.000","600397.SH","安源煤业","买入","231500","1.91","442165","--","132.65","普通成交"
"2024-06-12","2024-06-12 09:30:00.000","002848.SZ","高斯贝尔","买入","5300","6.53","34609","--","10.38","普通成交"
"2024-06-12","2024-06-12 09:30:00.000","001268.SZ","联合精密","买入","41800","16.85","704330","--","211.3","普通成交"
"2024-06-12","2024-06-12 09:30:00.000","001227.SZ","兰州银行","买入","8700","2.46","21402","--","6.42","普通成交"
"2024-06-12","2024-06-12 09:30:00.000","000723.SZ","美锦能源","卖出","77800","5.24","407672","-11749.23 / -2.8%","529.97","普通成交"
"2024-06-12","2024-06-12 09:30:00.000","000016.SZ","深康佳Ａ","卖出","316700","2.45","775915","-42954.38 / -5.25%","1008.69","普通成交"
"2024-06-11","2024-06-11 09:30:00.000","601015.SH","陕西黑猫","卖出","13200","3.08","40656","-3899.33 / -8.75%","52.85","普通成交"
"2024-06-11","2024-06-11 09:30:00.000","600928.SH","西安银行","卖出","600","3.4","2040","-156.25 / -7.11%","7.04","普通成交"
"2024-06-11","2024-06-11 09:30:00.000","000016.SZ","深康佳Ａ","买入","6800","2.41","16388","--","5","普通成交"
"2024-06-07","2024-06-07 09:30:00.000","601015.SH","陕西黑猫","卖出","1700","2.99","5083","-655.19 / -11.42%","10.08","普通成交"
"2024-06-07","2024-06-07 09:30:00.000","600928.SH","西安银行","卖出","3300","3.4","11220","-859.39 / -7.11%","16.22","普通成交"
"2024-06-07","2024-06-07 09:30:00.000","002848.SZ","高斯贝尔","买入","3700","6.26","23162","--","6.95","普通成交"
"2024-06-07","2024-06-07 09:30:00.000","001227.SZ","兰州银行","卖出","5700","2.45","13965","-743.11 / -5.05%","18.97","普通成交"
"2024-06-07","2024-06-07 09:30:00.000","000723.SZ","美锦能源","卖出","1800","5.18","9324","-379.83 / -3.91%","14.32","普通成交"
"2024-06-07","2024-06-07 09:30:00.000","000016.SZ","深康佳Ａ","买入","600","2.36","1416","--","5","普通成交"
"2024-06-06","2024-06-06 09:30:00.000","601015.SH","陕西黑猫","买入","700","3.05","2135","--","5","普通成交"
"2024-06-06","2024-06-06 09:30:00.000","002848.SZ","高斯贝尔","买入","500","6.87","3435","--","5","普通成交"
"2024-06-06","2024-06-06 09:30:00.000","001227.SZ","兰州银行","卖出","1000","2.47","2470","-110.37 / -4.28%","7.47","普通成交"
"2024-06-06","2024-06-06 09:30:00.000","000723.SZ","美锦能源","买入","400","5.26","2104","--","5","普通成交"
"2024-06-06","2024-06-06 09:30:00.000","000016.SZ","深康佳Ａ","买入","2500","2.48","6200","--","5","普通成交"
"2024-06-05","2024-06-05 09:30:00.000","601015.SH","陕西黑猫","买入","3400","3.13","10642","--","5","普通成交"
"2024-06-05","2024-06-05 09:30:00.000","600928.SH","西安银行","卖出","3400","3.51","11934","-511.43 / -4.11%","16.93","普通成交"
"2024-06-05","2024-06-05 09:30:00.000","002848.SZ","高斯贝尔","买入","1000","6.87","6870","--","5","普通成交"
"2024-06-05","2024-06-05 09:30:00.000","001227.SZ","兰州银行","卖出","6300","2.5","15750","-506.33 / -3.11%","20.75","普通成交"
"2024-06-05","2024-06-05 09:30:00.000","000723.SZ","美锦能源","卖出","500","5.35","2675","-20.81 / -0.77%","7.68","普通成交"
"2024-06-04","2024-06-04 09:30:00.000","601015.SH","陕西黑猫","买入","21200","3.19","67628","--","20.29","普通成交"
"2024-06-04","2024-06-04 09:30:00.000","600928.SH","西安银行","卖出","1000","3.49","3490","-170.42 / -4.66%","8.49","普通成交"
"2024-06-04","2024-06-04 09:30:00.000","002848.SZ","高斯贝尔","买入","700","7.15","5005","--","5","普通成交"
"2024-06-04","2024-06-04 09:30:00.000","001227.SZ","兰州银行","买入","400","2.49","996","--","5","普通成交"
"2024-06-04","2024-06-04 09:30:00.000","000723.SZ","美锦能源","买入","79700","5.39","429583","--","128.87","普通成交"
"2024-06-04","2024-06-04 09:30:00.000","000016.SZ","深康佳Ａ","买入","306800","2.59","794612","--","238.38","普通成交"
"2024-06-04","2024-06-04 09:30:00.000","001259.SZ","利仁科技","卖出","35100","22.01","772551","-21863.22 / -2.75%","1004.32","普通成交"
"2024-06-04","2024-06-04 09:30:00.000","600403.SH","大有能源","卖出","180000","2.91","523800","-41466.96 / -7.34%","680.94","普通成交"
"2024-06-03","2024-06-03 09:30:00.000","601015.SH","陕西黑猫","买入","14400","3.34","48096","--","14.43","普通成交"
"2024-06-03","2024-06-03 09:30:00.000","600928.SH","西安银行","卖出","2400","3.57","8568","-217.01 / -2.47%","13.57","普通成交"
"2024-06-03","2024-06-03 09:30:00.000","600403.SH","大有能源","买入","400","3.09","1236","--","5","普通成交"
"2024-06-03","2024-06-03 09:30:00.000","002848.SZ","高斯贝尔","卖出","5600","7.3","40880","-1020.57 / -2.44%","53.14","普通成交"
"2024-05-31","2024-05-31 09:30:00.000","601015.SH","陕西黑猫","买入","2500","3.37","8425","--","5","普通成交"
"2024-05-31","2024-05-31 09:30:00.000","600928.SH","西安银行","买入","800","3.56","2848","--","5","普通成交"
"2024-05-31","2024-05-31 09:30:00.000","600403.SH","大有能源","买入","1300","3.07","3991","--","5","普通成交"
"2024-05-31","2024-05-31 09:30:00.000","001259.SZ","利仁科技","卖出","200","22.45","4490","-36.58 / -0.81%","9.49","普通成交"
"2024-05-31","2024-05-31 09:30:00.000","001227.SZ","兰州银行","卖出","1600","2.54","4064","-64.77 / -1.57%","9.06","普通成交"
"2024-05-30","2024-05-30 09:30:00.000","601015.SH","陕西黑猫","卖出","1500","3.39","5085","-16.26 / -0.32%","10.09","普通成交"
"2024-05-30","2024-05-30 09:30:00.000","600928.SH","西安银行","买入","800","3.61","2888","--","5","普通成交"
"2024-05-30","2024-05-30 09:30:00.000","600403.SH","大有能源","卖出","1500","3.13","4695","-16.41 / -0.35%","9.7","普通成交"
"2024-05-30","2024-05-30 09:30:00.000","001227.SZ","兰州银行","买入","2100","2.54","5334","--","5","普通成交"
"2024-05-29","2024-05-29 09:30:00.000","601015.SH","陕西黑猫","卖出","1200","3.38","4056","-25.01 / -0.61%","9.06","普通成交"
"2024-05-29","2024-05-29 09:30:00.000","600928.SH","西安银行","买入","100","3.62","362","--","5","普通成交"
"2024-05-29","2024-05-29 09:30:00.000","600403.SH","大有能源","卖出","400","3.1","1240","-16.38 / -1.3%","6.24","普通成交"
"2024-05-29","2024-05-29 09:30:00.000","001259.SZ","利仁科技","买入","400","22.31","8924","--","5","普通成交"
"2024-05-28","2024-05-28 09:30:00.000","601015.SH","陕西黑猫","买入","4000","3.39","13560","--","5","普通成交"
"2024-05-28","2024-05-28 09:30:00.000","600928.SH","西安银行","卖出","1200","3.68","4416","22.68 / 0.52%","9.42","普通成交"
"2024-05-28","2024-05-28 09:30:00.000","600403.SH","大有能源","卖出","500","3.14","1570","-0.47 / -0.03%","6.57","普通成交"
"2024-05-28","2024-05-28 09:30:00.000","002848.SZ","高斯贝尔","卖出","300","7.62","2286","41.33 / 1.84%","7.29","普通成交"
"2024-05-28","2024-05-28 09:30:00.000","001227.SZ","兰州银行","卖出","1300","2.58","3354","-1.01 / -0.03%","8.35","普通成交"
"2024-05-28","2024-05-28 00:00:00.000","001259.SZ","利仁科技","卖出","0","22.61","11168","--","2792","除权除息"
"2024-05-27","2024-05-27 09:30:00.000","601015.SH","陕西黑猫","买入","213600","3.4","726240","--","217.87","普通成交"
"2024-05-27","2024-05-27 09:30:00.000","600928.SH","西安银行","买入","163400","3.66","598044","--","179.41","普通成交"
"2024-05-27","2024-05-27 09:30:00.000","600403.SH","大有能源","买入","180700","3.14","567398","--","170.22","普通成交"
"2024-05-27","2024-05-27 09:30:00.000","002848.SZ","高斯贝尔","买入","67500","7.48","504900","--","151.47","普通成交"
"2024-05-27","2024-05-27 09:30:00.000","001259.SZ","利仁科技","买入","34900","23.03","803747","--","241.12","普通成交"
"2024-05-27","2024-05-27 09:30:00.000","001227.SZ","兰州银行","买入","275900","2.58","711822","--","213.55","普通成交"
"2024-05-21","2024-05-21 09:30:00.000","688737.SH","中自科技","卖出","32738","19.57","640682.66","-47036.54 / -6.84%","832.89","普通成交"
"2024-05-21","2024-05-21 09:30:00.000","688280.SH","精进电动","卖出","127574","5.08","648075.92","22775.78 / 3.64%","842.5","普通成交"
"2024-05-20","2024-05-20 09:30:00.000","688280.SH","精进电动","卖出","4000","5.21","20840","1234.12 / 6.29%","27.09","普通成交"
"2024-05-20","2024-05-20 09:30:00.000","601015.SH","陕西黑猫","卖出","207000","3.54","732780","13102.89 / 1.82%","952.61","普通成交"
"2024-05-20","2024-05-20 09:30:00.000","600403.SH","大有能源","卖出","178800","3.18","568584","12583.98 / 2.26%","739.16","普通成交"
"2024-05-20","2024-05-20 09:30:00.000","002848.SZ","高斯贝尔","卖出","63400","7.98","505932","36596.13 / 7.8%","657.71","普通成交"
"2024-05-20","2024-05-20 09:30:00.000","001259.SZ","利仁科技","卖出","33700","23.79","801723","25391.21 / 3.27%","1042.24","普通成交"
"2024-05-17","2024-05-17 09:30:00.000","688737.SH","中自科技","买入","446","19.4","8652.4","--","5","普通成交"
"2024-05-17","2024-05-17 09:30:00.000","688280.SH","精进电动","卖出","200","5.02","1004","23.71 / 2.42%","6","普通成交"
"2024-05-17","2024-05-17 09:30:00.000","601015.SH","陕西黑猫","买入","1900","3.53","6707","--","5","普通成交"
"2024-05-17","2024-05-17 09:30:00.000","600403.SH","大有能源","买入","900","3.07","2763","--","5","普通成交"
"2024-05-17","2024-05-17 09:30:00.000","002848.SZ","高斯贝尔","卖出","1600","7.83","12528","683.56 / 5.77%","17.53","普通成交"
"2024-05-17","2024-05-17 09:30:00.000","001259.SZ","利仁科技","卖出","200","23.22","4644","36.69 / 0.8%","9.64","普通成交"
"2024-05-16","2024-05-16 09:30:00.000","688737.SH","中自科技","买入","646","19.25","12435.5","--","5","普通成交"
"2024-05-16","2024-05-16 09:30:00.000","601015.SH","陕西黑猫","买入","500","3.51","1755","--","5","普通成交"
"2024-05-16","2024-05-16 09:30:00.000","600403.SH","大有能源","卖出","1000","3.08","3080","-29.79 / -0.96%","8.08","普通成交"
"2024-05-16","2024-05-16 09:30:00.000","002848.SZ","高斯贝尔","卖出","500","7.61","3805","103.61 / 2.8%","8.81","普通成交"
"2024-05-16","2024-05-16 09:30:00.000","001259.SZ","利仁科技","卖出","100","22.9","2290","-13.66 / -0.59%","7.29","普通成交"
"2024-05-15","2024-05-15 09:30:00.000","601015.SH","陕西黑猫","买入","1400","3.54","4956","--","5","普通成交"
"2024-05-15","2024-05-15 09:30:00.000","600403.SH","大有能源","买入","4200","3.06","12852","--","5","普通成交"
"2024-05-15","2024-05-15 09:30:00.000","002848.SZ","高斯贝尔","卖出","900","7.55","6795","132.5 / 1.99%","11.8","普通成交"
"2024-05-15","2024-05-15 09:30:00.000","001259.SZ","利仁科技","买入","100","22.89","2289","--","5","普通成交"
"2024-05-14","2024-05-14 09:30:00.000","688737.SH","中自科技","买入","753","19.71","14841.63","--","5","普通成交"
"2024-05-14","2024-05-14 09:30:00.000","688280.SH","精进电动","买入","131774","4.9","645692.6","--","193.71","普通成交"
"2024-05-14","2024-05-14 09:30:00.000","601015.SH","陕西黑猫","卖出","800","3.54","2832","51.51 / 1.85%","7.83","普通成交"
"2024-05-14","2024-05-14 09:30:00.000","600403.SH","大有能源","买入","174500","3.11","542695","--","162.81","普通成交"
"2024-05-14","2024-05-14 09:30:00.000","002848.SZ","高斯贝尔","买入","66300","7.4","490620","--","147.19","普通成交"
"2024-05-14","2024-05-14 09:30:00.000","001259.SZ","利仁科技","买入","4500","22.77","102465","--","30.74","普通成交"
"2024-05-14","2024-05-14 09:30:00.000","001268.SZ","联合精密","卖出","33100","18.64","616984","-6556.69 / -1.05%","802.08","普通成交"
"2024-05-14","2024-05-14 09:30:00.000","301192.SZ","泰祥股份","卖出","34400","15.64","538016","63207.19 / 13.31%","699.42","普通成交"
"2024-05-14","2024-05-14 09:30:00.000","600758.SH","辽宁能源","卖出","166400","3.4","565760","52222.22 / 10.17%","735.49","普通成交"
"2024-05-13","2024-05-13 09:30:00.000","688737.SH","中自科技","卖出","4600","20.37","93702","-3347.93 / -3.45%","121.81","普通成交"
"2024-05-13","2024-05-13 09:30:00.000","601015.SH","陕西黑猫","买入","1000","3.6","3600","--","5","普通成交"
"2024-05-13","2024-05-13 09:30:00.000","600758.SH","辽宁能源","卖出","1100","3.38","3718","323.22 / 9.52%","8.72","普通成交"
"2024-05-13","2024-05-13 09:30:00.000","600403.SH","大有能源","买入","200","3.11","622","--","5","普通成交"
"2024-05-13","2024-05-13 09:30:00.000","002848.SZ","高斯贝尔","买入","100","7.72","772","--","5","普通成交"
"2024-05-13","2024-05-13 09:30:00.000","001259.SZ","利仁科技","买入","400","23.11","9244","--","5","普通成交"
"2024-05-10","2024-05-10 09:30:00.000","688737.SH","中自科技","卖出","500","21.24","10620","71.09 / 0.67%","15.62","普通成交"
"2024-05-10","2024-05-10 09:30:00.000","301192.SZ","泰祥股份","买入","600","16.15","9690","--","5","普通成交"
"2024-05-10","2024-05-10 09:30:00.000","001268.SZ","联合精密","买入","300","19.35","5805","--","5","普通成交"
"2024-05-09","2024-05-09 09:30:00.000","688737.SH","中自科技","买入","217","20.54","4457.18","--","5","普通成交"
"2024-05-09","2024-05-09 09:30:00.000","601015.SH","陕西黑猫","卖出","2400","3.58","8592","252.06 / 3.02%","13.59","普通成交"
"2024-05-09","2024-05-09 09:30:00.000","600758.SH","辽宁能源","卖出","3400","3.35","11390","897.04 / 8.55%","16.39","普通成交"
"2024-05-09","2024-05-09 09:30:00.000","301192.SZ","泰祥股份","买入","100","16.16","1616","--","5","普通成交"
"2024-05-09","2024-05-09 09:30:00.000","001259.SZ","利仁科技","买入","100","22.76","2276","--","5","普通成交"
"2024-05-08","2024-05-08 09:30:00.000","601015.SH","陕西黑猫","买入","1600","3.59","5744","--","5","普通成交"
"2024-05-08","2024-05-08 09:30:00.000","600758.SH","辽宁能源","买入","1400","3.33","4662","--","5","普通成交"
"2024-05-08","2024-05-08 09:30:00.000","301192.SZ","泰祥股份","卖出","800","16.21","12968","1965.2 / 17.86%","17.97","普通成交"
"2024-05-08","2024-05-08 09:30:00.000","001268.SZ","联合精密","买入","100","19.16","1916","--","5","普通成交"
"2024-05-07","2024-05-07 09:30:00.000","688737.SH","中自科技","买入","670","20.99","14063.3","--","5","普通成交"
"2024-05-07","2024-05-07 09:30:00.000","601015.SH","陕西黑猫","买入","7000","3.63","25410","--","7.62","普通成交"
"2024-05-07","2024-05-07 09:30:00.000","600758.SH","辽宁能源","买入","5400","3.35","18090","--","5.43","普通成交"
"2024-05-07","2024-05-07 09:30:00.000","301192.SZ","泰祥股份","买入","300","15.99","4797","--","5","普通成交"
"2024-05-07","2024-05-07 09:30:00.000","001268.SZ","联合精密","买入","9100","19.31","175721","--","52.72","普通成交"
"2024-05-07","2024-05-07 09:30:00.000","001259.SZ","利仁科技","买入","28900","23.07","666723","--","200.02","普通成交"
"2024-05-07","2024-05-07 09:30:00.000","603311.SH","金海高科","卖出","81600","10.78","879648","160653.38 / 22.34%","1143.54","普通成交"
"2024-05-06","2024-05-06 09:30:00.000","688737.SH","中自科技","买入","2375","20.5","48687.5","--","14.61","普通成交"
"2024-05-06","2024-05-06 09:30:00.000","603311.SH","金海高科","卖出","7300","10.78","78694","14372.18 / 22.34%","102.3","普通成交"
"2024-05-06","2024-05-06 09:30:00.000","600758.SH","辽宁能源","买入","400","3.26","1304","--","5","普通成交"
"2024-05-06","2024-05-06 09:30:00.000","301192.SZ","泰祥股份","卖出","100","15.46","1546","172.63 / 12.57%","6.55","普通成交"
"2024-04-30","2024-04-30 09:30:00.000","688737.SH","中自科技","买入","32731","21.14","691933.34","--","207.58","普通成交"
"2024-04-30","2024-04-30 09:30:00.000","603311.SH","金海高科","买入","13500","8.9","120150","--","36.05","普通成交"
"2024-04-30","2024-04-30 09:30:00.000","601015.SH","陕西黑猫","卖出","1900","3.6","6840","249.93 / 3.79%","11.84","普通成交"
"2024-04-30","2024-04-30 09:30:00.000","301192.SZ","泰祥股份","买入","4100","15.5","63550","--","19.07","普通成交"
"2024-04-30","2024-04-30 09:30:00.000","001268.SZ","联合精密","买入","23600","18.64","439904","--","131.97","普通成交"
"2024-04-30","2024-04-30 09:30:00.000","688696.SH","极米科技","卖出","5671","93.99","533017.29","76761.92 / 16.82%","692.92","普通成交"
"2024-04-30","2024-04-30 09:30:00.000","605068.SH","明新旭腾","卖出","46600","16.68","777288","94393.19 / 13.82%","1010.47","普通成交"
"2024-04-29","2024-04-29 09:30:00.000","603311.SH","金海高科","买入","400","8.58","3432","--","5","普通成交"
"2024-04-29","2024-04-29 09:30:00.000","601015.SH","陕西黑猫","买入","100","3.36","336","--","5","普通成交"
"2024-04-29","2024-04-29 09:30:00.000","600758.SH","辽宁能源","卖出","1300","3.1","4030","32.69 / 0.82%","9.03","普通成交"
"2024-04-26","2024-04-26 09:30:00.000","603311.SH","金海高科","买入","700","8.64","6048","--","5","普通成交"
"2024-04-26","2024-04-26 09:30:00.000","601015.SH","陕西黑猫","买入","400","3.33","1332","--","5","普通成交"
"2024-04-26","2024-04-26 09:30:00.000","600758.SH","辽宁能源","卖出","2100","3.06","6426","-31.2 / -0.48%","11.43","普通成交"
"2024-04-26","2024-04-26 09:30:00.000","301192.SZ","泰祥股份","买入","300","14.4","4320","--","5","普通成交"
"2024-04-25","2024-04-25 09:30:00.000","605068.SH","明新旭腾","卖出","200","15.62","3124","193.12 / 6.59%","8.12","普通成交"
"2024-04-25","2024-04-25 09:30:00.000","603311.SH","金海高科","买入","1800","8.58","15444","--","5","普通成交"
"2024-04-25","2024-04-25 09:30:00.000","601015.SH","陕西黑猫","买入","11600","3.3","38280","--","11.48","普通成交"
"2024-04-25","2024-04-25 09:30:00.000","600758.SH","辽宁能源","卖出","4700","2.95","13865","-586.83 / -4.06%","18.87","普通成交"
"2024-04-25","2024-04-25 09:30:00.000","301192.SZ","泰祥股份","卖出","1400","14.3","20020","1142.34 / 6.05%","26.03","普通成交"
"2024-04-24","2024-04-24 09:30:00.000","605068.SH","明新旭腾","卖出","1100","15.35","16885","765.17 / 4.75%","21.95","普通成交"
"2024-04-24","2024-04-24 09:30:00.000","603311.SH","金海高科","卖出","600","8.66","5196","-85.58 / -1.62%","10.2","普通成交"
"2024-04-24","2024-04-24 09:30:00.000","601015.SH","陕西黑猫","买入","2200","3.32","7304","--","5","普通成交"
"2024-04-24","2024-04-24 09:30:00.000","600758.SH","辽宁能源","买入","13800","2.89","39882","--","11.96","普通成交"
"2024-04-24","2024-04-24 09:30:00.000","301192.SZ","泰祥股份","卖出","100","13.58","1358","9.6 / 0.71%","6.36","普通成交"
"2024-04-23","2024-04-23 09:30:00.000","688696.SH","极米科技","卖出","400","89.06","35624","3442.35 / 10.7%","46.31","普通成交"
"2024-04-23","2024-04-23 09:30:00.000","605068.SH","明新旭腾","卖出","700","15.13","10591","332.92 / 3.25%","15.59","普通成交"
"2024-04-22","2024-04-22 09:30:00.000","688696.SH","极米科技","买入","6071","80.43","488290.53","--","146.49","普通成交"
"2024-04-22","2024-04-22 09:30:00.000","605068.SH","明新旭腾","买入","48600","14.65","711990","--","213.6","普通成交"
"2024-04-22","2024-04-22 09:30:00.000","603311.SH","金海高科","买入","73100","8.8","643280","--","192.98","普通成交"
"2024-04-22","2024-04-22 09:30:00.000","601015.SH","陕西黑猫","买入","184400","3.48","641712","--","192.51","普通成交"
"2024-04-22","2024-04-22 09:30:00.000","600758.SH","辽宁能源","买入","158000","3.09","488220","--","146.47","普通成交"
"2024-04-22","2024-04-22 09:30:00.000","301192.SZ","泰祥股份","买入","31400","13.48","423272","--","126.98","普通成交"
"2024-04-09","2024-04-09 09:30:00.000","600620.SH","天宸股份","卖出","80200","6","481200","-20934.04 / -4.17%","625.56","普通成交"
"2024-04-09","2024-04-09 09:30:00.000","600665.SH","天地源","卖出","207200","2.69","557368","-16903.94 / -2.94%","724.58","普通成交"
"2024-04-09","2024-04-09 09:30:00.000","000809.SZ","铁岭新城","卖出","272100","2.03","552363","-11158.75 / -1.98%","718.07","普通成交"
"2024-04-09","2024-04-09 09:30:00.000","000753.SZ","漳州发展","卖出","185900","3.49","648791","22094.05 / 3.53%","843.43","普通成交"
"2024-04-08","2024-04-08 09:30:00.000","688505.SH","复旦张江","卖出","77549","7.79","604106.71","18128.11 / 3.09%","785.34","普通成交"
"2024-04-08","2024-04-08 09:30:00.000","688073.SH","毕得医药","卖出","15571","35.5","552770.5","-12937.88 / -2.29%","718.6","普通成交"
"2024-04-08","2024-04-08 09:30:00.000","600665.SH","天地源","卖出","1900","2.85","5415","148.99 / 2.83%","10.42","普通成交"
"2024-04-08","2024-04-08 09:30:00.000","600620.SH","天宸股份","买入","2300","6.14","14122","--","5","普通成交"
"2024-04-08","2024-04-08 09:30:00.000","000809.SZ","铁岭新城","买入","5200","2.09","10868","--","5","普通成交"
"2024-04-08","2024-04-08 09:30:00.000","000753.SZ","漳州发展","卖出","5600","3.53","19768","889.55 / 4.71%","25.7","普通成交"
"2024-04-03","2024-04-03 09:30:00.000","688505.SH","复旦张江","买入","2051","7.7","15792.7","--","5","普通成交"
"2024-04-03","2024-04-03 09:30:00.000","600665.SH","天地源","卖出","2200","2.84","6248","150.52 / 2.47%","11.25","普通成交"
"2024-04-03","2024-04-03 09:30:00.000","600620.SH","天宸股份","买入","1200","6.43","7716","--","5","普通成交"
"2024-04-03","2024-04-03 09:30:00.000","000809.SZ","铁岭新城","卖出","5800","2.17","12586","576.4 / 4.8%","17.59","普通成交"
"2024-04-03","2024-04-03 09:30:00.000","000753.SZ","漳州发展","买入","200","3.48","696","--","5","普通成交"
"2024-04-02","2024-04-02 09:30:00.000","688505.SH","复旦张江","卖出","800","7.95","6360","318.19 / 5.27%","11.36","普通成交"
"2024-04-02","2024-04-02 09:30:00.000","600665.SH","天地源","买入","2600","2.83","7358","--","5","普通成交"
"2024-04-02","2024-04-02 09:30:00.000","600620.SH","天宸股份","卖出","1800","6.61","11898","626.62 / 5.56%","16.9","普通成交"
"2024-04-01","2024-04-01 09:30:00.000","688505.SH","复旦张江","买入","76298","7.55","576049.9","--","172.81","普通成交"
"2024-04-01","2024-04-01 09:30:00.000","688073.SH","毕得医药","买入","15571","36.32","565538.72","--","169.66","普通成交"
"2024-04-01","2024-04-01 09:30:00.000","600665.SH","天地源","买入","208700","2.77","578099","--","173.43","普通成交"
"2024-04-01","2024-04-01 09:30:00.000","600620.SH","天宸股份","买入","78500","6.26","491410","--","147.42","普通成交"
"2024-04-01","2024-04-01 09:30:00.000","000809.SZ","铁岭新城","买入","272700","2.07","564489","--","169.35","普通成交"
"2024-04-01","2024-04-01 09:30:00.000","000753.SZ","漳州发展","买入","191300","3.37","644681","--","193.4","普通成交"
"2024-02-27","2024-02-27 09:30:00.000","605336.SH","帅丰电器","卖出","49700","12.59","625723","52478.66 / 9.15%","813.44","普通成交"
"2024-02-27","2024-02-27 09:30:00.000","300824.SZ","北鼎股份","卖出","72200","7.58","547276","86501.81 / 18.77%","711.46","普通成交"
"2024-02-26","2024-02-26 09:30:00.000","603071.SH","物产环能","卖出","47000","14.16","665520","2534.84 / 0.38%","865.18","普通成交"
"2024-02-26","2024-02-26 09:30:00.000","600928.SH","西安银行","卖出","162900","3.54","576666","8026.16 / 1.41%","749.67","普通成交"
"2024-02-26","2024-02-26 09:30:00.000","600758.SH","辽宁能源","卖出","140000","3.23","452200","47435.19 / 11.72%","587.86","普通成交"
"2024-02-26","2024-02-26 09:30:00.000","300824.SZ","北鼎股份","卖出","2300","7.32","16836","2157.6 / 14.7%","21.89","普通成交"
"2024-02-26","2024-02-26 09:30:00.000","001227.SZ","兰州银行","卖出","201300","2.68","539484","5819.86 / 1.09%","701.33","普通成交"
"2024-02-23","2024-02-23 09:30:00.000","605336.SH","帅丰电器","买入","800","12.02","9616","--","5","普通成交"
"2024-02-23","2024-02-23 09:30:00.000","603071.SH","物产环能","买入","200","14.19","2838","--","5","普通成交"
"2024-02-23","2024-02-23 09:30:00.000","600928.SH","西安银行","买入","1400","3.54","4956","--","5","普通成交"
"2024-02-23","2024-02-23 09:30:00.000","600758.SH","辽宁能源","卖出","4500","3.21","14445","1434.7 / 11.03%","19.45","普通成交"
"2024-02-23","2024-02-23 09:30:00.000","300824.SZ","北鼎股份","卖出","700","6.98","4886","418.66 / 9.37%","9.89","普通成交"
"2024-02-23","2024-02-23 09:30:00.000","001227.SZ","兰州银行","买入","2200","2.69","5918","--","5","普通成交"
"2024-02-22","2024-02-22 09:30:00.000","605336.SH","帅丰电器","卖出","500","12.08","6040","276.98 / 4.81%","11.04","普通成交"
"2024-02-22","2024-02-22 09:30:00.000","603071.SH","物产环能","买入","300","14.55","4365","--","5","普通成交"
"2024-02-22","2024-02-22 09:30:00.000","600928.SH","西安银行","卖出","600","3.5","2100","5.84 / 0.28%","7.1","普通成交"
"2024-02-22","2024-02-22 09:30:00.000","600758.SH","辽宁能源","买入","200","3.09","618","--","5","普通成交"
"2024-02-22","2024-02-22 09:30:00.000","300824.SZ","北鼎股份","卖出","300","6.79","2037","122.43 / 6.39%","7.04","普通成交"
"2024-02-22","2024-02-22 09:30:00.000","001227.SZ","兰州银行","买入","300","2.66","798","--","5","普通成交"
"2024-02-21","2024-02-21 09:30:00.000","605336.SH","帅丰电器","卖出","100","11.67","1167","14.4 / 1.25%","6.17","普通成交"
"2024-02-21","2024-02-21 09:30:00.000","603071.SH","物产环能","买入","200","13.85","2770","--","5","普通成交"
"2024-02-21","2024-02-21 09:30:00.000","600928.SH","西安银行","买入","300","3.43","1029","--","5","普通成交"
"2024-02-21","2024-02-21 09:30:00.000","600758.SH","辽宁能源","卖出","300","3","900","32.74 / 3.78%","5.9","普通成交"
"2024-02-21","2024-02-21 09:30:00.000","300824.SZ","北鼎股份","卖出","500","6.58","3290","99.04 / 3.1%","8.29","普通成交"
"2024-02-21","2024-02-21 09:30:00.000","001227.SZ","兰州银行","买入","2300","2.63","6049","--","5","普通成交"
"2024-02-20","2024-02-20 09:30:00.000","605336.SH","帅丰电器","买入","900","11.66","10494","--","5","普通成交"
"2024-02-20","2024-02-20 09:30:00.000","603071.SH","物产环能","买入","400","14.02","5608","--","5","普通成交"
"2024-02-20","2024-02-20 09:30:00.000","600928.SH","西安银行","买入","2300","3.44","7912","--","5","普通成交"
"2024-02-20","2024-02-20 09:30:00.000","600758.SH","辽宁能源","卖出","4600","2.99","13754","456.01 / 3.43%","18.75","普通成交"
"2024-02-20","2024-02-20 09:30:00.000","300824.SZ","北鼎股份","卖出","2500","6.63","16575","620.21 / 3.89%","21.58","普通成交"
"2024-02-20","2024-02-20 09:30:00.000","001227.SZ","兰州银行","买入","100","2.63","263","--","5","普通成交"
"2024-02-19","2024-02-19 09:30:00.000","605336.SH","帅丰电器","买入","48600","11.52","559872","--","167.96","普通成交"
"2024-02-19","2024-02-19 09:30:00.000","603071.SH","物产环能","买入","45900","14.1","647190","--","194.16","普通成交"
"2024-02-19","2024-02-19 09:30:00.000","600928.SH","西安银行","买入","159500","3.49","556655","--","167","普通成交"
"2024-02-19","2024-02-19 09:30:00.000","600758.SH","辽宁能源","买入","149200","2.89","431188","--","129.36","普通成交"
"2024-02-19","2024-02-19 09:30:00.000","300824.SZ","北鼎股份","买入","78500","6.38","500830","--","150.25","普通成交"
"2024-02-19","2024-02-19 09:30:00.000","001227.SZ","兰州银行","买入","196400","2.65","520460","--","156.14","普通成交"
"2024-01-30","2024-01-30 09:30:00.000","600996.SH","贵广网络","卖出","61400","7.67","470938","-38524.67 / -7.56%","612.22","普通成交"
"2024-01-30","2024-01-30 09:30:00.000","301102.SZ","兆讯传媒","卖出","37000","15.93","589410","-59111.52 / -9.11%","766.23","普通成交"
"2024-01-30","2024-01-30 09:30:00.000","301380.SZ","挖金客","卖出","18000","38.43","691740","17240.62 / 2.56%","899.26","普通成交"
"2024-01-29","2024-01-29 09:30:00.000","688283.SH","坤恒顺维","卖出","8084","43.16","348905.44","-67416.58 / -16.19%","453.58","普通成交"
"2024-01-29","2024-01-29 09:30:00.000","603071.SH","物产环能","卖出","44300","14.78","654754","-24641.69 / -3.63%","851.18","普通成交"
"2024-01-29","2024-01-29 09:30:00.000","600996.SH","贵广网络","卖出","500","8.01","4005","-143.72 / -3.46%","9.01","普通成交"
"2024-01-29","2024-01-29 09:30:00.000","600758.SH","辽宁能源","卖出","126700","3.57","452319","-11916.46 / -2.57%","588.01","普通成交"
"2024-01-26","2024-01-26 09:30:00.000","603071.SH","物产环能","买入","200","14.78","2956","--","5","普通成交"
"2024-01-26","2024-01-26 09:30:00.000","600996.SH","贵广网络","卖出","400","7.9","3160","-158.98 / -4.79%","8.16","普通成交"
"2024-01-26","2024-01-26 09:30:00.000","600758.SH","辽宁能源","卖出","2300","3.49","8027","-400.32 / -4.75%","13.03","普通成交"
"2024-01-26","2024-01-26 09:30:00.000","301380.SZ","挖金客","买入","300","40.01","12003","--","5","普通成交"
"2024-01-26","2024-01-26 09:30:00.000","301102.SZ","兆讯传媒","卖出","800","16.66","13328","-694.09 / -4.95%","18.33","普通成交"
"2024-01-25","2024-01-25 09:30:00.000","688283.SH","坤恒顺维","买入","417","44.08","18381.36","--","5.51","普通成交"
"2024-01-25","2024-01-25 09:30:00.000","603071.SH","物产环能","卖出","100","14.19","1419","-114.87 / -7.49%","6.42","普通成交"
"2024-01-25","2024-01-25 09:30:00.000","600758.SH","辽宁能源","卖出","900","3.3","2970","-327.65 / -9.94%","7.97","普通成交"
"2024-01-25","2024-01-25 09:30:00.000","301380.SZ","挖金客","卖出","300","39","11700","471.33 / 4.2%","16.7","普通成交"
"2024-01-25","2024-01-25 09:30:00.000","301102.SZ","兆讯传媒","买入","600","15.42","9252","--","5","普通成交"
"2024-01-24","2024-01-24 09:30:00.000","600996.SH","贵广网络","卖出","700","7.39","5173","-635.21 / -10.94%","10.17","普通成交"
"2024-01-24","2024-01-24 09:30:00.000","600758.SH","辽宁能源","卖出","1700","3.23","5491","-737.89 / -11.85%","10.49","普通成交"
"2024-01-24","2024-01-24 09:30:00.000","301102.SZ","兆讯传媒","买入","300","15.33","4599","--","5","普通成交"
"2024-01-23","2024-01-23 09:30:00.000","688283.SH","坤恒顺维","买入","928","45.59","42307.52","--","12.69","普通成交"
"2024-01-23","2024-01-23 09:30:00.000","603071.SH","物产环能","买入","1000","13.82","13820","--","5","普通成交"
"2024-01-23","2024-01-23 09:30:00.000","600996.SH","贵广网络","买入","400","7.16","2864","--","5","普通成交"
"2024-01-23","2024-01-23 09:30:00.000","600758.SH","辽宁能源","卖出","900","3.15","2835","-462.65 / -14.03%","7.84","普通成交"
"2024-01-23","2024-01-23 09:30:00.000","301380.SZ","挖金客","买入","17400","37.33","649542","--","194.86","普通成交"
"2024-01-23","2024-01-23 09:30:00.000","301102.SZ","兆讯传媒","买入","300","15.46","4638","--","5","普通成交"
"2024-01-23","2024-01-23 09:30:00.000","002491.SZ","通鼎互联","卖出","160600","4.46","716276","-72335.85 / -9.17%","931.16","普通成交"
"2024-01-22","2024-01-22 09:30:00.000","603071.SH","物产环能","买入","600","14.59","8754","--","5","普通成交"
"2024-01-22","2024-01-22 09:30:00.000","600996.SH","贵广网络","买入","600","7.74","4644","--","5","普通成交"
"2024-01-22","2024-01-22 09:30:00.000","600758.SH","辽宁能源","卖出","4200","3.33","13986","-1403.02 / -9.12%","18.99","普通成交"
"2024-01-22","2024-01-22 09:30:00.000","301380.SZ","挖金客","买入","600","39.96","23976","--","7.19","普通成交"
"2024-01-22","2024-01-22 09:30:00.000","301102.SZ","兆讯传媒","卖出","700","16.76","11732","-585.7 / -4.75%","16.73","普通成交"
"2024-01-22","2024-01-22 09:30:00.000","002491.SZ","通鼎互联","买入","500","4.73","2365","--","5","普通成交"
"2024-01-19","2024-01-19 09:30:00.000","688283.SH","坤恒顺维","卖出","300","49.5","14850","-980.91 / -6.2%","19.85","普通成交"
"2024-01-19","2024-01-19 09:30:00.000","600758.SH","辽宁能源","买入","3200","3.39","10848","--","5","普通成交"
"2024-01-19","2024-01-19 09:30:00.000","301102.SZ","兆讯传媒","买入","200","16.58","3316","--","5","普通成交"
"2024-01-19","2024-01-19 09:30:00.000","002491.SZ","通鼎互联","卖出","1700","4.81","8177","-171.6 / -2.06%","13.18","普通成交"
"2024-01-18","2024-01-18 09:30:00.000","603071.SH","物产环能","卖出","400","15.15","6060","-93.85 / -1.53%","11.06","普通成交"
"2024-01-18","2024-01-18 09:30:00.000","600758.SH","辽宁能源","买入","100","3.46","346","--","5","普通成交"
"2024-01-18","2024-01-18 09:30:00.000","002491.SZ","通鼎互联","买入","600","4.76","2856","--","5","普通成交"
"2024-01-17","2024-01-17 09:30:00.000","603071.SH","物产环能","卖出","200","15.41","3082","5.08 / 0.17%","8.08","普通成交"
"2024-01-17","2024-01-17 09:30:00.000","600758.SH","辽宁能源","买入","600","3.58","2148","--","5","普通成交"
"2024-01-17","2024-01-17 09:30:00.000","301102.SZ","兆讯传媒","买入","300","17.19","5157","--","5","普通成交"
"2024-01-17","2024-01-17 09:30:00.000","002491.SZ","通鼎互联","卖出","1500","4.96","7440","72.79 / 0.99%","12.44","普通成交"
"2024-01-16","2024-01-16 09:30:00.000","688283.SH","坤恒顺维","买入","550","49.26","27093","--","8.13","普通成交"
"2024-01-16","2024-01-16 09:30:00.000","603071.SH","物产环能","卖出","400","15.46","6184","30.15 / 0.49%","11.18","普通成交"
"2024-01-16","2024-01-16 09:30:00.000","600996.SH","贵广网络","买入","1200","8.18","9816","--","5","普通成交"
"2024-01-16","2024-01-16 09:30:00.000","600758.SH","辽宁能源","买入","200","3.63","726","--","5","普通成交"
"2024-01-16","2024-01-16 09:30:00.000","002491.SZ","通鼎互联","卖出","700","4.95","3465","26.97 / 0.78%","8.47","普通成交"
"2024-01-15","2024-01-15 09:30:00.000","688283.SH","坤恒顺维","买入","6489","53.05","344241.45","--","103.27","普通成交"
"2024-01-15","2024-01-15 09:30:00.000","603071.SH","物产环能","买入","43600","15.38","670568","--","201.17","普通成交"
"2024-01-15","2024-01-15 09:30:00.000","600996.SH","贵广网络","买入","60800","8.31","505248","--","151.57","普通成交"
"2024-01-15","2024-01-15 09:30:00.000","600758.SH","辽宁能源","买入","132600","3.67","486642","--","145.99","普通成交"
"2024-01-15","2024-01-15 09:30:00.000","301102.SZ","兆讯传媒","买入","36800","17.6","647680","--","194.3","普通成交"
"2024-01-15","2024-01-15 09:30:00.000","002491.SZ","通鼎互联","买入","163400","4.91","802294","--","240.69","普通成交"
"2024-01-03","2024-01-03 09:30:00.000","300550.SZ","和仁科技","卖出","42400","14.93","633032","-7360.65 / -1.15%","822.94","普通成交"
"2024-01-03","2024-01-03 09:30:00.000","301162.SZ","国能日新","卖出","10400","51.25","533000","-6575.98 / -1.22%","692.9","普通成交"
"2024-01-03","2024-01-03 09:30:00.000","688618.SH","三旺通信","卖出","7889","54.97","433658.33","-20106.19 / -4.43%","563.76","普通成交"
"2024-01-02","2024-01-02 09:30:00.000","301102.SZ","兆讯传媒","卖出","29000","19.2","556800","-19004.74 / -3.3%","723.84","普通成交"
"2024-01-02","2024-01-02 09:30:00.000","300550.SZ","和仁科技","买入","200","15.02","3004","--","5","普通成交"
"2024-01-02","2024-01-02 09:30:00.000","300205.SZ","天喻信息","卖出","64800","10.89","705672","-81911.09 / -10.4%","917.37","普通成交"
"2024-01-02","2024-01-02 09:30:00.000","001330.SZ","博纳影业","卖出","83400","7.2","600480","-70347.46 / -10.49%","780.62","普通成交"
"2023-12-29","2023-12-29 09:30:00.000","301162.SZ","国能日新","卖出","600","50.3","30180","-949.38 / -3.05%","39.23","普通成交"
"2023-12-29","2023-12-29 09:30:00.000","300205.SZ","天喻信息","买入","300","10.87","3261","--","5","普通成交"
"2023-12-29","2023-12-29 09:30:00.000","001330.SZ","博纳影业","买入","1200","7.08","8496","--","5","普通成交"
"2023-12-28","2023-12-28 09:30:00.000","688618.SH","三旺通信","卖出","200","53.77","10754","-749.73 / -6.52%","15.75","普通成交"
"2023-12-28","2023-12-28 09:30:00.000","301102.SZ","兆讯传媒","买入","400","18","7200","--","5","普通成交"
"2023-12-28","2023-12-28 09:30:00.000","300550.SZ","和仁科技","卖出","600","14.25","8550","-512.33 / -5.65%","13.55","普通成交"
"2023-12-27","2023-12-27 09:30:00.000","301102.SZ","兆讯传媒","买入","100","18.4","1840","--","5","普通成交"
"2023-12-27","2023-12-27 09:30:00.000","300550.SZ","和仁科技","卖出","100","14.13","1413","-97.39 / -6.45%","6.41","普通成交"
"2023-12-27","2023-12-27 09:30:00.000","300205.SZ","天喻信息","买入","100","10.49","1049","--","5","普通成交"
"2023-12-26","2023-12-26 09:30:00.000","301102.SZ","兆讯传媒","买入","200","18.71","3742","--","5","普通成交"
"2023-12-26","2023-12-26 09:30:00.000","300550.SZ","和仁科技","卖出","100","14.17","1417","-93.39 / -6.18%","6.42","普通成交"
"2023-12-26","2023-12-26 09:30:00.000","300205.SZ","天喻信息","买入","400","10.3","4120","--","5","普通成交"
"2023-12-26","2023-12-26 09:30:00.000","001330.SZ","博纳影业","卖出","300","7.1","2130","-287.25 / -11.88%","7.13","普通成交"
"2023-12-25","2023-12-25 09:30:00.000","301162.SZ","国能日新","卖出","100","47.42","4742","-446.23 / -8.6%","9.74","普通成交"
"2023-12-25","2023-12-25 09:30:00.000","301102.SZ","兆讯传媒","买入","2500","19.06","47650","--","14.3","普通成交"
"2023-12-25","2023-12-25 09:30:00.000","300550.SZ","和仁科技","卖出","500","14.37","7185","-366.94 / -4.86%","12.19","普通成交"
"2023-12-25","2023-12-25 09:30:00.000","300205.SZ","天喻信息","卖出","700","10.92","7644","-877.82 / -10.3%","12.64","普通成交"
"2023-12-25","2023-12-25 09:30:00.000","001330.SZ","博纳影业","卖出","3300","7.18","23694","-2895.75 / -10.89%","30.8","普通成交"
"2023-12-22","2023-12-22 09:30:00.000","301102.SZ","兆讯传媒","卖出","500","20.44","10220","232.72 / 2.33%","15.22","普通成交"
"2023-12-22","2023-12-22 09:30:00.000","001330.SZ","博纳影业","买入","1200","7.55","9060","--","5","普通成交"
"2023-12-21","2023-12-21 09:30:00.000","300550.SZ","和仁科技","卖出","600","14.65","8790","-272.33 / -3.01%","13.79","普通成交"
"2023-12-21","2023-12-21 09:30:00.000","001330.SZ","博纳影业","买入","800","7.54","6032","--","5","普通成交"
"2023-12-20","2023-12-20 09:30:00.000","301102.SZ","兆讯传媒","卖出","100","20.49","2049","51.54 / 2.58%","7.05","普通成交"
"2023-12-20","2023-12-20 09:30:00.000","300550.SZ","和仁科技","卖出","300","15","4500","-31.16 / -0.69%","9.5","普通成交"
"2023-12-20","2023-12-20 09:30:00.000","001330.SZ","博纳影业","买入","200","7.78","1556","--","5","普通成交"
"2023-12-19","2023-12-19 09:30:00.000","301102.SZ","兆讯传媒","买入","200","20.01","4002","--","5","普通成交"
"2023-12-19","2023-12-19 09:30:00.000","300550.SZ","和仁科技","卖出","200","14.65","2930","-90.78 / -3.01%","7.93","普通成交"
"2023-12-19","2023-12-19 09:30:00.000","300205.SZ","天喻信息","卖出","100","11.36","1136","-81.4 / -6.69%","6.14","普通成交"
"2023-12-19","2023-12-19 09:30:00.000","001330.SZ","博纳影业","买入","500","7.87","3935","--","5","普通成交"
"2023-12-18","2023-12-18 09:30:00.000","301162.SZ","国能日新","买入","100","49.25","4925","--","5","普通成交"
"2023-12-18","2023-12-18 09:30:00.000","301102.SZ","兆讯传媒","买入","4300","20.82","89526","--","26.86","普通成交"
"2023-12-18","2023-12-18 09:30:00.000","300205.SZ","天喻信息","买入","200","11.59","2318","--","5","普通成交"
"2023-12-18","2023-12-18 09:30:00.000","001330.SZ","博纳影业","卖出","12300","8.02","98646","-631.79 / -0.64%","128.24","普通成交"
"2023-12-15","2023-12-15 09:30:00.000","301162.SZ","国能日新","买入","100","50.96","5096","--","5","普通成交"
"2023-12-15","2023-12-15 09:30:00.000","301102.SZ","兆讯传媒","卖出","200","20.73","4146","184.65 / 4.66%","9.15","普通成交"
"2023-12-15","2023-12-15 09:30:00.000","300550.SZ","和仁科技","卖出","100","14.87","1487","-23.39 / -1.55%","6.49","普通成交"
"2023-12-15","2023-12-15 09:30:00.000","001330.SZ","博纳影业","买入","400","8.02","3208","--","5","普通成交"
"2023-12-14","2023-12-14 09:30:00.000","301162.SZ","国能日新","买入","100","51.98","5198","--","5","普通成交"
"2023-12-14","2023-12-14 09:30:00.000","300205.SZ","天喻信息","卖出","600","11.81","7086","-219.46 / -3.0%","12.09","普通成交"
"2023-12-14","2023-12-14 09:30:00.000","001330.SZ","博纳影业","卖出","300","8.13","2439","17.54 / 0.72%","7.44","普通成交"
"2023-12-13","2023-12-13 09:30:00.000","301162.SZ","国能日新","买入","100","51.87","5187","--","5","普通成交"
"2023-12-13","2023-12-13 09:30:00.000","301102.SZ","兆讯传媒","买入","300","20.78","6234","--","5","普通成交"
"2023-12-13","2023-12-13 09:30:00.000","300550.SZ","和仁科技","卖出","200","15.02","3004","-16.78 / -0.56%","8","普通成交"
"2023-12-13","2023-12-13 09:30:00.000","300205.SZ","天喻信息","卖出","300","11.8","3540","-112.73 / -3.09%","8.54","普通成交"
"2023-12-13","2023-12-13 09:30:00.000","001330.SZ","博纳影业","卖出","800","8.15","6520","62.78 / 0.97%","11.52","普通成交"
"2023-12-12","2023-12-12 09:30:00.000","301162.SZ","国能日新","买入","8800","52.05","458040","--","137.41","普通成交"
"2023-12-12","2023-12-12 09:30:00.000","301102.SZ","兆讯传媒","卖出","400","21.33","8532","614.74 / 7.76%","13.53","普通成交"
"2023-12-12","2023-12-12 09:30:00.000","300550.SZ","和仁科技","买入","1200","15.05","18060","--","5.42","普通成交"
"2023-12-12","2023-12-12 09:30:00.000","001330.SZ","博纳影业","买入","95800","8.07","773106","--","231.93","普通成交"
"2023-12-12","2023-12-12 09:30:00.000","301185.SZ","鸥玛软件","卖出","25700","24","616800","13791.29 / 2.29%","801.84","普通成交"
"2023-12-12","2023-12-12 09:30:00.000","600228.SH","返利科技","卖出","69900","8.96","626304","28680.96 / 4.8%","814.2","普通成交"
"2023-12-11","2023-12-11 09:30:00.000","600228.SH","返利科技","买入","1400","9.05","12670","--","5","普通成交"
"2023-12-11","2023-12-11 09:30:00.000","301185.SZ","鸥玛软件","卖出","400","23.07","9228","-157.35 / -1.68%","14.23","普通成交"
"2023-12-11","2023-12-11 09:30:00.000","301162.SZ","国能日新","买入","1900","51.19","97261","--","29.18","普通成交"
"2023-12-11","2023-12-11 09:30:00.000","301102.SZ","兆讯传媒","卖出","4900","20.42","100058","3071.57 / 3.17%","130.08","普通成交"
"2023-12-11","2023-12-11 09:30:00.000","300550.SZ","和仁科技","买入","1000","14.8","14800","--","5","普通成交"
"2023-12-11","2023-12-11 09:30:00.000","300205.SZ","天喻信息","卖出","1300","11.56","15028","-800.49 / -5.06%","20.03","普通成交"
"2023-12-11","2023-12-11 09:30:00.000","001330.SZ","博纳影业","买入","300","7.77","2331","--","5","普通成交"
"2023-12-08","2023-12-08 09:30:00.000","600228.SH","返利科技","买入","3500","9.86","34510","--","10.35","普通成交"
"2023-12-08","2023-12-08 09:30:00.000","301185.SZ","鸥玛软件","买入","200","22.7","4540","--","5","普通成交"
"2023-12-08","2023-12-08 09:30:00.000","301102.SZ","兆讯传媒","卖出","300","20.45","6135","197.06 / 3.32%","11.14","普通成交"
"2023-12-08","2023-12-08 09:30:00.000","300550.SZ","和仁科技","买入","400","15.15","6060","--","5","普通成交"
"2023-12-08","2023-12-08 09:30:00.000","300205.SZ","天喻信息","买入","800","11.61","9288","--","5","普通成交"
"2023-12-07","2023-12-07 09:30:00.000","600228.SH","返利科技","卖出","4900","10.35","50715","9221.22 / 22.22%","65.93","普通成交"
"2023-12-07","2023-12-07 09:30:00.000","300205.SZ","天喻信息","买入","800","11.31","9048","--","5","普通成交"
"2023-12-06","2023-12-06 09:30:00.000","600228.SH","返利科技","卖出","900","9.1","8190","568.69 / 7.46%","13.19","普通成交"
"2023-12-06","2023-12-06 09:30:00.000","301185.SZ","鸥玛软件","买入","200","22.03","4406","--","5","普通成交"
"2023-12-06","2023-12-06 09:30:00.000","301102.SZ","兆讯传媒","买入","100","19.63","1963","--","5","普通成交"
"2023-12-06","2023-12-06 09:30:00.000","300550.SZ","和仁科技","卖出","500","14.81","7405","-150.89 / -2.0%","12.41","普通成交"
"2023-12-06","2023-12-06 09:30:00.000","300205.SZ","天喻信息","买入","300","11.93","3579","--","5","普通成交"
"2023-12-05","2023-12-05 09:30:00.000","688618.SH","三旺通信","买入","7287","57.43","418492.41","--","125.55","普通成交"
"2023-12-05","2023-12-05 09:30:00.000","600228.SH","返利科技","卖出","5900","10.49","61891","11929.1 / 23.88%","80.46","普通成交"
"2023-12-05","2023-12-05 09:30:00.000","301185.SZ","鸥玛软件","买入","300","23.12","6936","--","5","普通成交"
"2023-12-05","2023-12-05 09:30:00.000","301102.SZ","兆讯传媒","买入","1500","20.31","30465","--","9.14","普通成交"
"2023-12-05","2023-12-05 09:30:00.000","300550.SZ","和仁科技","买入","2600","15.08","39208","--","11.76","普通成交"
"2023-12-05","2023-12-05 09:30:00.000","300205.SZ","天喻信息","买入","1400","12.03","16842","--","5.05","普通成交"
"2023-12-05","2023-12-05 09:30:00.000","688205.SH","德科立","卖出","7982","57","454974","2591.74 / 0.57%","591.47","普通成交"
"2023-12-04","2023-12-04 09:30:00.000","688618.SH","三旺通信","买入","802","58.15","46636.3","--","13.99","普通成交"
"2023-12-04","2023-12-04 09:30:00.000","600228.SH","返利科技","卖出","4500","9.69","43605","5498.47 / 14.43%","56.69","普通成交"
"2023-12-04","2023-12-04 09:30:00.000","301185.SZ","鸥玛软件","卖出","100","23.4","2340","-8.41 / -0.36%","7.34","普通成交"
"2023-12-04","2023-12-04 09:30:00.000","300205.SZ","天喻信息","买入","1300","12.13","15769","--","5","普通成交"
"2023-12-01","2023-12-01 09:30:00.000","688205.SH","德科立","卖出","300","55.66","16698","-304.59 / -1.79%","21.71","普通成交"
"2023-12-01","2023-12-01 09:30:00.000","600228.SH","返利科技","买入","100","8.27","827","--","5","普通成交"
"2023-12-01","2023-12-01 09:30:00.000","301185.SZ","鸥玛软件","买入","200","22.17","4434","--","5","普通成交"
"2023-12-01","2023-12-01 09:30:00.000","301102.SZ","兆讯传媒","买入","200","19.39","3878","--","5","普通成交"
"2023-12-01","2023-12-01 09:30:00.000","300550.SZ","和仁科技","买入","400","14.95","5980","--","5","普通成交"
"2023-12-01","2023-12-01 09:30:00.000","300205.SZ","天喻信息","买入","300","11.67","3501","--","5","普通成交"
"2023-11-30","2023-11-30 09:30:00.000","600228.SH","返利科技","卖出","2200","8.2","18040","-590.26 / -3.17%","23.45","普通成交"
"2023-11-30","2023-11-30 09:30:00.000","300550.SZ","和仁科技","买入","200","15.11","3022","--","5","普通成交"
"2023-11-30","2023-11-30 09:30:00.000","300205.SZ","天喻信息","卖出","200","11.78","2356","-84.34 / -3.46%","7.36","普通成交"
"2023-11-29","2023-11-29 09:30:00.000","600228.SH","返利科技","卖出","100","8.07","807","-39.83 / -4.7%","5.81","普通成交"
"2023-11-29","2023-11-29 09:30:00.000","301185.SZ","鸥玛软件","买入","200","22.45","4490","--","5","普通成交"
"2023-11-29","2023-11-29 09:30:00.000","301102.SZ","兆讯传媒","买入","100","19.71","1971","--","5","普通成交"
"2023-11-29","2023-11-29 09:30:00.000","300550.SZ","和仁科技","卖出","100","15.35","1535","23.5 / 1.55%","6.54","普通成交"
"2023-11-29","2023-11-29 09:30:00.000","300205.SZ","天喻信息","卖出","100","11.82","1182","-38.17 / -3.13%","6.18","普通成交"
"2023-11-28","2023-11-28 09:30:00.000","600228.SH","返利科技","买入","1300","8.07","10491","--","5","普通成交"
"2023-11-28","2023-11-28 09:30:00.000","301185.SZ","鸥玛软件","卖出","600","22.7","13620","-481.47 / -3.41%","18.62","普通成交"
"2023-11-28","2023-11-28 09:30:00.000","301102.SZ","兆讯传媒","买入","25500","19.76","503880","--","151.16","普通成交"
"2023-11-28","2023-11-28 09:30:00.000","300550.SZ","和仁科技","买入","38900","15.11","587779","--","176.33","普通成交"
"2023-11-28","2023-11-28 09:30:00.000","300205.SZ","天喻信息","买入","100","11.7","1170","--","5","普通成交"
"2023-11-28","2023-11-28 09:30:00.000","688296.SH","和达科技","卖出","27266","18.54","505511.64","8180.56 / 1.64%","657.17","普通成交"
"2023-11-28","2023-11-28 09:30:00.000","605168.SH","三人行","卖出","7500","66.22","496650","15755.77 / 3.28%","645.65","普通成交"
"2023-11-27","2023-11-27 09:30:00.000","605168.SH","三人行","卖出","200","68.98","13796","972.15 / 7.58%","18.8","普通成交"
"2023-11-27","2023-11-27 09:30:00.000","600228.SH","返利科技","买入","1400","8.01","11214","--","5","普通成交"
"2023-11-27","2023-11-27 09:30:00.000","301185.SZ","鸥玛软件","卖出","4100","22.05","90405","-5955.04 / -6.18%","117.53","普通成交"
"2023-11-27","2023-11-27 09:30:00.000","300550.SZ","和仁科技","买入","800","15.13","12104","--","5","普通成交"
"2023-11-24","2023-11-24 09:30:00.000","688296.SH","和达科技","卖出","600","18.53","11118","174.02 / 1.59%","16.12","普通成交"
"2023-11-24","2023-11-24 09:30:00.000","301185.SZ","鸥玛软件","买入","200","22.99","4598","--","5","普通成交"
"2023-11-24","2023-11-24 09:30:00.000","300205.SZ","天喻信息","买入","200","12.07","2414","--","5","普通成交"
"2023-11-23","2023-11-23 09:30:00.000","688296.SH","和达科技","买入","463","17.94","8306.22","--","5","普通成交"
"2023-11-23","2023-11-23 09:30:00.000","688205.SH","德科立","买入","329","54.2","17831.8","--","5.35","普通成交"
"2023-11-23","2023-11-23 09:30:00.000","605168.SH","三人行","卖出","500","68.05","34025","1965.38 / 6.13%","44.23","普通成交"
"2023-11-23","2023-11-23 09:30:00.000","301185.SZ","鸥玛软件","买入","100","23.07","2307","--","5","普通成交"
"2023-11-23","2023-11-23 09:30:00.000","300205.SZ","天喻信息","买入","300","12","3600","--","5","普通成交"
"2023-11-22","2023-11-22 09:30:00.000","688296.SH","和达科技","卖出","300","18.48","5544","70.54 / 1.29%","10.54","普通成交"
"2023-11-22","2023-11-22 09:30:00.000","300205.SZ","天喻信息","卖出","100","12.18","1218","-2.37 / -0.19%","6.22","普通成交"
"2023-11-21","2023-11-21 09:30:00.000","688296.SH","和达科技","买入","484","18.2","8808.8","--","5","普通成交"
"2023-11-21","2023-11-21 09:30:00.000","600228.SH","返利科技","卖出","200","8.32","1664","-32.51 / -1.92%","6.66","普通成交"
"2023-11-21","2023-11-21 09:30:00.000","301185.SZ","鸥玛软件","卖出","200","23.66","4732","30.59 / 0.65%","9.73","普通成交"
"2023-11-21","2023-11-21 09:30:00.000","300205.SZ","天喻信息","卖出","200","12.16","2432","-8.73 / -0.36%","7.43","普通成交"
"2023-11-20","2023-11-20 09:30:00.000","688296.SH","和达科技","买入","27219","18.24","496474.56","--","148.94","普通成交"
"2023-11-20","2023-11-20 09:30:00.000","688205.SH","德科立","买入","7953","56.76","451412.28","--","135.42","普通成交"
"2023-11-20","2023-11-20 09:30:00.000","605168.SH","三人行","买入","8200","64.1","525620","--","157.69","普通成交"
"2023-11-20","2023-11-20 09:30:00.000","600228.SH","返利科技","买入","80900","8.48","686032","--","205.81","普通成交"
"2023-11-20","2023-11-20 09:30:00.000","301185.SZ","鸥玛软件","买入","29700","23.5","697950","--","209.39","普通成交"
"2023-11-20","2023-11-20 09:30:00.000","300205.SZ","天喻信息","买入","61900","12.2","755180","--","226.55","普通成交"
"2023-10-17","2023-10-17 09:30:00.000","688296.SH","和达科技","卖出","37562","15.29","574322.98","-29310.41 / -4.86%","746.62","普通成交"
"2023-10-17","2023-10-17 09:30:00.000","301117.SZ","佳缘科技","卖出","11700","56.41","659997","101271.43 / 18.13%","858","普通成交"
"2023-10-16","2023-10-16 09:30:00.000","688517.SH","金冠电气","卖出","37185","15.51","576739.35","-10712.47 / -1.82%","749.76","普通成交"
"2023-10-16","2023-10-16 09:30:00.000","688296.SH","和达科技","买入","612","15.3","9363.6","--","5","普通成交"
"2023-10-16","2023-10-16 09:30:00.000","605168.SH","三人行","卖出","7800","63.01","491478","-37231.28 / -7.04%","638.92","普通成交"
"2023-10-16","2023-10-16 09:30:00.000","603398.SH","沐邦高科","卖出","31200","19.66","613392","-821.76 / -0.13%","797.41","普通成交"
"2023-10-16","2023-10-16 09:30:00.000","600228.SH","返利科技","卖出","86800","7.72","670096","-39986.0 / -5.63%","871.12","普通成交"
"2023-10-16","2023-10-16 09:30:00.000","301117.SZ","佳缘科技","卖出","500","53.44","26720","2842.84 / 11.91%","34.74","普通成交"
"2023-10-13","2023-10-13 09:30:00.000","688517.SH","金冠电气","卖出","700","15.95","11165","106.34 / 0.96%","16.17","普通成交"
"2023-10-13","2023-10-13 09:30:00.000","603398.SH","沐邦高科","卖出","200","19.73","3946","8.73 / 0.22%","8.95","普通成交"
"2023-10-12","2023-10-12 09:30:00.000","688517.SH","金冠电气","买入","316","15.55","4913.8","--","5","普通成交"
"2023-10-12","2023-10-12 09:30:00.000","688296.SH","和达科技","买入","252","15.73","3963.96","--","5","普通成交"
"2023-10-12","2023-10-12 09:30:00.000","605168.SH","三人行","卖出","100","66.28","6628","-150.32 / -2.22%","11.63","普通成交"
"2023-10-12","2023-10-12 09:30:00.000","603398.SH","沐邦高科","买入","300","19.69","5907","--","5","普通成交"
"2023-10-12","2023-10-12 09:30:00.000","600228.SH","返利科技","买入","300","8.15","2445","--","5","普通成交"
"2023-10-12","2023-10-12 09:30:00.000","301117.SZ","佳缘科技","卖出","200","51.57","10314","763.14 / 7.99%","15.31","普通成交"
"2023-10-11","2023-10-11 09:30:00.000","688517.SH","金冠电气","买入","887","15.6","13837.2","--","5","普通成交"
"2023-10-11","2023-10-11 09:30:00.000","603398.SH","沐邦高科","买入","100","19.71","1971","--","5","普通成交"
"2023-10-11","2023-10-11 09:30:00.000","600228.SH","返利科技","卖出","800","8.09","6472","-72.57 / -1.11%","11.47","普通成交"
"2023-10-10","2023-10-10 09:30:00.000","688517.SH","金冠电气","卖出","600","16.19","9714","231.16 / 2.44%","14.71","普通成交"
"2023-10-10","2023-10-10 09:30:00.000","688296.SH","和达科技","买入","283","16.12","4561.96","--","5","普通成交"
"2023-10-10","2023-10-10 09:30:00.000","605168.SH","三人行","买入","400","63.88","25552","--","7.67","普通成交"
"2023-10-10","2023-10-10 09:30:00.000","603398.SH","沐邦高科","卖出","300","20.15","6045","139.23 / 2.36%","11.05","普通成交"
"2023-10-10","2023-10-10 09:30:00.000","600228.SH","返利科技","买入","1900","8.1","15390","--","5","普通成交"
"2023-10-10","2023-10-10 09:30:00.000","301117.SZ","佳缘科技","卖出","700","50.47","35329","1900.97 / 5.69%","45.93","普通成交"
"2023-10-09","2023-10-09 09:30:00.000","688517.SH","金冠电气","买入","37282","15.8","589055.6","--","176.72","普通成交"
"2023-10-09","2023-10-09 09:30:00.000","688296.SH","和达科技","买入","36415","16.08","585553.2","--","175.67","普通成交"
"2023-10-09","2023-10-09 09:30:00.000","605168.SH","三人行","买入","7500","67.97","509775","--","152.93","普通成交"
"2023-10-09","2023-10-09 09:30:00.000","603398.SH","沐邦高科","买入","31300","19.68","615984","--","184.8","普通成交"
"2023-10-09","2023-10-09 09:30:00.000","600228.SH","返利科技","买入","85400","8.18","698572","--","209.57","普通成交"
"2023-10-09","2023-10-09 09:30:00.000","301117.SZ","佳缘科技","买入","13100","47.74","625394","--","187.62","普通成交"
"2023-09-26","2023-09-26 09:30:00.000","000836.SZ","富通信息","卖出","225300","2.65","597045","-4312.79 / -0.72%","776.16","普通成交"
"2023-09-26","2023-09-26 09:30:00.000","003040.SZ","楚天龙","卖出","38900","15.44","600616","-29267.68 / -4.65%","780.8","普通成交"
"2023-09-26","2023-09-26 09:30:00.000","688232.SH","新点软件","卖出","16652","36.73","611627.96","-17839.9 / -2.83%","795.12","普通成交"
"2023-09-25","2023-09-25 09:30:00.000","605168.SH","三人行","卖出","7900","68.95","544705","12722.4 / 2.39%","708.12","普通成交"
"2023-09-25","2023-09-25 09:30:00.000","600228.SH","返利科技","卖出","86400","8.07","697248","11962.56 / 1.75%","906.42","普通成交"
"2023-09-25","2023-09-25 09:30:00.000","301117.SZ","佳缘科技","卖出","12400","46.98","582552","-13446.75 / -2.26%","757.32","普通成交"
"2023-09-25","2023-09-25 09:30:00.000","003040.SZ","楚天龙","买入","200","15.79","3158","--","5","普通成交"
"2023-09-25","2023-09-25 09:30:00.000","000836.SZ","富通信息","买入","300","2.68","804","--","5","普通成交"
"2023-09-22","2023-09-22 09:30:00.000","605168.SH","三人行","买入","100","64.9","6490","--","5","普通成交"
"2023-09-22","2023-09-22 09:30:00.000","600228.SH","返利科技","卖出","100","7.63","763","-30.15 / -3.8%","5.76","普通成交"
"2023-09-22","2023-09-22 09:30:00.000","003040.SZ","楚天龙","买入","300","15.37","4611","--","5","普通成交"
"2023-09-22","2023-09-22 09:30:00.000","000836.SZ","富通信息","卖出","5500","2.58","14190","-490.08 / -3.34%","19.19","普通成交"
"2023-09-21","2023-09-21 09:30:00.000","600228.SH","返利科技","买入","400","7.76","3104","--","5","普通成交"
"2023-09-21","2023-09-21 09:30:00.000","000836.SZ","富通信息","买入","1400","2.55","3570","--","5","普通成交"
"2023-09-20","2023-09-20 09:30:00.000","605168.SH","三人行","卖出","100","67.47","6747","9.98 / 0.15%","11.75","普通成交"
"2023-09-20","2023-09-20 09:30:00.000","600228.SH","返利科技","买入","100","7.8","780","--","5","普通成交"
"2023-09-20","2023-09-20 09:30:00.000","003040.SZ","楚天龙","买入","200","15.65","3130","--","5","普通成交"
"2023-09-20","2023-09-20 09:30:00.000","000836.SZ","富通信息","买入","2600","2.58","6708","--","5","普通成交"
"2023-09-19","2023-09-19 09:30:00.000","688232.SH","新点软件","卖出","200","37.93","7586","25.73 / 0.34%","12.59","普通成交"
"2023-09-19","2023-09-19 09:30:00.000","600228.SH","返利科技","卖出","400","8.02","3208","35.05 / 1.1%","8.21","普通成交"
"2023-09-19","2023-09-19 09:30:00.000","003040.SZ","楚天龙","买入","200","15.9","3180","--","5","普通成交"
"2023-09-19","2023-09-19 09:30:00.000","000836.SZ","富通信息","买入","700","2.67","1869","--","5","普通成交"
"2023-09-18","2023-09-18 09:30:00.000","688232.SH","新点软件","买入","16852","37.79","636837.08","--","191.05","普通成交"
"2023-09-18","2023-09-18 09:30:00.000","605168.SH","三人行","买入","7900","67.35","532065","--","159.62","普通成交"
"2023-09-18","2023-09-18 09:30:00.000","600228.SH","返利科技","买入","86400","7.93","685152","--","205.55","普通成交"
"2023-09-18","2023-09-18 09:30:00.000","301117.SZ","佳缘科技","买入","12400","48.05","595820","--","178.75","普通成交"
"2023-09-18","2023-09-18 09:30:00.000","003040.SZ","楚天龙","买入","38000","16.2","615600","--","184.68","普通成交"
"2023-09-18","2023-09-18 09:30:00.000","000836.SZ","富通信息","买入","225800","2.67","602886","--","180.87","普通成交"
"2023-09-12","2023-09-12 09:30:00.000","002990.SZ","盛视科技","卖出","19700","33.3","656010","41382.67 / 6.73%","852.81","普通成交"
"2023-09-12","2023-09-12 09:30:00.000","688046.SH","药康生物","卖出","43647","16.66","727159.02","687.45 / 0.09%","945.31","普通成交"
"2023-09-12","2023-09-12 09:30:00.000","688767.SH","博拓生物","卖出","18326","28.5","522291","-8687.83 / -1.64%","678.98","普通成交"
"2023-09-12","2023-09-12 09:30:00.000","300781.SZ","因赛集团","卖出","32800","20.66","677648","-33530.37 / -4.71%","880.94","普通成交"
"2023-09-11","2023-09-11 09:30:00.000","688046.SH","药康生物","卖出","400","16.26","6504","-153.7 / -2.31%","11.5","普通成交"
"2023-09-11","2023-09-11 09:30:00.000","605168.SH","三人行","卖出","7000","68.6","480200","-46340.19 / -8.8%","624.26","普通成交"
"2023-09-11","2023-09-11 09:30:00.000","301117.SZ","佳缘科技","卖出","11200","54.35","608720","60667.16 / 11.07%","791.34","普通成交"
"2023-09-11","2023-09-11 09:30:00.000","300781.SZ","因赛集团","买入","1400","21.37","29918","--","8.98","普通成交"
"2023-09-11","2023-09-11 09:30:00.000","002990.SZ","盛视科技","卖出","800","34.4","27520","2560.51 / 10.26%","35.78","普通成交"
"2023-09-08","2023-09-08 09:30:00.000","688767.SH","博拓生物","买入","270","27.92","7538.4","--","5","普通成交"
"2023-09-08","2023-09-08 09:30:00.000","688046.SH","药康生物","买入","835","16.19","13518.65","--","5","普通成交"
"2023-09-08","2023-09-08 09:30:00.000","605168.SH","三人行","买入","100","70.86","7086","--","5","普通成交"
"2023-09-08","2023-09-08 09:30:00.000","301117.SZ","佳缘科技","买入","300","50.32","15096","--","5","普通成交"
"2023-09-08","2023-09-08 09:30:00.000","300781.SZ","因赛集团","卖出","1700","22.01","37417","533.96 / 1.45%","48.64","普通成交"
"2023-09-07","2023-09-07 09:30:00.000","688767.SH","博拓生物","买入","265","28.14","7457.1","--","5","普通成交"
"2023-09-07","2023-09-07 09:30:00.000","688046.SH","药康生物","买入","451","16.48","7432.48","--","5","普通成交"
"2023-09-07","2023-09-07 09:30:00.000","605168.SH","三人行","买入","100","72.4","7240","--","5","普通成交"
"2023-09-07","2023-09-07 09:30:00.000","301117.SZ","佳缘科技","卖出","600","52.34","31404","2067.2 / 7.05%","40.83","普通成交"
"2023-09-07","2023-09-07 09:30:00.000","300781.SZ","因赛集团","买入","100","21.73","2173","--","5","普通成交"
"2023-09-06","2023-09-06 09:30:00.000","688046.SH","药康生物","买入","603","16.62","10021.86","--","5","普通成交"
"2023-09-06","2023-09-06 09:30:00.000","605168.SH","三人行","买入","200","73.7","14740","--","5","普通成交"
"2023-09-06","2023-09-06 09:30:00.000","301117.SZ","佳缘科技","卖出","200","49.03","9806","27.07 / 0.28%","14.81","普通成交"
"2023-09-06","2023-09-06 09:30:00.000","300781.SZ","因赛集团","买入","200","21.53","4306","--","5","普通成交"
"2023-09-06","2023-09-06 09:30:00.000","002990.SZ","盛视科技","卖出","400","31.78","12712","232.26 / 1.86%","17.71","普通成交"
"2023-09-05","2023-09-05 09:30:00.000","688767.SH","博拓生物","买入","420","28.71","12058.2","--","5","普通成交"
"2023-09-05","2023-09-05 09:30:00.000","688046.SH","药康生物","卖出","1000","16.89","16890","235.01 / 1.41%","21.96","普通成交"
"2023-09-05","2023-09-05 09:30:00.000","300781.SZ","因赛集团","卖出","200","21.84","4368","28.7 / 0.66%","9.37","普通成交"
"2023-09-04","2023-09-04 09:30:00.000","688767.SH","博拓生物","买入","17371","29","503759","--","151.13","普通成交"
"2023-09-04","2023-09-04 09:30:00.000","688046.SH","药康生物","买入","43158","16.65","718580.7","--","215.57","普通成交"
"2023-09-04","2023-09-04 09:30:00.000","605168.SH","三人行","买入","6600","75.35","497310","--","149.19","普通成交"
"2023-09-04","2023-09-04 09:30:00.000","301117.SZ","佳缘科技","买入","11700","48.88","571896","--","171.57","普通成交"
"2023-09-04","2023-09-04 09:30:00.000","300781.SZ","因赛集团","买入","33000","21.69","715770","--","214.73","普通成交"
"2023-09-04","2023-09-04 09:30:00.000","002990.SZ","盛视科技","买入","20900","31.19","651871","--","195.56","普通成交"
"2023-08-29","2023-08-29 09:30:00.000","600403.SH","大有能源","卖出","124200","4.19","520398","3593.97 / 0.7%","676.52","普通成交"
"2023-08-29","2023-08-29 09:30:00.000","603113.SH","金能科技","卖出","84000","8.24","692160","-4031.41 / -0.58%","899.81","普通成交"
"2023-08-28","2023-08-28 09:30:00.000","688236.SH","春立医疗","卖出","25288","20.52","518909.76","-2550.52 / -0.49%","674.58","普通成交"
"2023-08-28","2023-08-28 09:30:00.000","688046.SH","药康生物","卖出","39313","17.5","687977.5","-77144.84 / -10.08%","894.37","普通成交"
"2023-08-28","2023-08-28 09:30:00.000","605168.SH","三人行","卖出","6100","75.87","462807","7265.91 / 1.6%","601.65","普通成交"
"2023-08-28","2023-08-28 09:30:00.000","603113.SH","金能科技","卖出","1100","8.16","8976","-140.79 / -1.54%","13.98","普通成交"
"2023-08-28","2023-08-28 09:30:00.000","600403.SH","大有能源","卖出","2100","4.23","8883","144.77 / 1.66%","13.88","普通成交"
"2023-08-28","2023-08-28 09:30:00.000","300781.SZ","因赛集团","卖出","34400","21.8","749920","-2441.55 / -0.32%","974.9","普通成交"
"2023-08-25","2023-08-25 09:30:00.000","605168.SH","三人行","卖出","200","74.32","14864","-71.77 / -0.48%","19.86","普通成交"
"2023-08-25","2023-08-25 09:30:00.000","600403.SH","大有能源","买入","1000","4.12","4120","--","5","普通成交"
"2023-08-25","2023-08-25 09:30:00.000","300781.SZ","因赛集团","卖出","200","21.52","4304","-70.2 / -1.6%","9.3","普通成交"
"2023-08-24","2023-08-24 09:30:00.000","688236.SH","春立医疗","买入","882","19.64","17322.48","--","5.2","普通成交"
"2023-08-24","2023-08-24 09:30:00.000","688046.SH","药康生物","买入","1388","17.6","24428.8","--","7.33","普通成交"
"2023-08-24","2023-08-24 09:30:00.000","605168.SH","三人行","卖出","300","73.88","22164","-239.66 / -1.07%","28.81","普通成交"
"2023-08-24","2023-08-24 09:30:00.000","603113.SH","金能科技","卖出","200","8.03","1606","-51.6 / -3.11%","6.61","普通成交"
"2023-08-24","2023-08-24 09:30:00.000","600403.SH","大有能源","卖出","2800","4.14","11592","-59.78 / -0.51%","16.59","普通成交"
"2023-08-24","2023-08-24 09:30:00.000","300781.SZ","因赛集团","卖出","300","21.55","6465","-96.29 / -1.47%","11.47","普通成交"
"2023-08-23","2023-08-23 09:30:00.000","688046.SH","药康生物","买入","751","18.4","13818.4","--","5","普通成交"
"2023-08-23","2023-08-23 09:30:00.000","605168.SH","三人行","卖出","100","70.5","7050","-417.89 / -5.6%","12.05","普通成交"
"2023-08-23","2023-08-23 09:30:00.000","603113.SH","金能科技","买入","700","7.98","5586","--","5","普通成交"
"2023-08-23","2023-08-23 09:30:00.000","600403.SH","大有能源","买入","600","4.12","2472","--","5","普通成交"
"2023-08-23","2023-08-23 09:30:00.000","300781.SZ","因赛集团","卖出","500","21.43","10715","-220.49 / -2.02%","15.72","普通成交"
"2023-08-22","2023-08-22 09:30:00.000","688236.SH","春立医疗","卖出","200","20.78","4156","24.78 / 0.6%","9.16","普通成交"
"2023-08-22","2023-08-22 09:30:00.000","688046.SH","药康生物","买入","399","18.67","7449.33","--","5","普通成交"
"2023-08-22","2023-08-22 09:30:00.000","603113.SH","金能科技","买入","300","8.08","2424","--","5","普通成交"
"2023-08-22","2023-08-22 09:30:00.000","600403.SH","大有能源","买入","300","4.16","1248","--","5","普通成交"
"2023-08-22","2023-08-22 09:30:00.000","300781.SZ","因赛集团","买入","200","21","4200","--","5","普通成交"
"2023-08-21","2023-08-21 09:30:00.000","688236.SH","春立医疗","买入","464","20.64","9576.96","--","5","普通成交"
"2023-08-21","2023-08-21 09:30:00.000","688046.SH","药康生物","卖出","1100","18.89","20779","-739.68 / -3.44%","27.01","普通成交"
"2023-08-21","2023-08-21 09:30:00.000","603113.SH","金能科技","卖出","300","8.07","2421","-66.35 / -2.67%","7.42","普通成交"
"2023-08-21","2023-08-21 09:30:00.000","600403.SH","大有能源","卖出","400","4.15","1660","-4.59 / -0.28%","6.66","普通成交"
"2023-08-21","2023-08-21 09:30:00.000","300781.SZ","因赛集团","买入","300","21.18","6354","--","5","普通成交"
"2023-08-18","2023-08-18 09:30:00.000","688046.SH","药康生物","卖出","300","18.99","5697","-171.73 / -2.93%","10.7","普通成交"
"2023-08-18","2023-08-18 09:30:00.000","603113.SH","金能科技","买入","1100","8.13","8943","--","5","普通成交"
"2023-08-18","2023-08-18 09:30:00.000","300781.SZ","因赛集团","卖出","100","21.38","2138","-50.16 / -2.29%","7.14","普通成交"
"2023-08-17","2023-08-17 09:30:00.000","605168.SH","三人行","卖出","100","71.61","7161","-306.89 / -4.11%","12.16","普通成交"
"2023-08-17","2023-08-17 09:30:00.000","600403.SH","大有能源","买入","200","4.19","838","--","5","普通成交"
"2023-08-17","2023-08-17 09:30:00.000","300781.SZ","因赛集团","买入","900","20.93","18837","--","5.65","普通成交"
"2023-08-16","2023-08-16 09:30:00.000","688236.SH","春立医疗","卖出","700","21.04","14728","268.66 / 1.86%","19.73","普通成交"
"2023-08-16","2023-08-16 09:30:00.000","688046.SH","药康生物","卖出","200","18.89","3778","-134.49 / -3.44%","8.78","普通成交"
"2023-08-16","2023-08-16 09:30:00.000","605168.SH","三人行","买入","400","68.68","27472","--","8.24","普通成交"
"2023-08-16","2023-08-16 09:30:00.000","603113.SH","金能科技","卖出","1700","8.31","14127","28.5 / 0.2%","19.13","普通成交"
"2023-08-16","2023-08-16 09:30:00.000","600403.SH","大有能源","卖出","3600","4.18","15048","67.01 / 0.45%","20.05","普通成交"
"2023-08-15","2023-08-15 09:30:00.000","688046.SH","药康生物","买入","1074","19.09","20502.66","--","6.15","普通成交"
"2023-08-15","2023-08-15 09:30:00.000","603113.SH","金能科技","买入","500","8.41","4205","--","5","普通成交"
"2023-08-15","2023-08-15 09:30:00.000","600403.SH","大有能源","买入","1500","4.17","6255","--","5","普通成交"
"2023-08-15","2023-08-15 09:30:00.000","300781.SZ","因赛集团","卖出","300","22.56","6768","196.03 / 2.98%","11.77","普通成交"
"2023-08-14","2023-08-14 09:30:00.000","688236.SH","春立医疗","买入","24842","20.65","512987.3","--","153.9","普通成交"
"2023-08-14","2023-08-14 09:30:00.000","688046.SH","药康生物","买入","37301","19.57","729980.57","--","218.99","普通成交"
"2023-08-14","2023-08-14 09:30:00.000","605168.SH","三人行","买入","6400","75.03","480192","--","144.06","普通成交"
"2023-08-14","2023-08-14 09:30:00.000","603113.SH","金能科技","买入","84700","8.29","702163","--","210.65","普通成交"
"2023-08-14","2023-08-14 09:30:00.000","600403.SH","大有能源","买入","129500","4.16","538720","--","161.62","普通成交"
"2023-08-14","2023-08-14 09:30:00.000","300781.SZ","因赛集团","买入","34400","21.9","753360","--","226.01","普通成交"
"2023-06-06","2023-06-06 09:30:00.000","603602.SH","纵横通信","卖出","50500","12.87","649935","32167.08 / 5.21%","844.92","普通成交"
"2023-06-06","2023-06-06 09:30:00.000","600355.SH","精伦电子","卖出","180300","3.34","602202","22759.61 / 3.93%","782.86","普通成交"
"2023-06-06","2023-06-06 09:30:00.000","688296.SH","和达科技","卖出","28316","18.31","518465.96","30333.93 / 6.21%","674.01","普通成交"
"2023-06-06","2023-06-06 09:30:00.000","300061.SZ","旗天科技","卖出","93900","6.87","645093","30001.06 / 4.88%","838.62","普通成交"
"2023-06-06","2023-06-06 09:30:00.000","301102.SZ","兆讯传媒","卖出","17400","34.93","607782","26227.66 / 4.51%","790.12","普通成交"
"2023-06-06","2023-06-06 09:30:00.000","301117.SZ","佳缘科技","卖出","11200","63.8","714560","12435.39 / 1.77%","928.93","普通成交"
"2023-06-05","2023-06-05 09:30:00.000","688296.SH","和达科技","卖出","500","18.39","9195","575.63 / 6.68%","14.2","普通成交"
"2023-06-05","2023-06-05 09:30:00.000","600355.SH","精伦电子","买入","1100","3.31","3641","--","5","普通成交"
"2023-06-05","2023-06-05 09:30:00.000","300061.SZ","旗天科技","买入","700","6.85","4795","--","5","普通成交"
"2023-06-02","2023-06-02 09:30:00.000","600355.SH","精伦电子","卖出","300","3.33","999","35.06 / 3.64%","6","普通成交"
"2023-06-02","2023-06-02 09:30:00.000","301102.SZ","兆讯传媒","买入","100","34.58","3458","--","5","普通成交"
"2023-06-02","2023-06-02 09:30:00.000","300061.SZ","旗天科技","卖出","200","6.95","1390","80.36 / 6.14%","6.39","普通成交"
"2023-06-02","2023-06-02 00:00:00.000","301117.SZ","佳缘科技","卖出","0","65.05","1344","--","336","除权除息"
"2023-06-01","2023-06-01 09:30:00.000","603602.SH","纵横通信","卖出","400","12.6","5040","146.79 / 3.0%","10.04","普通成交"
"2023-06-01","2023-06-01 09:30:00.000","600355.SH","精伦电子","卖出","1000","3.28","3280","66.85 / 2.08%","8.28","普通成交"
"2023-06-01","2023-06-01 09:30:00.000","300061.SZ","旗天科技","买入","500","6.77","3385","--","5","普通成交"
"2023-05-31","2023-05-31 09:30:00.000","688296.SH","和达科技","买入","268","17.6","4716.8","--","5","普通成交"
"2023-05-31","2023-05-31 09:30:00.000","603602.SH","纵横通信","买入","900","12.52","11268","--","5","普通成交"
"2023-05-31","2023-05-31 09:30:00.000","600355.SH","精伦电子","买入","2000","3.29","6580","--","5","普通成交"
"2023-05-31","2023-05-31 09:30:00.000","301117.SZ","佳缘科技","买入","400","64.4","25760","--","7.73","普通成交"
"2023-05-31","2023-05-31 09:30:00.000","301102.SZ","兆讯传媒","买入","100","34.34","3434","--","5","普通成交"
"2023-05-31","2023-05-31 09:30:00.000","300061.SZ","旗天科技","卖出","4400","6.8","29920","1113.42 / 3.87%","38.9","普通成交"
"2023-05-30","2023-05-30 09:30:00.000","688296.SH","和达科技","买入","28548","17.23","491882.04","--","147.56","普通成交"
"2023-05-30","2023-05-30 09:30:00.000","603602.SH","纵横通信","买入","100","12.45","1245","--","5","普通成交"
"2023-05-30","2023-05-30 09:30:00.000","600355.SH","精伦电子","买入","4500","3.21","14445","--","5","普通成交"
"2023-05-30","2023-05-30 09:30:00.000","301117.SZ","佳缘科技","买入","1900","64.18","121942","--","36.58","普通成交"
"2023-05-30","2023-05-30 09:30:00.000","301102.SZ","兆讯传媒","买入","17200","33.4","574480","--","172.34","普通成交"
"2023-05-30","2023-05-30 09:30:00.000","300061.SZ","旗天科技","买入","15900","6.46","102714","--","30.81","普通成交"
"2023-05-30","2023-05-30 09:30:00.000","600052.SH","东望时代","卖出","149100","4.45","663495","-55398.45 / -7.71%","862.54","普通成交"
"2023-05-30","2023-05-30 09:30:00.000","603990.SH","麦迪科技","卖出","33700","19.88","669956","102458.99 / 18.05%","870.94","普通成交"
"2023-05-29","2023-05-29 09:30:00.000","603990.SH","麦迪科技","买入","400","19.42","7768","--","5","普通成交"
"2023-05-29","2023-05-29 09:30:00.000","603602.SH","纵横通信","卖出","700","12.42","8694","134.95 / 1.58%","13.69","普通成交"
"2023-05-29","2023-05-29 09:30:00.000","600052.SH","东望时代","买入","100","4.58","458","--","5","普通成交"
"2023-05-29","2023-05-29 09:30:00.000","300061.SZ","旗天科技","买入","1800","6.42","11556","--","5","普通成交"
"2023-05-26","2023-05-26 09:30:00.000","603990.SH","麦迪科技","卖出","600","19.46","11676","1590.88 / 15.77%","16.68","普通成交"
"2023-05-26","2023-05-26 09:30:00.000","603602.SH","纵横通信","买入","100","12.24","1224","--","5","普通成交"
"2023-05-26","2023-05-26 09:30:00.000","600355.SH","精伦电子","卖出","500","3.22","1610","3.85 / 0.24%","6.61","普通成交"
"2023-05-26","2023-05-26 09:30:00.000","600052.SH","东望时代","买入","700","4.51","3157","--","5","普通成交"
"2023-05-26","2023-05-26 09:30:00.000","301117.SZ","佳缘科技","买入","100","59","5900","--","5","普通成交"
"2023-05-26","2023-05-26 09:30:00.000","300061.SZ","旗天科技","买入","1000","6.32","6320","--","5","普通成交"
"2023-05-25","2023-05-25 09:30:00.000","603990.SH","麦迪科技","卖出","800","19.28","15424","1977.18 / 14.7%","20.42","普通成交"
"2023-05-25","2023-05-25 09:30:00.000","600355.SH","精伦电子","买入","800","3.23","2584","--","5","普通成交"
"2023-05-25","2023-05-25 09:30:00.000","600052.SH","东望时代","买入","1400","4.59","6426","--","5","普通成交"
"2023-05-25","2023-05-25 09:30:00.000","300061.SZ","旗天科技","买入","1100","6.42","7062","--","5","普通成交"
"2023-05-24","2023-05-24 09:30:00.000","603990.SH","麦迪科技","卖出","800","18.72","14976","1529.18 / 11.37%","19.98","普通成交"
"2023-05-24","2023-05-24 09:30:00.000","603602.SH","纵横通信","买入","1100","12.16","13376","--","5","普通成交"
"2023-05-24","2023-05-24 09:30:00.000","600355.SH","精伦电子","买入","1200","3.21","3852","--","5","普通成交"
"2023-05-24","2023-05-24 09:30:00.000","600052.SH","东望时代","买入","700","4.61","3227","--","5","普通成交"
"2023-05-24","2023-05-24 09:30:00.000","300061.SZ","旗天科技","买入","200","6.51","1302","--","5","普通成交"
"2023-05-23","2023-05-23 09:30:00.000","603990.SH","麦迪科技","卖出","1200","18.44","22128","1957.77 / 9.71%","28.77","普通成交"
"2023-05-23","2023-05-23 09:30:00.000","603602.SH","纵横通信","买入","36900","12.24","451656","--","135.5","普通成交"
"2023-05-23","2023-05-23 09:30:00.000","600355.SH","精伦电子","卖出","900","3.27","2943","52.05 / 1.8%","7.94","普通成交"
"2023-05-23","2023-05-23 09:30:00.000","600052.SH","东望时代","买入","800","4.65","3720","--","5","普通成交"
"2023-05-23","2023-05-23 09:30:00.000","301117.SZ","佳缘科技","买入","700","60.99","42693","--","12.81","普通成交"
"2023-05-23","2023-05-23 09:30:00.000","300061.SZ","旗天科技","买入","74000","6.57","486180","--","145.85","普通成交"
"2023-05-23","2023-05-23 09:30:00.000","603729.SH","龙韵股份","卖出","24700","14.41","355927","-8399.53 / -2.31%","462.71","普通成交"
"2023-05-23","2023-05-23 09:30:00.000","300698.SZ","万马科技","卖出","24000","25.07","601680","69200.31 / 13.0%","782.18","普通成交"
"2023-05-22","2023-05-22 09:30:00.000","603990.SH","麦迪科技","卖出","1300","17.98","23374","1522.91 / 6.97%","30.39","普通成交"
"2023-05-22","2023-05-22 09:30:00.000","603729.SH","龙韵股份","卖出","100","14.81","1481","5.99 / 0.41%","6.48","普通成交"
"2023-05-22","2023-05-22 09:30:00.000","603602.SH","纵横通信","买入","12500","12.18","152250","--","45.68","普通成交"
"2023-05-22","2023-05-22 09:30:00.000","600355.SH","精伦电子","卖出","7100","3.24","23004","197.62 / 0.87%","29.91","普通成交"
"2023-05-22","2023-05-22 09:30:00.000","600052.SH","东望时代","卖出","27000","4.73","127710","-2625.43 / -2.01%","166.02","普通成交"
"2023-05-22","2023-05-22 09:30:00.000","300698.SZ","万马科技","卖出","100","25.17","2517","298.33 / 13.45%","7.52","普通成交"
"2023-05-22","2023-05-22 09:30:00.000","300061.SZ","旗天科技","买入","3300","6.57","21681","--","6.5","普通成交"
"2023-05-19","2023-05-19 09:30:00.000","603990.SH","麦迪科技","卖出","600","18.2","10920","834.88 / 8.28%","15.92","普通成交"
"2023-05-19","2023-05-19 09:30:00.000","603729.SH","龙韵股份","买入","300","14.71","4413","--","5","普通成交"
"2023-05-19","2023-05-19 09:30:00.000","600355.SH","精伦电子","卖出","4800","3.24","15552","133.6 / 0.87%","20.55","普通成交"
"2023-05-19","2023-05-19 09:30:00.000","301117.SZ","佳缘科技","买入","100","63","6300","--","5","普通成交"
"2023-05-18","2023-05-18 09:30:00.000","603990.SH","麦迪科技","卖出","300","17.75","5325","282.44 / 5.6%","10.33","普通成交"
"2023-05-18","2023-05-18 09:30:00.000","603729.SH","龙韵股份","买入","1500","14.83","22245","--","6.67","普通成交"
"2023-05-18","2023-05-18 09:30:00.000","600355.SH","精伦电子","买入","2300","3.15","7245","--","5","普通成交"
"2023-05-18","2023-05-18 09:30:00.000","600052.SH","东望时代","买入","6300","4.81","30303","--","9.09","普通成交"
"2023-05-18","2023-05-18 09:30:00.000","301117.SZ","佳缘科技","买入","200","62.47","12494","--","5","普通成交"
"2023-05-18","2023-05-18 09:30:00.000","300698.SZ","万马科技","卖出","2000","25.46","50920","6546.69 / 14.75%","66.2","普通成交"
"2023-05-17","2023-05-17 09:30:00.000","603990.SH","麦迪科技","卖出","1300","16.96","22048","196.91 / 0.9%","28.66","普通成交"
"2023-05-17","2023-05-17 09:30:00.000","600355.SH","精伦电子","卖出","200","3.12","624","-18.58 / -2.89%","5.62","普通成交"
"2023-05-17","2023-05-17 09:30:00.000","600052.SH","东望时代","买入","4100","4.78","19598","--","5.88","普通成交"
"2023-05-17","2023-05-17 09:30:00.000","300698.SZ","万马科技","卖出","100","22.41","2241","22.33 / 1.01%","7.24","普通成交"
"2023-05-16","2023-05-16 09:30:00.000","603990.SH","麦迪科技","卖出","1000","16.59","16590","-218.53 / -1.3%","21.59","普通成交"
"2023-05-16","2023-05-16 09:30:00.000","600355.SH","精伦电子","买入","12700","3.14","39878","--","11.96","普通成交"
"2023-05-16","2023-05-16 09:30:00.000","600052.SH","东望时代","买入","2900","4.98","14442","--","5","普通成交"
"2023-05-16","2023-05-16 09:30:00.000","301117.SZ","佳缘科技","买入","7800","62.62","488436","--","146.53","普通成交"
"2023-05-16","2023-05-16 09:30:00.000","300698.SZ","万马科技","买入","26200","22.18","581116","--","174.33","普通成交"
"2023-05-16","2023-05-16 09:30:00.000","603421.SH","鼎信通讯","卖出","72000","8.83","635760","-14792.25 / -2.27%","826.49","普通成交"
"2023-05-16","2023-05-16 09:30:00.000","688296.SH","和达科技","卖出","23935","16.85","403304.75","-5860.58 / -1.43%","524.3","普通成交"
"2023-05-15","2023-05-15 09:30:00.000","603990.SH","麦迪科技","卖出","5400","16.16","87264","-3502.06 / -3.86%","113.44","普通成交"
"2023-05-15","2023-05-15 09:30:00.000","600052.SH","东望时代","买入","400","5.05","2020","--","5","普通成交"
"2023-05-12","2023-05-12 09:30:00.000","603990.SH","麦迪科技","买入","900","16.54","14886","--","5","普通成交"
"2023-05-12","2023-05-12 09:30:00.000","603729.SH","龙韵股份","卖出","300","15.67","4701","277.54 / 6.27%","9.7","普通成交"
"2023-05-12","2023-05-12 09:30:00.000","603421.SH","鼎信通讯","买入","1500","8.87","13305","--","5","普通成交"
"2023-05-12","2023-05-12 09:30:00.000","600355.SH","精伦电子","买入","3400","3.15","10710","--","5","普通成交"
"2023-05-12","2023-05-12 09:30:00.000","600052.SH","东望时代","卖出","2200","5.08","11176","559.61 / 5.27%","16.18","普通成交"
"2023-05-11","2023-05-11 09:30:00.000","603990.SH","麦迪科技","买入","400","16.65","6660","--","5","普通成交"
"2023-05-11","2023-05-11 09:30:00.000","603729.SH","龙韵股份","卖出","1900","16.71","31749","3733.76 / 13.33%","41.27","普通成交"
"2023-05-10","2023-05-10 09:30:00.000","688296.SH","和达科技","买入","393","16.45","6464.85","--","5","普通成交"
"2023-05-10","2023-05-10 09:30:00.000","603990.SH","麦迪科技","卖出","100","16.58","1658","-23.5 / -1.4%","6.66","普通成交"
"2023-05-10","2023-05-10 09:30:00.000","603729.SH","龙韵股份","买入","300","14.28","4284","--","5","普通成交"
"2023-05-10","2023-05-10 09:30:00.000","603421.SH","鼎信通讯","买入","500","8.81","4405","--","5","普通成交"
"2023-05-10","2023-05-10 09:30:00.000","600355.SH","精伦电子","买入","300","3.11","933","--","5","普通成交"
"2023-05-10","2023-05-10 09:30:00.000","600052.SH","东望时代","卖出","100","4.91","491","8.44 / 1.75%","5.49","普通成交"
"2023-05-09","2023-05-09 09:30:00.000","688296.SH","和达科技","买入","20518","17.09","350652.62","--","105.2","普通成交"
"2023-05-09","2023-05-09 09:30:00.000","603990.SH","麦迪科技","买入","45400","16.81","763174","--","228.95","普通成交"
"2023-05-09","2023-05-09 09:30:00.000","603729.SH","龙韵股份","买入","800","14.92","11936","--","5","普通成交"
"2023-05-09","2023-05-09 09:30:00.000","603421.SH","鼎信通讯","买入","200","8.99","1798","--","5","普通成交"
"2023-05-09","2023-05-09 09:30:00.000","600355.SH","精伦电子","买入","6600","3.19","21054","--","6.32","普通成交"
"2023-05-09","2023-05-09 09:30:00.000","600052.SH","东望时代","买入","2100","4.98","10458","--","5","普通成交"
"2023-05-09","2023-05-09 09:30:00.000","688288.SH","鸿泉物联","卖出","27738","23.05","639360.9","-1714.36 / -0.27%","831.17","普通成交"
"2023-05-09","2023-05-09 09:30:00.000","300155.SZ","安居宝","卖出","111600","4.8","535680","-56671.24 / -9.57%","696.38","普通成交"
"2023-05-08","2023-05-08 09:30:00.000","688296.SH","和达科技","买入","3024","17.17","51922.08","--","15.58","普通成交"
"2023-05-08","2023-05-08 09:30:00.000","688288.SH","鸿泉物联","卖出","2300","22.62","52026","-1131.15 / -2.13%","67.63","普通成交"
"2023-05-08","2023-05-08 09:30:00.000","600355.SH","精伦电子","买入","100","3.22","322","--","5","普通成交"
"2023-05-08","2023-05-08 09:30:00.000","300155.SZ","安居宝","买入","900","4.79","4311","--","5","普通成交"
"2023-05-05","2023-05-05 09:30:00.000","603729.SH","龙韵股份","买入","24100","14.74","355234","--","106.57","普通成交"
"2023-05-05","2023-05-05 09:30:00.000","603421.SH","鼎信通讯","买入","67700","9.03","611331","--","183.4","普通成交"
"2023-05-05","2023-05-05 09:30:00.000","600355.SH","精伦电子","买入","160100","3.22","515522","--","154.66","普通成交"
"2023-05-05","2023-05-05 09:30:00.000","600052.SH","东望时代","买入","51000","4.97","253470","--","76.04","普通成交"
"2023-05-05","2023-05-05 09:30:00.000","300155.SZ","安居宝","卖出","100","4.79","479","-52.2 / -9.83%","5.48","普通成交"
"2023-05-05","2023-05-05 09:30:00.000","300698.SZ","万马科技","卖出","22800","25.07","571596","-30048.44 / -4.99%","743.07","普通成交"
"2023-05-05","2023-05-05 09:30:00.000","688159.SH","有方科技","卖出","22812","20.71","472436.52","-25018.0 / -5.03%","614.17","普通成交"
"2023-05-05","2023-05-05 09:30:00.000","600551.SH","时代出版","卖出","46800","14.59","682812","120149.54 / 21.35%","887.66","普通成交"
"2023-05-04","2023-05-04 09:30:00.000","688288.SH","鸿泉物联","买入","509","20.35","10358.15","--","5","普通成交"
"2023-05-04","2023-05-04 09:30:00.000","688159.SH","有方科技","卖出","1200","21.57","25884","-284.04 / -1.09%","33.65","普通成交"
"2023-05-04","2023-05-04 09:30:00.000","603421.SH","鼎信通讯","买入","2100","9.29","19509","--","5.85","普通成交"
"2023-05-04","2023-05-04 09:30:00.000","600551.SH","时代出版","卖出","1500","13.18","19770","1735.95 / 9.63%","25.7","普通成交"
"2023-04-28","2023-04-28 09:30:00.000","688288.SH","鸿泉物联","买入","526","19.41","10209.66","--","5","普通成交"
"2023-04-28","2023-04-28 09:30:00.000","600551.SH","时代出版","卖出","400","12.22","4888","78.92 / 1.64%","9.89","普通成交"
"2023-04-28","2023-04-28 09:30:00.000","600052.SH","东望时代","买入","4000","4.55","18200","--","5.46","普通成交"
"2023-04-28","2023-04-28 09:30:00.000","300698.SZ","万马科技","卖出","900","26.21","23589","-160.12 / -0.67%","30.67","普通成交"
"2023-04-27","2023-04-27 09:30:00.000","688288.SH","鸿泉物联","买入","256","19.41","4968.96","--","5","普通成交"
"2023-04-27","2023-04-27 09:30:00.000","688159.SH","有方科技","买入","671","19.45","13050.95","--","5","普通成交"
"2023-04-27","2023-04-27 09:30:00.000","600551.SH","时代出版","卖出","900","11.94","10746","-74.43 / -0.69%","15.75","普通成交"
"2023-04-27","2023-04-27 09:30:00.000","600052.SH","东望时代","卖出","500","4.61","2305","-75.71 / -3.18%","7.31","普通成交"
"2023-04-27","2023-04-27 09:30:00.000","300698.SZ","万马科技","卖出","200","25.01","5002","-275.58 / -5.22%","10","普通成交"
"2023-04-26","2023-04-26 09:30:00.000","688288.SH","鸿泉物联","买入","430","19.85","8535.5","--","5","普通成交"
"2023-04-26","2023-04-26 09:30:00.000","688159.SH","有方科技","买入","340","20.1","6834","--","5","普通成交"
"2023-04-26","2023-04-26 09:30:00.000","600551.SH","时代出版","卖出","200","11.7","2340","-64.54 / -2.68%","7.34","普通成交"
"2023-04-26","2023-04-26 09:30:00.000","600052.SH","东望时代","卖出","600","4.68","2808","-48.86 / -1.71%","7.81","普通成交"
"2023-04-26","2023-04-26 09:30:00.000","300698.SZ","万马科技","卖出","200","24.6","4920","-357.58 / -6.78%","9.92","普通成交"
"2023-04-26","2023-04-26 09:30:00.000","300155.SZ","安居宝","卖出","1200","4.46","5352","-1022.37 / -16.04%","10.35","普通成交"
"2023-04-25","2023-04-25 09:30:00.000","688159.SH","有方科技","买入","290","20.41","5918.9","--","5","普通成交"
"2023-04-25","2023-04-25 09:30:00.000","600551.SH","时代出版","买入","1500","11.99","17985","--","5.4","普通成交"
"2023-04-25","2023-04-25 09:30:00.000","600052.SH","东望时代","买入","105000","4.76","499800","--","149.94","普通成交"
"2023-04-25","2023-04-25 09:30:00.000","300698.SZ","万马科技","卖出","300","25.57","7671","-245.37 / -3.1%","12.67","普通成交"
"2023-04-25","2023-04-25 09:30:00.000","300155.SZ","安居宝","买入","9300","4.58","42594","--","12.78","普通成交"
"2023-04-25","2023-04-25 09:30:00.000","605577.SH","龙版传媒","卖出","46000","12","552000","23935.39 / 4.53%","717.6","普通成交"
"2023-04-24","2023-04-24 09:30:00.000","688288.SH","鸿泉物联","卖出","200","20.35","4070","-592.5 / -12.71%","9.07","普通成交"
"2023-04-24","2023-04-24 09:30:00.000","688159.SH","有方科技","买入","452","21.01","9496.52","--","5","普通成交"
"2023-04-24","2023-04-24 09:30:00.000","605577.SH","龙版传媒","卖出","1100","11.68","12848","220.37 / 1.75%","17.85","普通成交"
"2023-04-24","2023-04-24 09:30:00.000","300155.SZ","安居宝","买入","1800","4.67","8406","--","5","普通成交"
"2023-04-21","2023-04-21 09:30:00.000","688288.SH","鸿泉物联","买入","605","22.59","13666.95","--","5","普通成交"
"2023-04-21","2023-04-21 09:30:00.000","688159.SH","有方科技","卖出","400","22.7","9080","305.08 / 3.48%","14.08","普通成交"
"2023-04-21","2023-04-21 09:30:00.000","605577.SH","龙版传媒","卖出","500","11.8","5900","160.17 / 2.79%","10.9","普通成交"
"2023-04-21","2023-04-21 09:30:00.000","600551.SH","时代出版","卖出","600","12","7200","-14.16 / -0.2%","12.2","普通成交"
"2023-04-21","2023-04-21 09:30:00.000","300155.SZ","安居宝","买入","3300","5","16500","--","5","普通成交"
"2023-04-20","2023-04-20 09:30:00.000","688288.SH","鸿泉物联","买入","538","22.86","12298.68","--","5","普通成交"
"2023-04-20","2023-04-20 09:30:00.000","688159.SH","有方科技","买入","530","21.54","11416.2","--","5","普通成交"
"2023-04-20","2023-04-20 09:30:00.000","605577.SH","龙版传媒","卖出","3300","12.15","40095","2212.1 / 5.84%","52.12","普通成交"
"2023-04-20","2023-04-20 09:30:00.000","300155.SZ","安居宝","买入","2600","5.13","13338","--","5","普通成交"
"2023-04-19","2023-04-19 09:30:00.000","688159.SH","有方科技","卖出","600","22.09","13254","86.05 / 0.65%","18.25","普通成交"
"2023-04-19","2023-04-19 09:30:00.000","300155.SZ","安居宝","买入","100","5.07","507","--","5","普通成交"
"2023-04-18","2023-04-18 09:30:00.000","605577.SH","龙版传媒","买入","1300","10.95","14235","--","5","普通成交"
"2023-04-18","2023-04-18 09:30:00.000","600551.SH","时代出版","卖出","100","11.59","1159","-43.36 / -3.61%","6.16","普通成交"
"2023-04-18","2023-04-18 09:30:00.000","300698.SZ","万马科技","卖出","400","26.3","10520","-35.17 / -0.33%","15.52","普通成交"
"2023-04-17","2023-04-17 09:30:00.000","688288.SH","鸿泉物联","买入","27374","23.33","638635.42","--","191.59","普通成交"
"2023-04-17","2023-04-17 09:30:00.000","688159.SH","有方科技","买入","22729","21.94","498674.26","--","149.6","普通成交"
"2023-04-17","2023-04-17 09:30:00.000","605577.SH","龙版传媒","买入","49600","11.49","569904","--","170.97","普通成交"
"2023-04-17","2023-04-17 09:30:00.000","600551.SH","时代出版","买入","49000","12.02","588980","--","176.69","普通成交"
"2023-04-17","2023-04-17 09:30:00.000","300698.SZ","万马科技","买入","24800","26.38","654224","--","196.27","普通成交"
"2023-04-17","2023-04-17 09:30:00.000","300155.SZ","安居宝","买入","94900","5.41","513409","--","154.02","普通成交"
"2023-02-21","2023-02-21 09:30:00.000","600985.SH","淮北矿业","卖出","38400","13.85","531840","28977.13 / 5.76%","691.39","普通成交"
"2023-02-21","2023-02-21 09:30:00.000","600395.SH","盘江股份","卖出","91100","7.1","646810","8022.76 / 1.26%","840.85","普通成交"
"2023-02-21","2023-02-21 09:30:00.000","688660.SH","电气风电","卖出","84357","6.51","549164.07","-6071.5 / -1.09%","713.91","普通成交"
"2023-02-21","2023-02-21 09:30:00.000","603618.SH","杭电股份","卖出","104900","5.78","606322","-8400.25 / -1.37%","788.22","普通成交"
"2023-02-20","2023-02-20 09:30:00.000","688660.SH","电气风电","买入","1975","6.43","12699.25","--","5","普通成交"
"2023-02-20","2023-02-20 09:30:00.000","688636.SH","智明达","卖出","5988","117.66","704548.08","6137.82 / 0.88%","915.91","普通成交"
"2023-02-20","2023-02-20 09:30:00.000","688081.SH","兴图新科","卖出","18699","22.73","425028.27","-28788.06 / -6.34%","552.54","普通成交"
"2023-02-20","2023-02-20 09:30:00.000","603618.SH","杭电股份","买入","700","5.74","4018","--","5","普通成交"
"2023-02-20","2023-02-20 09:30:00.000","600985.SH","淮北矿业","卖出","1200","13.6","16320","605.54 / 3.85%","21.32","普通成交"
"2023-02-20","2023-02-20 09:30:00.000","600395.SH","盘江股份","卖出","400","6.95","2780","-24.77 / -0.88%","7.78","普通成交"
"2023-02-17","2023-02-17 09:30:00.000","688660.SH","电气风电","卖出","700","6.6","4620","10.11 / 0.22%","9.62","普通成交"
"2023-02-17","2023-02-17 09:30:00.000","603618.SH","杭电股份","买入","1100","5.77","6347","--","5","普通成交"
"2023-02-17","2023-02-17 09:30:00.000","600395.SH","盘江股份","卖出","1000","6.88","6880","-131.93 / -1.88%","11.88","普通成交"
"2023-02-16","2023-02-16 09:30:00.000","688660.SH","电气风电","买入","1977","6.73","13305.21","--","5","普通成交"
"2023-02-16","2023-02-16 09:30:00.000","688081.SH","兴图新科","卖出","600","24.94","14964","402.27 / 2.76%","19.96","普通成交"
"2023-02-16","2023-02-16 09:30:00.000","600985.SH","淮北矿业","买入","300","13.27","3981","--","5","普通成交"
"2023-02-16","2023-02-16 09:30:00.000","600395.SH","盘江股份","买入","1700","7","11900","--","5","普通成交"
"2023-02-15","2023-02-15 09:30:00.000","688660.SH","电气风电","卖出","2100","6.75","14175","352.85 / 2.55%","19.18","普通成交"
"2023-02-15","2023-02-15 09:30:00.000","603618.SH","杭电股份","卖出","300","5.9","1770","11.47 / 0.65%","6.77","普通成交"
"2023-02-14","2023-02-14 09:30:00.000","688081.SH","兴图新科","买入","218","23.57","5138.26","--","5","普通成交"
"2023-02-14","2023-02-14 09:30:00.000","603618.SH","杭电股份","卖出","200","5.89","1178","5.65 / 0.48%","6.18","普通成交"
"2023-02-14","2023-02-14 09:30:00.000","600985.SH","淮北矿业","卖出","300","13.26","3978","49.82 / 1.27%","8.98","普通成交"
"2023-02-13","2023-02-13 09:30:00.000","688660.SH","电气风电","买入","83205","6.58","547488.9","--","164.25","普通成交"
"2023-02-13","2023-02-13 09:30:00.000","688636.SH","智明达","买入","5988","116.6","698200.8","--","209.46","普通成交"
"2023-02-13","2023-02-13 09:30:00.000","688081.SH","兴图新科","买入","19081","24.27","463095.87","--","138.93","普通成交"
"2023-02-13","2023-02-13 09:30:00.000","603618.SH","杭电股份","买入","103600","5.86","607096","--","182.13","普通成交"
"2023-02-13","2023-02-13 09:30:00.000","600985.SH","淮北矿业","买入","39600","13.09","518364","--","155.51","普通成交"
"2023-02-13","2023-02-13 09:30:00.000","600395.SH","盘江股份","买入","90800","7.01","636508","--","190.95","普通成交"
"2023-02-07","2023-02-07 09:30:00.000","600982.SH","宁波能源","卖出","141000","4.45","627450","9534.27 / 1.54%","815.69","普通成交"
"2023-02-07","2023-02-07 09:30:00.000","600163.SH","中闽能源","卖出","98700","5.47","539889","4648.44 / 0.87%","701.86","普通成交"
"2023-02-06","2023-02-06 09:30:00.000","688636.SH","智明达","卖出","4295","116.67","501097.65","31728.13 / 6.76%","651.43","普通成交"
"2023-02-06","2023-02-06 09:30:00.000","600982.SH","宁波能源","买入","1800","4.42","7956","--","5","普通成交"
"2023-02-06","2023-02-06 09:30:00.000","600725.SH","云维股份","卖出","163000","3.36","547680","17726.56 / 3.34%","711.98","普通成交"
"2023-02-06","2023-02-06 09:30:00.000","600395.SH","盘江股份","卖出","87000","7","609000","-8842.48 / -1.43%","791.7","普通成交"
"2023-02-06","2023-02-06 09:30:00.000","600163.SH","中闽能源","买入","800","5.44","4352","--","5","普通成交"
"2023-02-06","2023-02-06 09:30:00.000","300177.SZ","中海达","卖出","97000","6.84","663480","25002.4 / 3.92%","862.52","普通成交"
"2023-02-03","2023-02-03 09:30:00.000","600725.SH","云维股份","买入","500","3.33","1665","--","5","普通成交"
"2023-02-03","2023-02-03 09:30:00.000","600395.SH","盘江股份","买入","400","7.11","2844","--","5","普通成交"
"2023-02-03","2023-02-03 09:30:00.000","600163.SH","中闽能源","买入","800","5.51","4408","--","5","普通成交"
"2023-02-03","2023-02-03 09:30:00.000","300177.SZ","中海达","卖出","800","6.79","5432","166.21 / 3.16%","10.43","普通成交"
"2023-02-02","2023-02-02 09:30:00.000","600982.SH","宁波能源","买入","900","4.46","4014","--","5","普通成交"
"2023-02-02","2023-02-02 09:30:00.000","600725.SH","云维股份","卖出","400","3.34","1336","35.61 / 2.74%","6.34","普通成交"
"2023-02-02","2023-02-02 09:30:00.000","600395.SH","盘江股份","买入","200","7.1","1420","--","5","普通成交"
"2023-02-02","2023-02-02 09:30:00.000","600163.SH","中闽能源","买入","200","5.55","1110","--","5","普通成交"
"2023-02-02","2023-02-02 09:30:00.000","300177.SZ","中海达","卖出","1100","6.76","7436","195.53 / 2.7%","12.44","普通成交"
"2023-02-01","2023-02-01 09:30:00.000","600982.SH","宁波能源","卖出","300","4.47","1341","26.61 / 2.02%","6.34","普通成交"
"2023-02-01","2023-02-01 09:30:00.000","600395.SH","盘江股份","买入","700","7.06","4942","--","5","普通成交"
"2023-02-01","2023-02-01 09:30:00.000","600163.SH","中闽能源","卖出","600","5.5","3300","47.02 / 1.45%","8.3","普通成交"
"2023-02-01","2023-02-01 09:30:00.000","300177.SZ","中海达","买入","1200","6.6","7920","--","5","普通成交"
"2023-01-31","2023-01-31 09:30:00.000","600982.SH","宁波能源","卖出","600","4.39","2634","5.21 / 0.2%","7.63","普通成交"
"2023-01-31","2023-01-31 09:30:00.000","600725.SH","云维股份","卖出","800","3.28","2624","23.22 / 0.89%","7.62","普通成交"
"2023-01-31","2023-01-31 09:30:00.000","600395.SH","盘江股份","买入","500","7.03","3515","--","5","普通成交"
"2023-01-31","2023-01-31 09:30:00.000","300177.SZ","中海达","卖出","1200","6.55","7860","-38.37 / -0.49%","12.86","普通成交"
"2023-01-30","2023-01-30 09:30:00.000","688636.SH","智明达","买入","4295","109.25","469228.75","--","140.77","普通成交"
"2023-01-30","2023-01-30 09:30:00.000","600982.SH","宁波能源","买入","139200","4.38","609696","--","182.91","普通成交"
"2023-01-30","2023-01-30 09:30:00.000","600725.SH","云维股份","买入","163700","3.25","532025","--","159.61","普通成交"
"2023-01-30","2023-01-30 09:30:00.000","600395.SH","盘江股份","买入","85200","7.1","604920","--","181.48","普通成交"
"2023-01-30","2023-01-30 09:30:00.000","600163.SH","中闽能源","买入","97500","5.42","528450","--","158.54","普通成交"
"2023-01-30","2023-01-30 09:30:00.000","300177.SZ","中海达","买入","98900","6.58","650762","--","195.23","普通成交"
"2023-01-04","2023-01-04 09:30:00.000","300164.SZ","通源石油","卖出","136500","4.03","550095","14838.06 / 2.77%","715.12","普通成交"
"2023-01-04","2023-01-04 09:30:00.000","300589.SZ","江龙船艇","卖出","54200","11.75","636850","85443.87 / 15.5%","827.91","普通成交"
"2023-01-04","2023-01-04 09:30:00.000","300722.SZ","新余国科","卖出","21000","26.22","550620","22311.55 / 4.22%","715.81","普通成交"
"2023-01-03","2023-01-03 09:30:00.000","601101.SH","昊华能源","卖出","76300","6.16","470008","1236.23 / 0.26%","611.01","普通成交"
"2023-01-03","2023-01-03 09:30:00.000","601015.SH","陕西黑猫","卖出","138200","4.54","627428","-215.54 / -0.03%","815.66","普通成交"
"2023-01-03","2023-01-03 09:30:00.000","300589.SZ","江龙船艇","卖出","300","10.56","3168","115.94 / 3.8%","8.17","普通成交"
"2023-01-03","2023-01-03 09:30:00.000","300191.SZ","潜能恒信","卖出","32600","17.25","562350","-4580.99 / -0.81%","731.06","普通成交"
"2023-01-03","2023-01-03 09:30:00.000","300164.SZ","通源石油","买入","200","3.96","792","--","5","普通成交"
"2022-12-30","2022-12-30 09:30:00.000","601101.SH","昊华能源","买入","900","6.2","5580","--","5","普通成交"
"2022-12-30","2022-12-30 09:30:00.000","601015.SH","陕西黑猫","买入","1300","4.52","5876","--","5","普通成交"
"2022-12-30","2022-12-30 09:30:00.000","300589.SZ","江龙船艇","卖出","500","10.42","5210","123.23 / 2.42%","10.21","普通成交"
"2022-12-30","2022-12-30 09:30:00.000","300191.SZ","潜能恒信","买入","400","17","6800","--","5","普通成交"
"2022-12-30","2022-12-30 09:30:00.000","300164.SZ","通源石油","卖出","1900","3.98","7562","111.71 / 1.5%","12.56","普通成交"
"2022-12-29","2022-12-29 09:30:00.000","601101.SH","昊华能源","卖出","200","6.3","1260","31.39 / 2.55%","6.26","普通成交"
"2022-12-29","2022-12-29 09:30:00.000","601015.SH","陕西黑猫","卖出","1100","4.6","5060","64.1 / 1.28%","10.06","普通成交"
"2022-12-29","2022-12-29 09:30:00.000","300589.SZ","江龙船艇","买入","600","10.21","6126","--","5","普通成交"
"2022-12-29","2022-12-29 09:30:00.000","300164.SZ","通源石油","买入","1100","3.92","4312","--","5","普通成交"
"2022-12-28","2022-12-28 09:30:00.000","601101.SH","昊华能源","卖出","1000","6.32","6320","176.94 / 2.88%","11.32","普通成交"
"2022-12-28","2022-12-28 09:30:00.000","601015.SH","陕西黑猫","卖出","900","4.6","4140","52.44 / 1.28%","9.14","普通成交"
"2022-12-27","2022-12-27 09:30:00.000","601101.SH","昊华能源","买入","900","6.24","5616","--","5","普通成交"
"2022-12-27","2022-12-27 09:30:00.000","601015.SH","陕西黑猫","买入","1600","4.57","7312","--","5","普通成交"
"2022-12-27","2022-12-27 09:30:00.000","300722.SZ","新余国科","卖出","300","25.84","7752","204.74 / 2.71%","12.75","普通成交"
"2022-12-27","2022-12-27 09:30:00.000","300589.SZ","江龙船艇","卖出","400","10.44","4176","106.78 / 2.62%","9.18","普通成交"
"2022-12-27","2022-12-27 09:30:00.000","300164.SZ","通源石油","卖出","200","4","800","15.76 / 2.01%","5.8","普通成交"
"2022-12-26","2022-12-26 09:30:00.000","601101.SH","昊华能源","买入","75700","6.14","464798","--","139.44","普通成交"
"2022-12-26","2022-12-26 09:30:00.000","601015.SH","陕西黑猫","买入","137300","4.54","623342","--","187","普通成交"
"2022-12-26","2022-12-26 09:30:00.000","300722.SZ","新余国科","买入","21300","25.15","535695","--","160.71","普通成交"
"2022-12-26","2022-12-26 09:30:00.000","300589.SZ","江龙船艇","买入","54800","10.17","557316","--","167.19","普通成交"
"2022-12-26","2022-12-26 09:30:00.000","300191.SZ","潜能恒信","买入","32200","17.39","559958","--","167.99","普通成交"
"2022-12-26","2022-12-26 09:30:00.000","300164.SZ","通源石油","买入","137300","3.92","538216","--","161.46","普通成交"
"2022-11-08","2022-11-08 09:30:00.000","300994.SZ","久祺股份","卖出","30600","20.68","632808","57674.76 / 10.03%","822.65","普通成交"
"2022-11-08","2022-11-08 09:30:00.000","688667.SH","菱电电控","卖出","4357","105","457485","52206.02 / 12.88%","594.73","普通成交"
"2022-11-07","2022-11-07 09:30:00.000","688667.SH","菱电电控","卖出","200","107.78","21556","2952.42 / 15.87%","28.02","普通成交"
"2022-11-07","2022-11-07 09:30:00.000","605337.SH","李子园","卖出","39000","18.7","729300","93292.07 / 14.67%","948.09","普通成交"
"2022-11-07","2022-11-07 09:30:00.000","605006.SH","山东玻纤","卖出","74500","8.8","655600","36658.48 / 5.92%","852.28","普通成交"
"2022-11-07","2022-11-07 09:30:00.000","603697.SH","有友食品","卖出","34200","10.53","360126","34124.47 / 10.47%","468.16","普通成交"
"2022-11-07","2022-11-07 09:30:00.000","300994.SZ","久祺股份","买入","100","20.72","2072","--","5","普通成交"
"2022-11-07","2022-11-07 09:30:00.000","300198.SZ","纳川股份","卖出","142500","2.99","426075","26332.16 / 6.59%","553.9","普通成交"
"2022-11-04","2022-11-04 09:30:00.000","605337.SH","李子园","卖出","200","18.22","3644","382.42 / 11.72%","8.64","普通成交"
"2022-11-04","2022-11-04 09:30:00.000","300198.SZ","纳川股份","买入","600","2.97","1782","--","5","普通成交"
"2022-11-03","2022-11-03 09:30:00.000","605337.SH","李子园","卖出","100","18","1800","169.21 / 10.38%","6.8","普通成交"
"2022-11-03","2022-11-03 09:30:00.000","605006.SH","山东玻纤","买入","900","8.55","7695","--","5","普通成交"
"2022-11-03","2022-11-03 09:30:00.000","603697.SH","有友食品","买入","400","10.31","4124","--","5","普通成交"
"2022-11-03","2022-11-03 09:30:00.000","300994.SZ","久祺股份","买入","200","19.9","3980","--","5","普通成交"
"2022-11-03","2022-11-03 09:30:00.000","300198.SZ","纳川股份","买入","2300","2.94","6762","--","5","普通成交"
"2022-11-02","2022-11-02 09:30:00.000","605337.SH","李子园","卖出","1300","17.5","22750","1549.74 / 7.31%","29.58","普通成交"
"2022-11-02","2022-11-02 09:30:00.000","605006.SH","山东玻纤","买入","700","8.55","5985","--","5","普通成交"
"2022-11-02","2022-11-02 09:30:00.000","603697.SH","有友食品","卖出","200","10.47","2094","189.43 / 9.95%","7.09","普通成交"
"2022-11-02","2022-11-02 09:30:00.000","300994.SZ","久祺股份","卖出","200","19.87","3974","217.75 / 5.8%","8.97","普通成交"
"2022-11-02","2022-11-02 09:30:00.000","300198.SZ","纳川股份","买入","1500","2.91","4365","--","5","普通成交"
"2022-11-01","2022-11-01 09:30:00.000","605337.SH","李子园","买入","200","16.89","3378","--","5","普通成交"
"2022-11-01","2022-11-01 09:30:00.000","603697.SH","有友食品","卖出","100","9.93","993","40.71 / 4.27%","5.99","普通成交"
"2022-11-01","2022-11-01 09:30:00.000","300994.SZ","久祺股份","买入","400","19.19","7676","--","5","普通成交"
"2022-11-01","2022-11-01 09:30:00.000","300198.SZ","纳川股份","买入","200","2.89","578","--","5","普通成交"
"2022-10-31","2022-10-31 09:30:00.000","688667.SH","菱电电控","买入","4557","92.99","423755.43","--","127.13","普通成交"
"2022-10-31","2022-10-31 09:30:00.000","605337.SH","李子园","买入","40400","16.3","658520","--","197.56","普通成交"
"2022-10-31","2022-10-31 09:30:00.000","605006.SH","山东玻纤","买入","72900","8.3","605070","--","181.52","普通成交"
"2022-10-31","2022-10-31 09:30:00.000","603697.SH","有友食品","买入","34100","9.52","324632","--","97.39","普通成交"
"2022-10-31","2022-10-31 09:30:00.000","300994.SZ","久祺股份","买入","30100","18.77","564977","--","169.49","普通成交"
"2022-10-31","2022-10-31 09:30:00.000","300198.SZ","纳川股份","买入","137900","2.8","386120","--","115.84","普通成交"
"2022-10-11","2022-10-11 09:30:00.000","000911.SZ","南宁糖业","卖出","58400","7.41","432744","-55765.92 / -11.42%","562.57","普通成交"
"2022-10-11","2022-10-11 09:30:00.000","300970.SZ","华绿生物","卖出","34600","15.95","551870","-64755.1 / -10.5%","717.43","普通成交"
"2022-10-10","2022-10-10 09:30:00.000","600881.SH","亚泰集团","卖出","340200","2.22","755244","-75163.08 / -9.05%","981.82","普通成交"
"2022-10-10","2022-10-10 09:30:00.000","600792.SH","云煤能源","卖出","128900","3.83","493687","3756.08 / 0.77%","641.79","普通成交"
"2022-10-10","2022-10-10 09:30:00.000","600575.SH","淮河能源","卖出","206800","2.49","514932","-4300.58 / -0.83%","669.41","普通成交"
"2022-10-10","2022-10-10 09:30:00.000","300970.SZ","华绿生物","买入","300","16.2","4860","--","5","普通成交"
"2022-10-10","2022-10-10 09:30:00.000","000911.SZ","南宁糖业","买入","700","7.44","5208","--","5","普通成交"
"2022-10-10","2022-10-10 09:30:00.000","000833.SZ","粤桂股份","卖出","37600","6.44","242144","-6659.51 / -2.68%","314.79","普通成交"
"2022-09-30","2022-09-30 09:30:00.000","600881.SH","亚泰集团","买入","5200","2.21","11492","--","5","普通成交"
"2022-09-30","2022-09-30 09:30:00.000","600792.SH","云煤能源","卖出","2200","3.7","8140","-221.89 / -2.65%","13.14","普通成交"
"2022-09-30","2022-09-30 09:30:00.000","600575.SH","淮河能源","卖出","1500","2.5","3750","-16.19 / -0.43%","8.75","普通成交"
"2022-09-30","2022-09-30 09:30:00.000","300970.SZ","华绿生物","卖出","100","16.19","1619","-164.56 / -9.23%","6.62","普通成交"
"2022-09-30","2022-09-30 09:30:00.000","000911.SZ","南宁糖业","买入","200","7.6","1520","--","5","普通成交"
"2022-09-30","2022-09-30 09:30:00.000","000833.SZ","粤桂股份","买入","500","6.48","3240","--","5","普通成交"
"2022-09-29","2022-09-29 09:30:00.000","600881.SH","亚泰集团","卖出","2200","2.28","5016","-361.92 / -6.73%","10.02","普通成交"
"2022-09-29","2022-09-29 09:30:00.000","600792.SH","云煤能源","买入","1300","3.76","4888","--","5","普通成交"
"2022-09-29","2022-09-29 09:30:00.000","300970.SZ","华绿生物","卖出","300","16.88","5064","-286.67 / -5.36%","10.06","普通成交"
"2022-09-28","2022-09-28 09:30:00.000","600881.SH","亚泰集团","买入","1300","2.29","2977","--","5","普通成交"
"2022-09-28","2022-09-28 09:30:00.000","600792.SH","云煤能源","买入","1500","3.8","5700","--","5","普通成交"
"2022-09-28","2022-09-28 09:30:00.000","600575.SH","淮河能源","买入","100","2.55","255","--","5","普通成交"
"2022-09-28","2022-09-28 09:30:00.000","300970.SZ","华绿生物","卖出","500","16.51","8255","-662.79 / -7.43%","13.26","普通成交"
"2022-09-28","2022-09-28 09:30:00.000","000833.SZ","粤桂股份","卖出","100","6.74","674","12.12 / 1.83%","5.67","普通成交"
"2022-09-27","2022-09-27 09:30:00.000","600881.SH","亚泰集团","买入","44200","2.26","99892","--","29.97","普通成交"
"2022-09-27","2022-09-27 09:30:00.000","600792.SH","云煤能源","买入","400","3.81","1524","--","5","普通成交"
"2022-09-27","2022-09-27 09:30:00.000","600575.SH","淮河能源","买入","208200","2.51","522582","--","156.77","普通成交"
"2022-09-27","2022-09-27 09:30:00.000","300970.SZ","华绿生物","买入","1600","16.17","25872","--","7.76","普通成交"
"2022-09-27","2022-09-27 09:30:00.000","000911.SZ","南宁糖业","买入","1200","7.77","9324","--","5","普通成交"
"2022-09-27","2022-09-27 09:30:00.000","000833.SZ","粤桂股份","买入","36000","6.61","237960","--","71.39","普通成交"
"2022-09-27","2022-09-27 09:30:00.000","600725.SH","云维股份","卖出","142600","3.59","511934","-10138.58 / -1.94%","665.51","普通成交"
"2022-09-27","2022-09-27 09:30:00.000","600676.SH","交运股份","卖出","104500","3.7","386650","-20992.56 / -5.15%","502.65","普通成交"
"2022-09-26","2022-09-26 09:30:00.000","600881.SH","亚泰集团","买入","6700","2.35","15745","--","5","普通成交"
"2022-09-26","2022-09-26 09:30:00.000","600792.SH","云煤能源","卖出","3600","3.99","14364","679.9 / 4.97%","19.36","普通成交"
"2022-09-26","2022-09-26 09:30:00.000","600676.SH","交运股份","卖出","400","3.78","1512","-48.35 / -3.1%","6.51","普通成交"
"2022-09-26","2022-09-26 09:30:00.000","000833.SZ","粤桂股份","买入","1200","6.82","8184","--","5","普通成交"
"2022-09-23","2022-09-23 09:30:00.000","600881.SH","亚泰集团","买入","2700","2.37","6399","--","5","普通成交"
"2022-09-23","2022-09-23 09:30:00.000","600792.SH","云煤能源","卖出","2600","4.11","10686","803.04 / 8.13%","15.69","普通成交"
"2022-09-23","2022-09-23 09:30:00.000","600725.SH","云维股份","卖出","1000","3.8","3800","138.9 / 3.79%","8.8","普通成交"
"2022-09-23","2022-09-23 09:30:00.000","600676.SH","交运股份","买入","400","3.84","1536","--","5","普通成交"
"2022-09-23","2022-09-23 09:30:00.000","000911.SZ","南宁糖业","买入","600","8.31","4986","--","5","普通成交"
"2022-09-22","2022-09-22 09:30:00.000","600881.SH","亚泰集团","买入","500","2.38","1190","--","5","普通成交"
"2022-09-22","2022-09-22 09:30:00.000","600725.SH","云维股份","卖出","1900","3.79","7201","244.91 / 3.52%","12.2","普通成交"
"2022-09-22","2022-09-22 09:30:00.000","000911.SZ","南宁糖业","买入","1300","8.38","10894","--","5","普通成交"
"2022-09-21","2022-09-21 09:30:00.000","600881.SH","亚泰集团","买入","5600","2.38","13328","--","5","普通成交"
"2022-09-21","2022-09-21 09:30:00.000","600792.SH","云煤能源","卖出","3800","4","15200","755.67 / 5.23%","20.2","普通成交"
"2022-09-21","2022-09-21 09:30:00.000","600725.SH","云维股份","卖出","300","3.73","1119","20.67 / 1.88%","6.12","普通成交"
"2022-09-21","2022-09-21 09:30:00.000","600676.SH","交运股份","买入","300","3.85","1155","--","5","普通成交"
"2022-09-21","2022-09-21 09:30:00.000","300970.SZ","华绿生物","卖出","500","18.47","9235","277.67 / 3.1%","14.24","普通成交"
"2022-09-20","2022-09-20 09:30:00.000","600881.SH","亚泰集团","买入","6000","2.4","14400","--","5","普通成交"
"2022-09-20","2022-09-20 09:30:00.000","600792.SH","云煤能源","卖出","1000","3.85","3850","48.86 / 1.29%","8.85","普通成交"
"2022-09-20","2022-09-20 09:30:00.000","600725.SH","云维股份","卖出","900","3.63","3267","-27.99 / -0.85%","8.27","普通成交"
"2022-09-20","2022-09-20 09:30:00.000","600676.SH","交运股份","卖出","100","3.81","381","-9.12 / -2.34%","5.38","普通成交"
"2022-09-20","2022-09-20 09:30:00.000","300970.SZ","华绿生物","买入","100","17.62","1762","--","5","普通成交"
"2022-09-20","2022-09-20 09:30:00.000","000911.SZ","南宁糖业","卖出","400","8.45","3380","22.99 / 0.68%","8.38","普通成交"
"2022-09-19","2022-09-19 09:30:00.000","600881.SH","亚泰集团","买入","270200","2.48","670096","--","201.03","普通成交"
"2022-09-19","2022-09-19 09:30:00.000","600792.SH","云煤能源","买入","138900","3.8","527820","--","158.35","普通成交"
"2022-09-19","2022-09-19 09:30:00.000","600725.SH","云维股份","买入","146700","3.66","536922","--","161.08","普通成交"
"2022-09-19","2022-09-19 09:30:00.000","600676.SH","交运股份","买入","104300","3.9","406770","--","122.03","普通成交"
"2022-09-19","2022-09-19 09:30:00.000","300970.SZ","华绿生物","买入","34000","17.91","608940","--","182.68","普通成交"
"2022-09-19","2022-09-19 09:30:00.000","000911.SZ","南宁糖业","买入","54800","8.39","459772","--","137.93","普通成交"
"2022-09-06","2022-09-06 09:30:00.000","605011.SH","杭州热电","卖出","34000","17.24","586160","1368.8 / 0.23%","762.01","普通成交"
"2022-09-06","2022-09-06 09:30:00.000","600149.SH","廊坊发展","卖出","87000","5.88","511560","5566.94 / 1.1%","665.03","普通成交"
"2022-09-05","2022-09-05 09:30:00.000","603718.SH","海利生物","卖出","54300","11.11","603273","10154.72 / 1.71%","784.25","普通成交"
"2022-09-05","2022-09-05 09:30:00.000","603113.SH","金能科技","卖出","57300","10.08","577584","12049.89 / 2.13%","750.86","普通成交"
"2022-09-05","2022-09-05 09:30:00.000","600792.SH","云煤能源","卖出","118300","3.98","470834","-4858.44 / -1.02%","612.08","普通成交"
"2022-09-05","2022-09-05 09:30:00.000","600149.SH","廊坊发展","买入","200","5.68","1136","--","5","普通成交"
"2022-09-05","2022-09-05 09:30:00.000","300970.SZ","华绿生物","卖出","24900","18.96","472104","22594.21 / 5.03%","613.74","普通成交"
"2022-09-02","2022-09-02 09:30:00.000","605011.SH","杭州热电","买入","400","16.4","6560","--","5","普通成交"
"2022-09-02","2022-09-02 09:30:00.000","603718.SH","海利生物","买入","400","10.93","4372","--","5","普通成交"
"2022-09-02","2022-09-02 09:30:00.000","603113.SH","金能科技","买入","500","10.14","5070","--","5","普通成交"
"2022-09-02","2022-09-02 09:30:00.000","600792.SH","云煤能源","买入","1600","4","6400","--","5","普通成交"
"2022-09-02","2022-09-02 09:30:00.000","300970.SZ","华绿生物","卖出","600","18.38","11028","196.44 / 1.81%","16.03","普通成交"
"2022-09-01","2022-09-01 09:30:00.000","605011.SH","杭州热电","买入","500","16.7","8350","--","5","普通成交"
"2022-09-01","2022-09-01 09:30:00.000","603718.SH","海利生物","卖出","1900","10.9","20710","-43.4 / -0.21%","26.92","普通成交"
"2022-08-31","2022-08-31 09:30:00.000","605011.SH","杭州热电","买入","1000","16.97","16970","--","5.09","普通成交"
"2022-08-31","2022-08-31 09:30:00.000","603718.SH","海利生物","卖出","500","10.86","5430","-31.42 / -0.58%","10.43","普通成交"
"2022-08-31","2022-08-31 09:30:00.000","603113.SH","金能科技","卖出","200","10.3","2060","86.55 / 4.39%","7.06","普通成交"
"2022-08-31","2022-08-31 09:30:00.000","600792.SH","云煤能源","买入","1100","4.05","4455","--","5","普通成交"
"2022-08-31","2022-08-31 09:30:00.000","600149.SH","廊坊发展","卖出","1900","5.75","10925","-125.91 / -1.14%","15.93","普通成交"
"2022-08-31","2022-08-31 09:30:00.000","300970.SZ","华绿生物","卖出","100","18.1","1810","4.74 / 0.26%","6.81","普通成交"
"2022-08-30","2022-08-30 09:30:00.000","605011.SH","杭州热电","买入","200","17.82","3564","--","5","普通成交"
"2022-08-30","2022-08-30 09:30:00.000","603718.SH","海利生物","买入","56200","10.92","613704","--","184.11","普通成交"
"2022-08-30","2022-08-30 09:30:00.000","603113.SH","金能科技","卖出","400","10.54","4216","269.1 / 6.82%","9.22","普通成交"
"2022-08-30","2022-08-30 09:30:00.000","600792.SH","云煤能源","买入","1700","4.17","7089","--","5","普通成交"
"2022-08-30","2022-08-30 09:30:00.000","600149.SH","廊坊发展","卖出","1100","5.77","6347","-50.89 / -0.8%","11.35","普通成交"
"2022-08-30","2022-08-30 09:30:00.000","300970.SZ","华绿生物","买入","24400","18.02","439688","--","131.91","普通成交"
"2022-08-30","2022-08-30 09:30:00.000","300972.SZ","万辰生物","卖出","46900","12.67","594223","-3632.39 / -0.61%","772.49","普通成交"
"2022-08-30","2022-08-30 09:30:00.000","600540.SH","新赛股份","卖出","89200","5.17","461164","26687.39 / 6.14%","599.51","普通成交"
"2022-08-29","2022-08-29 09:30:00.000","603718.SH","海利生物","买入","100","10.63","1063","--","5","普通成交"
"2022-08-29","2022-08-29 09:30:00.000","603113.SH","金能科技","卖出","200","10.14","2028","54.55 / 2.76%","7.03","普通成交"
"2022-08-29","2022-08-29 09:30:00.000","600149.SH","廊坊发展","买入","300","5.48","1644","--","5","普通成交"
"2022-08-29","2022-08-29 09:30:00.000","300972.SZ","万辰生物","卖出","100","12.77","1277","2.26 / 0.18%","6.28","普通成交"
"2022-08-29","2022-08-29 09:30:00.000","300970.SZ","华绿生物","买入","1200","18.6","22320","--","6.7","普通成交"
"2022-08-26","2022-08-26 09:30:00.000","605011.SH","杭州热电","卖出","600","17.57","10542","209.83 / 2.03%","15.54","普通成交"
"2022-08-26","2022-08-26 09:30:00.000","603113.SH","金能科技","卖出","600","10.39","6234","313.66 / 5.3%","11.23","普通成交"
"2022-08-26","2022-08-26 09:30:00.000","600792.SH","云煤能源","卖出","1400","4.16","5824","197.78 / 3.52%","10.82","普通成交"
"2022-08-26","2022-08-26 09:30:00.000","600540.SH","新赛股份","买入","100","5.12","512","--","5","普通成交"
"2022-08-26","2022-08-26 09:30:00.000","600149.SH","廊坊发展","卖出","100","5.74","574","-7.73 / -1.33%","5.57","普通成交"
"2022-08-26","2022-08-26 09:30:00.000","300972.SZ","万辰生物","买入","100","12.57","1257","--","5","普通成交"
"2022-08-25","2022-08-25 09:30:00.000","605011.SH","杭州热电","买入","400","17.22","6888","--","5","普通成交"
"2022-08-25","2022-08-25 09:30:00.000","603113.SH","金能科技","买入","500","10.11","5055","--","5","普通成交"
"2022-08-25","2022-08-25 09:30:00.000","600792.SH","云煤能源","卖出","100","4.09","409","7.13 / 1.77%","5.41","普通成交"
"2022-08-25","2022-08-25 09:30:00.000","600540.SH","新赛股份","卖出","900","5.17","4653","269.57 / 6.15%","9.65","普通成交"
"2022-08-25","2022-08-25 09:30:00.000","600149.SH","廊坊发展","买入","2200","5.64","12408","--","5","普通成交"
"2022-08-25","2022-08-25 09:30:00.000","300972.SZ","万辰生物","卖出","600","12.66","7596","-52.63 / -0.69%","12.6","普通成交"
"2022-08-24","2022-08-24 09:30:00.000","603113.SH","金能科技","卖出","400","10.44","4176","229.98 / 5.83%","9.18","普通成交"
"2022-08-24","2022-08-24 09:30:00.000","600792.SH","云煤能源","卖出","2200","4.14","9108","266.79 / 3.02%","14.11","普通成交"
"2022-08-24","2022-08-24 09:30:00.000","300972.SZ","万辰生物","买入","300","12.72","3816","--","5","普通成交"
"2022-08-23","2022-08-23 09:30:00.000","605011.SH","杭州热电","买入","2200","17.5","38500","--","11.55","普通成交"
"2022-08-23","2022-08-23 09:30:00.000","603113.SH","金能科技","买入","9100","10.24","93184","--","27.96","普通成交"
"2022-08-23","2022-08-23 09:30:00.000","600792.SH","云煤能源","买入","107900","4.02","433758","--","130.13","普通成交"
"2022-08-23","2022-08-23 09:30:00.000","600540.SH","新赛股份","卖出","2800","5.1","14280","642.66 / 4.71%","19.28","普通成交"
"2022-08-23","2022-08-23 09:30:00.000","600149.SH","廊坊发展","买入","87400","5.82","508668","--","152.6","普通成交"
"2022-08-23","2022-08-23 09:30:00.000","300972.SZ","万辰生物","买入","2800","12.88","36064","--","10.82","普通成交"
"2022-08-23","2022-08-23 09:30:00.000","600681.SH","百川能源","卖出","112000","4.76","533120","-4661.68 / -0.87%","693.06","普通成交"
"2022-08-23","2022-08-23 09:30:00.000","601011.SH","宝泰隆","卖出","131500","4.32","568080","7888.08 / 1.41%","738.5","普通成交"
"2022-08-22","2022-08-22 09:30:00.000","600792.SH","云煤能源","买入","9700","3.99","38703","--","11.61","普通成交"
"2022-08-22","2022-08-22 09:30:00.000","600681.SH","百川能源","买入","100","4.74","474","--","5","普通成交"
"2022-08-22","2022-08-22 09:30:00.000","600540.SH","新赛股份","卖出","7500","5.28","39600","3071.41 / 8.41%","51.48","普通成交"
"2022-08-22","2022-08-22 09:30:00.000","300972.SZ","万辰生物","买入","100","12.77","1277","--","5","普通成交"
"2022-08-19","2022-08-19 09:30:00.000","605011.SH","杭州热电","买入","400","17.57","7028","--","5","普通成交"
"2022-08-19","2022-08-19 09:30:00.000","603113.SH","金能科技","买入","600","9.98","5988","--","5","普通成交"
"2022-08-19","2022-08-19 09:30:00.000","600681.SH","百川能源","买入","400","4.75","1900","--","5","普通成交"
"2022-08-19","2022-08-19 09:30:00.000","600540.SH","新赛股份","买入","800","4.99","3992","--","5","普通成交"
"2022-08-18","2022-08-18 09:30:00.000","605011.SH","杭州热电","卖出","1100","18.15","19965","1051.65 / 5.56%","25.95","普通成交"
"2022-08-17","2022-08-17 09:30:00.000","605011.SH","杭州热电","买入","300","17.42","5226","--","5","普通成交"
"2022-08-17","2022-08-17 09:30:00.000","603113.SH","金能科技","买入","100","10.19","1019","--","5","普通成交"
"2022-08-17","2022-08-17 09:30:00.000","600681.SH","百川能源","买入","500","4.8","2400","--","5","普通成交"
"2022-08-17","2022-08-17 09:30:00.000","600540.SH","新赛股份","卖出","1500","5.07","7605","300.8 / 4.12%","12.61","普通成交"
"2022-08-17","2022-08-17 09:30:00.000","300972.SZ","万辰生物","卖出","100","12.69","1269","-4.9 / -0.38%","6.27","普通成交"
"2022-08-16","2022-08-16 09:30:00.000","603113.SH","金能科技","买入","300","10.1","3030","--","5","普通成交"
"2022-08-16","2022-08-16 09:30:00.000","601011.SH","宝泰隆","买入","500","4.34","2170","--","5","普通成交"
"2022-08-16","2022-08-16 09:30:00.000","600681.SH","百川能源","买入","109500","4.8","525600","--","157.68","普通成交"
"2022-08-16","2022-08-16 09:30:00.000","600540.SH","新赛股份","买入","900","4.98","4482","--","5","普通成交"
"2022-08-16","2022-08-16 09:30:00.000","300972.SZ","万辰生物","买入","1000","12.67","12670","--","5","普通成交"
"2022-08-16","2022-08-16 09:30:00.000","300335.SZ","迪森股份","卖出","96300","5.7","548910","52537.5 / 10.58%","713.58","普通成交"
"2022-08-15","2022-08-15 09:30:00.000","605011.SH","杭州热电","买入","600","16.94","10164","--","5","普通成交"
"2022-08-15","2022-08-15 09:30:00.000","603113.SH","金能科技","卖出","1000","10.02","10020","230.51 / 2.35%","15.02","普通成交"
"2022-08-15","2022-08-15 09:30:00.000","600681.SH","百川能源","买入","1500","4.82","7230","--","5","普通成交"
"2022-08-15","2022-08-15 09:30:00.000","600540.SH","新赛股份","卖出","1400","5.05","7070","254.21 / 3.73%","12.07","普通成交"
"2022-08-15","2022-08-15 09:30:00.000","300335.SZ","迪森股份","买入","300","5.58","1674","--","5","普通成交"
"2022-08-12","2022-08-12 09:30:00.000","603113.SH","金能科技","卖出","200","9.86","1972","14.1 / 0.72%","6.97","普通成交"
"2022-08-12","2022-08-12 09:30:00.000","601011.SH","宝泰隆","买入","100","4.27","427","--","5","普通成交"
"2022-08-12","2022-08-12 09:30:00.000","600540.SH","新赛股份","买入","500","4.91","2455","--","5","普通成交"
"2022-08-12","2022-08-12 09:30:00.000","300972.SZ","万辰生物","卖出","100","12.58","1258","-16.05 / -1.26%","6.26","普通成交"
"2022-08-12","2022-08-12 09:30:00.000","300335.SZ","迪森股份","买入","300","5.67","1701","--","5","普通成交"
"2022-08-11","2022-08-11 09:30:00.000","605011.SH","杭州热电","买入","500","16.5","8250","--","5","普通成交"
"2022-08-11","2022-08-11 09:30:00.000","603113.SH","金能科技","买入","900","9.72","8748","--","5","普通成交"
"2022-08-11","2022-08-11 09:30:00.000","601011.SH","宝泰隆","买入","2800","4.26","11928","--","5","普通成交"
"2022-08-11","2022-08-11 09:30:00.000","600540.SH","新赛股份","卖出","1400","4.83","6762","-53.44 / -0.78%","11.76","普通成交"
"2022-08-11","2022-08-11 09:30:00.000","300972.SZ","万辰生物","买入","800","12.4","9920","--","5","普通成交"
"2022-08-11","2022-08-11 09:30:00.000","300335.SZ","迪森股份","卖出","5400","6.12","33048","5230.52 / 18.8%","42.96","普通成交"
"2022-08-10","2022-08-10 09:30:00.000","605011.SH","杭州热电","买入","100","16.53","1653","--","5","普通成交"
"2022-08-10","2022-08-10 09:30:00.000","601011.SH","宝泰隆","卖出","900","4.26","3834","0.38 / 0.01%","8.83","普通成交"
"2022-08-10","2022-08-10 09:30:00.000","600540.SH","新赛股份","买入","1400","4.8","6720","--","5","普通成交"
"2022-08-10","2022-08-10 09:30:00.000","300972.SZ","万辰生物","买入","500","12.38","6190","--","5","普通成交"
"2022-08-10","2022-08-10 09:30:00.000","300335.SZ","迪森股份","卖出","1500","5.26","7890","162.92 / 2.11%","12.89","普通成交"
"2022-08-09","2022-08-09 09:30:00.000","605011.SH","杭州热电","买入","2200","16.4","36080","--","10.82","普通成交"
"2022-08-09","2022-08-09 09:30:00.000","603113.SH","金能科技","买入","100","9.5","950","--","5","普通成交"
"2022-08-09","2022-08-09 09:30:00.000","601011.SH","宝泰隆","买入","700","4.19","2933","--","5","普通成交"
"2022-08-09","2022-08-09 09:30:00.000","600540.SH","新赛股份","买入","1200","4.72","5664","--","5","普通成交"
"2022-08-09","2022-08-09 09:30:00.000","300972.SZ","万辰生物","买入","200","12.46","2492","--","5","普通成交"
"2022-08-09","2022-08-09 09:30:00.000","300335.SZ","迪森股份","买入","102300","5.15","526845","--","158.05","普通成交"
"2022-08-09","2022-08-09 09:30:00.000","600917.SH","重庆燃气","卖出","69700","8.32","579904","11013.16 / 1.94%","753.88","普通成交"
"2022-08-08","2022-08-08 09:30:00.000","605011.SH","杭州热电","买入","300","16.2","4860","--","5","普通成交"
"2022-08-08","2022-08-08 09:30:00.000","603113.SH","金能科技","买入","200","9.5","1900","--","5","普通成交"
"2022-08-08","2022-08-08 09:30:00.000","601011.SH","宝泰隆","买入","1000","4.16","4160","--","5","普通成交"
"2022-08-08","2022-08-08 09:30:00.000","600917.SH","重庆燃气","卖出","1500","8.22","12330","87.01 / 0.71%","17.33","普通成交"
"2022-08-08","2022-08-08 09:30:00.000","600540.SH","新赛股份","买入","100","4.77","477","--","5","普通成交"
"2022-08-08","2022-08-08 09:30:00.000","300335.SZ","迪森股份","买入","300","5.08","1524","--","5","普通成交"
"2022-08-05","2022-08-05 09:30:00.000","605011.SH","杭州热电","卖出","100","16.12","1612","-116.82 / -6.76%","6.61","普通成交"
"2022-08-05","2022-08-05 09:30:00.000","603113.SH","金能科技","买入","100","9.43","943","--","5","普通成交"
"2022-08-05","2022-08-05 09:30:00.000","601011.SH","宝泰隆","买入","700","4.17","2919","--","5","普通成交"
"2022-08-05","2022-08-05 09:30:00.000","600540.SH","新赛股份","买入","200","4.65","930","--","5","普通成交"
"2022-08-05","2022-08-05 09:30:00.000","300972.SZ","万辰生物","卖出","400","12.37","4948","-152.9 / -3.0%","9.95","普通成交"
"2022-08-04","2022-08-04 09:30:00.000","601011.SH","宝泰隆","买入","200","4.14","828","--","5","普通成交"
"2022-08-04","2022-08-04 09:30:00.000","600917.SH","重庆燃气","买入","600","8.1","4860","--","5","普通成交"
"2022-08-04","2022-08-04 09:30:00.000","600540.SH","新赛股份","卖出","700","4.64","3248","-161.88 / -4.75%","8.25","普通成交"
"2022-08-04","2022-08-04 09:30:00.000","300972.SZ","万辰生物","买入","100","12.04","1204","--","5","普通成交"
"2022-08-03","2022-08-03 09:30:00.000","605011.SH","杭州热电","买入","500","15.7","7850","--","5","普通成交"
"2022-08-03","2022-08-03 09:30:00.000","601011.SH","宝泰隆","卖出","1000","4.14","4140","-121.28 / -2.85%","9.14","普通成交"
"2022-08-03","2022-08-03 09:30:00.000","600917.SH","重庆燃气","卖出","400","7.84","3136","-128.98 / -3.95%","8.14","普通成交"
"2022-08-03","2022-08-03 09:30:00.000","600540.SH","新赛股份","卖出","800","4.61","3688","-209.0 / -5.36%","8.69","普通成交"
"2022-08-02","2022-08-02 09:30:00.000","605011.SH","杭州热电","买入","1100","16.7","18370","--","5.51","普通成交"
"2022-08-02","2022-08-02 09:30:00.000","603113.SH","金能科技","卖出","800","9.87","7896","61.65 / 0.79%","12.9","普通成交"
"2022-08-02","2022-08-02 09:30:00.000","601011.SH","宝泰隆","卖出","1400","4.28","5992","26.21 / 0.44%","10.99","普通成交"
"2022-08-02","2022-08-02 09:30:00.000","600917.SH","重庆燃气","卖出","600","8.15","4890","-7.47 / -0.15%","9.89","普通成交"
"2022-08-02","2022-08-02 09:30:00.000","600540.SH","新赛股份","买入","200","4.74","948","--","5","普通成交"
"2022-08-01","2022-08-01 09:30:00.000","605011.SH","杭州热电","买入","25100","17.34","435234","--","130.57","普通成交"
"2022-08-01","2022-08-01 09:30:00.000","603113.SH","金能科技","买入","48700","9.79","476773","--","143.03","普通成交"
"2022-08-01","2022-08-01 09:30:00.000","601011.SH","宝泰隆","买入","128800","4.26","548688","--","164.61","普通成交"
"2022-08-01","2022-08-01 09:30:00.000","600917.SH","重庆燃气","买入","71600","8.16","584256","--","175.28","普通成交"
"2022-08-01","2022-08-01 09:30:00.000","600540.SH","新赛股份","买入","100800","4.87","490896","--","147.27","普通成交"
"2022-08-01","2022-08-01 09:30:00.000","300972.SZ","万辰生物","买入","42300","12.75","539325","--","161.8","普通成交"
"2022-06-28","2022-06-28 09:30:00.000","300543.SZ","朗科智能","卖出","48800","12.6","614880","162320.44 / 35.87%","799.34","普通成交"
"2022-06-28","2022-06-28 09:30:00.000","688057.SH","金达莱","卖出","30198","18.39","555341.22","12387.84 / 2.28%","721.94","普通成交"
"2022-06-28","2022-06-28 09:30:00.000","300961.SZ","深水海纳","卖出","35000","13.18","461300","20924.49 / 4.75%","599.69","普通成交"
"2022-06-28","2022-06-28 09:30:00.000","300852.SZ","四会富仕","卖出","11800","37.81","446158","60907.39 / 15.81%","580.01","普通成交"
"2022-06-27","2022-06-27 09:30:00.000","300961.SZ","深水海纳","买入","800","13.22","10576","--","5","普通成交"
"2022-06-27","2022-06-27 09:30:00.000","300852.SZ","四会富仕","买入","300","36.97","11091","--","5","普通成交"
"2022-06-27","2022-06-27 09:30:00.000","300543.SZ","朗科智能","卖出","2700","11.7","31590","6550.84 / 26.16%","41.07","普通成交"
"2022-06-27","2022-06-27 09:30:00.000","300419.SZ","浩丰科技","卖出","91700","5.36","491512","24265.44 / 5.19%","638.97","普通成交"
"2022-06-27","2022-06-27 09:30:00.000","300344.SZ","立方数科","卖出","113000","4.29","484770","5178.12 / 1.08%","630.2","普通成交"
"2022-06-24","2022-06-24 09:30:00.000","688057.SH","金达莱","买入","483","17.63","8515.29","--","5","普通成交"
"2022-06-24","2022-06-24 09:30:00.000","300961.SZ","深水海纳","买入","1400","13.2","18480","--","5.54","普通成交"
"2022-06-24","2022-06-24 09:30:00.000","300852.SZ","四会富仕","卖出","900","37.33","33597","4315.33 / 14.74%","43.68","普通成交"
"2022-06-24","2022-06-24 09:30:00.000","300543.SZ","朗科智能","卖出","1000","10.9","10900","1626.24 / 17.54%","15.9","普通成交"
"2022-06-24","2022-06-24 09:30:00.000","300344.SZ","立方数科","买入","3900","4.28","16692","--","5.01","普通成交"
"2022-06-23","2022-06-23 09:30:00.000","688057.SH","金达莱","买入","394","17.36","6839.84","--","5","普通成交"
"2022-06-23","2022-06-23 09:30:00.000","300961.SZ","深水海纳","卖出","1700","13.33","22661","1343.16 / 6.3%","29.46","普通成交"
"2022-06-23","2022-06-23 09:30:00.000","300852.SZ","四会富仕","买入","300","33.37","10011","--","5","普通成交"
"2022-06-23","2022-06-23 09:30:00.000","300543.SZ","朗科智能","卖出","1100","10.2","11220","1018.86 / 9.99%","16.22","普通成交"
"2022-06-22","2022-06-22 09:30:00.000","688057.SH","金达莱","买入","499","17.7","8832.3","--","5","普通成交"
"2022-06-22","2022-06-22 09:30:00.000","300961.SZ","深水海纳","买入","400","13.02","5208","--","5","普通成交"
"2022-06-22","2022-06-22 09:30:00.000","300852.SZ","四会富仕","卖出","100","34.89","3489","237.59 / 7.31%","8.49","普通成交"
"2022-06-22","2022-06-22 09:30:00.000","300543.SZ","朗科智能","卖出","1000","10.2","10200","926.24 / 9.99%","15.2","普通成交"
"2022-06-22","2022-06-22 09:30:00.000","300419.SZ","浩丰科技","买入","1300","5.35","6955","--","5","普通成交"
"2022-06-22","2022-06-22 09:30:00.000","300344.SZ","立方数科","买入","1100","4.4","4840","--","5","普通成交"
"2022-06-21","2022-06-21 09:30:00.000","688057.SH","金达莱","买入","337","17.81","6001.97","--","5","普通成交"
"2022-06-21","2022-06-21 09:30:00.000","300543.SZ","朗科智能","卖出","1100","9.95","10945","743.86 / 7.29%","15.95","普通成交"
"2022-06-21","2022-06-21 09:30:00.000","300419.SZ","浩丰科技","卖出","1300","5.3","6890","270.83 / 4.09%","11.89","普通成交"
"2022-06-21","2022-06-21 09:30:00.000","300344.SZ","立方数科","买入","107600","4.24","456224","--","136.87","普通成交"
"2022-06-21","2022-06-21 09:30:00.000","688365.SH","光云科技","卖出","34245","9.49","324985.05","288.44 / 0.09%","422.48","普通成交"
"2022-06-20","2022-06-20 09:30:00.000","688365.SH","光云科技","买入","260","9.45","2457","--","5","普通成交"
"2022-06-20","2022-06-20 09:30:00.000","688057.SH","金达莱","买入","291","17.65","5136.15","--","5","普通成交"
"2022-06-20","2022-06-20 09:30:00.000","300961.SZ","深水海纳","卖出","100","12.73","1273","19.59 / 1.56%","6.27","普通成交"
"2022-06-20","2022-06-20 09:30:00.000","300852.SZ","四会富仕","卖出","300","33.86","10158","403.78 / 4.14%","15.16","普通成交"
"2022-06-20","2022-06-20 09:30:00.000","300543.SZ","朗科智能","买入","100","9.55","955","--","5","普通成交"
"2022-06-20","2022-06-20 09:30:00.000","300419.SZ","浩丰科技","卖出","25300","5.11","129283","463.86 / 0.36%","168.07","普通成交"
"2022-06-20","2022-06-20 09:30:00.000","300344.SZ","立方数科","买入","400","4.21","1684","--","5","普通成交"
"2022-06-17","2022-06-17 09:30:00.000","688365.SH","光云科技","卖出","200","9.57","1914","17.67 / 0.93%","6.91","普通成交"
"2022-06-17","2022-06-17 09:30:00.000","688057.SH","金达莱","买入","226","17.8","4022.8","--","5","普通成交"
"2022-06-17","2022-06-17 09:30:00.000","300852.SZ","四会富仕","买入","100","33","3300","--","5","普通成交"
"2022-06-17","2022-06-17 09:30:00.000","300543.SZ","朗科智能","买入","100","9.38","938","--","5","普通成交"
"2022-06-17","2022-06-17 09:30:00.000","300419.SZ","浩丰科技","卖出","500","5.23","2615","69.17 / 2.72%","7.62","普通成交"
"2022-06-17","2022-06-17 00:00:00.000","300961.SZ","深水海纳","卖出","0","12.8","629.28","--","157.32","除权除息"
"2022-06-16","2022-06-16 09:30:00.000","688365.SH","光云科技","卖出","200","9.4","1880","-16.33 / -0.86%","6.88","普通成交"
"2022-06-16","2022-06-16 09:30:00.000","300543.SZ","朗科智能","买入","100","9.28","928","--","5","普通成交"
"2022-06-16","2022-06-16 09:30:00.000","300419.SZ","浩丰科技","卖出","800","5.15","4120","46.67 / 1.15%","9.12","普通成交"
"2022-06-15","2022-06-15 09:30:00.000","688365.SH","光云科技","买入","622","9.41","5853.02","--","5","普通成交"
"2022-06-15","2022-06-15 09:30:00.000","300961.SZ","深水海纳","卖出","100","12.56","1256","0.63 / 0.05%","6.26","普通成交"
"2022-06-15","2022-06-15 09:30:00.000","300543.SZ","朗科智能","卖出","200","9.3","1860","5.44 / 0.29%","6.86","普通成交"
"2022-06-14","2022-06-14 09:30:00.000","300961.SZ","深水海纳","买入","200","12.52","2504","--","5","普通成交"
"2022-06-14","2022-06-14 09:30:00.000","300852.SZ","四会富仕","卖出","100","33.08","3308","57.02 / 1.75%","8.31","普通成交"
"2022-06-14","2022-06-14 09:30:00.000","300543.SZ","朗科智能","买入","200","9.25","1850","--","5","普通成交"
"2022-06-14","2022-06-14 09:30:00.000","300419.SZ","浩丰科技","买入","400","5.12","2048","--","5","普通成交"
"2022-06-13","2022-06-13 09:30:00.000","688365.SH","光云科技","买入","33763","9.48","320073.24","--","96.02","普通成交"
"2022-06-13","2022-06-13 09:30:00.000","688057.SH","金达莱","买入","27968","18","503424","--","151.03","普通成交"
"2022-06-13","2022-06-13 09:30:00.000","300961.SZ","深水海纳","买入","34100","12.55","427955","--","128.39","普通成交"
"2022-06-13","2022-06-13 09:30:00.000","300852.SZ","四会富仕","买入","12500","32.5","406250","--","121.88","普通成交"
"2022-06-13","2022-06-13 09:30:00.000","300543.SZ","朗科智能","买入","55400","9.27","513558","--","154.07","普通成交"
"2022-06-13","2022-06-13 09:30:00.000","300419.SZ","浩丰科技","买入","117900","5.09","600111","--","180.03","普通成交"
"2022-05-31","2022-05-31 09:30:00.000","601015.SH","陕西黑猫","卖出","87600","5.79","507204","63110.03 / 14.21%","659.37","普通成交"
"2022-05-31","2022-05-31 09:30:00.000","603959.SH","百利科技","卖出","48600","11.9","578340","45264.84 / 8.49%","751.84","普通成交"
"2022-05-31","2022-05-31 09:30:00.000","688676.SH","金盘科技","卖出","28574","16.74","478328.76","-5486.89 / -1.13%","621.83","普通成交"
"2022-05-31","2022-05-31 09:30:00.000","003021.SZ","兆威机电","卖出","14900","32.06","477694","1426.45 / 0.3%","621","普通成交"
"2022-05-31","2022-05-31 09:30:00.000","600121.SH","郑州煤电","卖出","87500","4.55","398125","60161.29 / 17.8%","517.56","普通成交"
"2022-05-31","2022-05-31 09:30:00.000","300948.SZ","冠中生态","卖出","21700","15.76","341992","-17725.74 / -4.93%","444.59","普通成交"
"2022-05-30","2022-05-30 09:30:00.000","688676.SH","金盘科技","买入","833","16.21","13502.93","--","5","普通成交"
"2022-05-30","2022-05-30 09:30:00.000","603959.SH","百利科技","买入","1800","12.22","21996","--","6.6","普通成交"
"2022-05-30","2022-05-30 09:30:00.000","600121.SH","郑州煤电","卖出","6300","4.8","30240","5906.61 / 24.27%","39.31","普通成交"
"2022-05-30","2022-05-30 09:30:00.000","300948.SZ","冠中生态","买入","400","15.92","6368","--","5","普通成交"
"2022-05-30","2022-05-30 09:30:00.000","003021.SZ","兆威机电","卖出","100","31.8","3180","-16.43 / -0.51%","8.18","普通成交"
"2022-05-27","2022-05-27 09:30:00.000","688676.SH","金盘科技","买入","371","16.38","6076.98","--","5","普通成交"
"2022-05-27","2022-05-27 09:30:00.000","603959.SH","百利科技","卖出","500","12.44","6220","759.82 / 13.92%","11.22","普通成交"
"2022-05-27","2022-05-27 09:30:00.000","601015.SH","陕西黑猫","买入","1300","5.89","7657","--","5","普通成交"
"2022-05-27","2022-05-27 09:30:00.000","600121.SH","郑州煤电","卖出","3600","4.44","15984","2079.21 / 14.95%","20.98","普通成交"
"2022-05-27","2022-05-27 09:30:00.000","300948.SZ","冠中生态","买入","300","16.11","4833","--","5","普通成交"
"2022-05-27","2022-05-27 09:30:00.000","003021.SZ","兆威机电","买入","100","31.4","3140","--","5","普通成交"
"2022-05-27","2022-05-27 00:00:00.000","688676.SH","金盘科技","卖出","0","16.48","4379.2","--","1094.8","除权除息"
"2022-05-26","2022-05-26 09:30:00.000","688676.SH","金盘科技","卖出","200","17.07","3414","-19.39 / -0.56%","8.41","普通成交"
"2022-05-26","2022-05-26 09:30:00.000","601015.SH","陕西黑猫","买入","200","5.88","1176","--","5","普通成交"
"2022-05-26","2022-05-26 09:30:00.000","600121.SH","郑州煤电","买入","500","4.27","2135","--","5","普通成交"
"2022-05-26","2022-05-26 09:30:00.000","300948.SZ","冠中生态","买入","1100","16.51","18161","--","5.45","普通成交"
"2022-05-26","2022-05-26 09:30:00.000","003021.SZ","兆威机电","买入","700","31.44","22008","--","6.6","普通成交"
"2022-05-25","2022-05-25 09:30:00.000","688676.SH","金盘科技","买入","1170","16.3","19071","--","5.72","普通成交"
"2022-05-25","2022-05-25 09:30:00.000","601015.SH","陕西黑猫","卖出","8600","6","51600","8125.45 / 18.69%","67.08","普通成交"
"2022-05-25","2022-05-25 09:30:00.000","600121.SH","郑州煤电","卖出","2400","4.16","9984","719.31 / 7.76%","14.98","普通成交"
"2022-05-25","2022-05-25 09:30:00.000","003021.SZ","兆威机电","买入","200","31.24","6248","--","5","普通成交"
"2022-05-24","2022-05-24 09:30:00.000","688676.SH","金盘科技","买入","26400","17.2","454080","--","136.22","普通成交"
"2022-05-24","2022-05-24 09:30:00.000","603959.SH","百利科技","卖出","3200","13.53","43296","8350.87 / 23.9%","56.28","普通成交"
"2022-05-24","2022-05-24 09:30:00.000","601015.SH","陕西黑猫","卖出","600","5.38","3228","194.89 / 6.43%","8.23","普通成交"
"2022-05-24","2022-05-24 09:30:00.000","600121.SH","郑州煤电","卖出","100","4.12","412","25.97 / 6.73%","5.41","普通成交"
"2022-05-24","2022-05-24 09:30:00.000","300948.SZ","冠中生态","买入","1000","16.91","16910","--","5.07","普通成交"
"2022-05-24","2022-05-24 09:30:00.000","003021.SZ","兆威机电","买入","2600","33","85800","--","25.74","普通成交"
"2022-05-24","2022-05-24 09:30:00.000","300690.SZ","双一科技","卖出","31600","16.32","515712","42344.11 / 8.95%","670.43","普通成交"
"2022-05-23","2022-05-23 09:30:00.000","603959.SH","百利科技","买入","1700","11.35","19295","--","5.79","普通成交"
"2022-05-23","2022-05-23 09:30:00.000","601015.SH","陕西黑猫","买入","1300","5.2","6760","--","5","普通成交"
"2022-05-23","2022-05-23 09:30:00.000","600121.SH","郑州煤电","卖出","2800","4.04","11312","503.19 / 4.66%","16.31","普通成交"
"2022-05-23","2022-05-23 09:30:00.000","300948.SZ","冠中生态","卖出","1000","17.33","17330","746.66 / 4.5%","22.53","普通成交"
"2022-05-23","2022-05-23 09:30:00.000","300690.SZ","双一科技","买入","100","16.41","1641","--","5","普通成交"
"2022-05-20","2022-05-20 09:30:00.000","603959.SH","百利科技","买入","100","11.18","1118","--","5","普通成交"
"2022-05-20","2022-05-20 09:30:00.000","601015.SH","陕西黑猫","买入","2500","5.11","12775","--","5","普通成交"
"2022-05-20","2022-05-20 09:30:00.000","600121.SH","郑州煤电","买入","2200","3.84","8448","--","5","普通成交"
"2022-05-20","2022-05-20 09:30:00.000","300690.SZ","双一科技","卖出","1400","16.22","22708","1742.58 / 8.31%","29.52","普通成交"
"2022-05-20","2022-05-20 09:30:00.000","003021.SZ","兆威机电","买入","100","31.98","3198","--","5","普通成交"
"2022-05-19","2022-05-19 09:30:00.000","603959.SH","百利科技","卖出","400","10.98","4392","30.16 / 0.69%","9.39","普通成交"
"2022-05-19","2022-05-19 09:30:00.000","600121.SH","郑州煤电","买入","700","3.78","2646","--","5","普通成交"
"2022-05-19","2022-05-19 09:30:00.000","300690.SZ","双一科技","买入","100","15.19","1519","--","5","普通成交"
"2022-05-19","2022-05-19 09:30:00.000","003021.SZ","兆威机电","卖出","100","31.09","3109","-68.19 / -2.15%","8.11","普通成交"
"2022-05-18","2022-05-18 09:30:00.000","603959.SH","百利科技","买入","200","10.99","2198","--","5","普通成交"
"2022-05-18","2022-05-18 09:30:00.000","600121.SH","郑州煤电","买入","500","3.86","1930","--","5","普通成交"
"2022-05-18","2022-05-18 09:30:00.000","300948.SZ","冠中生态","买入","300","16.01","4803","--","5","普通成交"
"2022-05-18","2022-05-18 09:30:00.000","300690.SZ","双一科技","卖出","400","15.87","6348","358.2 / 5.98%","11.35","普通成交"
"2022-05-18","2022-05-18 09:30:00.000","003021.SZ","兆威机电","买入","100","31.1","3110","--","5","普通成交"
"2022-05-17","2022-05-17 09:30:00.000","603959.SH","百利科技","买入","300","11.03","3309","--","5","普通成交"
"2022-05-17","2022-05-17 09:30:00.000","601015.SH","陕西黑猫","卖出","1000","5.16","5160","108.48 / 2.15%","10.16","普通成交"
"2022-05-17","2022-05-17 09:30:00.000","600121.SH","郑州煤电","卖出","1300","3.95","5135","115.49 / 2.3%","10.14","普通成交"
"2022-05-17","2022-05-17 09:30:00.000","300948.SZ","冠中生态","买入","400","16.43","6572","--","5","普通成交"
"2022-05-17","2022-05-17 09:30:00.000","300690.SZ","双一科技","卖出","300","15","4500","7.65 / 0.17%","9.5","普通成交"
"2022-05-17","2022-05-17 09:30:00.000","003021.SZ","兆威机电","买入","200","31.08","6216","--","5","普通成交"
"2022-05-16","2022-05-16 09:30:00.000","603959.SH","百利科技","买入","48600","10.9","529740","--","158.92","普通成交"
"2022-05-16","2022-05-16 09:30:00.000","601015.SH","陕西黑猫","买入","92500","5.05","467125","--","140.14","普通成交"
"2022-05-16","2022-05-16 09:30:00.000","600121.SH","郑州煤电","买入","100100","3.86","386386","--","115.92","普通成交"
"2022-05-16","2022-05-16 09:30:00.000","300948.SZ","冠中生态","买入","19200","16.59","318528","--","95.56","普通成交"
"2022-05-16","2022-05-16 09:30:00.000","300690.SZ","双一科技","买入","33500","14.97","501495","--","150.45","普通成交"
"2022-05-16","2022-05-16 09:30:00.000","003021.SZ","兆威机电","买入","11100","31.78","352758","--","105.83","普通成交"
"2022-04-19","2022-04-19 09:30:00.000","002806.SZ","华锋股份","卖出","33700","13.67","460679","79334.24 / 20.8%","598.88","普通成交"
"2022-04-19","2022-04-19 09:30:00.000","603897.SH","长城科技","卖出","16700","26.97","450399","-83999.22 / -15.72%","585.52","普通成交"
"2022-04-19","2022-04-19 09:30:00.000","003021.SZ","兆威机电","卖出","12000","33.8","405600","-72317.47 / -15.13%","527.28","普通成交"
"2022-04-18","2022-04-18 09:30:00.000","605376.SH","博迁新材","卖出","10800","41.52","448416","-65677.22 / -12.78%","582.94","普通成交"
"2022-04-18","2022-04-18 09:30:00.000","603897.SH","长城科技","买入","200","26.57","5314","--","5","普通成交"
"2022-04-18","2022-04-18 09:30:00.000","601015.SH","陕西黑猫","卖出","56100","6.1","342210","-1568.89 / -0.46%","444.87","普通成交"
"2022-04-18","2022-04-18 09:30:00.000","600121.SH","郑州煤电","卖出","100600","4.44","446664","16937.67 / 3.94%","580.66","普通成交"
"2022-04-18","2022-04-18 09:30:00.000","003021.SZ","兆威机电","买入","1100","33.41","36751","--","11.03","普通成交"
"2022-04-18","2022-04-18 09:30:00.000","002806.SZ","华锋股份","卖出","2500","12.44","31100","2810.33 / 9.93%","40.43","普通成交"
"2022-04-15","2022-04-15 09:30:00.000","603897.SH","长城科技","买入","500","26.25","13125","--","5","普通成交"
"2022-04-15","2022-04-15 09:30:00.000","601015.SH","陕西黑猫","卖出","3000","6.98","20940","2556.1 / 13.9%","27.22","普通成交"
"2022-04-15","2022-04-15 09:30:00.000","600121.SH","郑州煤电","卖出","3100","4.75","14725","1482.94 / 11.2%","19.73","普通成交"
"2022-04-15","2022-04-15 09:30:00.000","002806.SZ","华锋股份","买入","1300","10.89","14157","--","5","普通成交"
"2022-04-14","2022-04-14 09:30:00.000","603897.SH","长城科技","买入","500","26.7","13350","--","5","普通成交"
"2022-04-14","2022-04-14 09:30:00.000","601015.SH","陕西黑猫","卖出","2100","6.19","12999","130.27 / 1.01%","18","普通成交"
"2022-04-14","2022-04-14 09:30:00.000","600121.SH","郑州煤电","卖出","4000","4.28","17120","33.47 / 0.2%","22.26","普通成交"
"2022-04-14","2022-04-14 09:30:00.000","002806.SZ","华锋股份","买入","200","10.47","2094","--","5","普通成交"
"2022-04-13","2022-04-13 09:30:00.000","603897.SH","长城科技","买入","100","27.15","2715","--","5","普通成交"
"2022-04-13","2022-04-13 09:30:00.000","601015.SH","陕西黑猫","买入","1000","5.93","5930","--","5","普通成交"
"2022-04-13","2022-04-13 09:30:00.000","600121.SH","郑州煤电","卖出","1100","4.13","4543","-155.8 / -3.32%","9.54","普通成交"
"2022-04-13","2022-04-13 09:30:00.000","003021.SZ","兆威机电","买入","100","35.34","3534","--","5","普通成交"
"2022-04-13","2022-04-13 09:30:00.000","002806.SZ","华锋股份","卖出","900","10.5","9450","-752.77 / -7.38%","14.45","普通成交"
"2022-04-12","2022-04-12 09:30:00.000","605376.SH","博迁新材","买入","200","40","8000","--","5","普通成交"
"2022-04-12","2022-04-12 09:30:00.000","603897.SH","长城科技","买入","200","27.2","5440","--","5","普通成交"
"2022-04-12","2022-04-12 09:30:00.000","601015.SH","陕西黑猫","卖出","1000","5.99","5990","-141.17 / -2.3%","10.99","普通成交"
"2022-04-12","2022-04-12 09:30:00.000","600121.SH","郑州煤电","卖出","1600","4.08","6528","-306.61 / -4.49%","11.53","普通成交"
"2022-04-12","2022-04-12 09:30:00.000","003021.SZ","兆威机电","买入","100","34.58","3458","--","5","普通成交"
"2022-04-12","2022-04-12 09:30:00.000","002806.SZ","华锋股份","卖出","100","10.04","1004","-129.64 / -11.44%","6","普通成交"
"2022-04-11","2022-04-11 09:30:00.000","605376.SH","博迁新材","买入","400","42.51","17004","--","5.1","普通成交"
"2022-04-11","2022-04-11 09:30:00.000","603897.SH","长城科技","买入","100","28.53","2853","--","5","普通成交"
"2022-04-11","2022-04-11 09:30:00.000","601015.SH","陕西黑猫","买入","100","6.11","611","--","5","普通成交"
"2022-04-11","2022-04-11 09:30:00.000","600121.SH","郑州煤电","卖出","1400","4.14","5796","-184.29 / -3.08%","10.8","普通成交"
"2022-04-11","2022-04-11 09:30:00.000","002806.SZ","华锋股份","卖出","1300","10.45","13585","-1152.33 / -7.82%","18.59","普通成交"
"2022-04-08","2022-04-08 09:30:00.000","605376.SH","博迁新材","买入","100","43.68","4368","--","5","普通成交"
"2022-04-08","2022-04-08 09:30:00.000","603897.SH","长城科技","买入","100","29.1","2910","--","5","普通成交"
"2022-04-08","2022-04-08 09:30:00.000","601015.SH","陕西黑猫","卖出","1500","6.15","9225","28.31 / 0.31%","14.23","普通成交"
"2022-04-08","2022-04-08 09:30:00.000","600121.SH","郑州煤电","卖出","600","4.19","2514","-48.98 / -1.91%","7.51","普通成交"
"2022-04-08","2022-04-08 09:30:00.000","002806.SZ","华锋股份","买入","300","10.83","3249","--","5","普通成交"
"2022-04-07","2022-04-07 09:30:00.000","603897.SH","长城科技","买入","200","29.94","5988","--","5","普通成交"
"2022-04-07","2022-04-07 09:30:00.000","601015.SH","陕西黑猫","卖出","900","6.12","5508","-10.01 / -0.18%","10.51","普通成交"
"2022-04-07","2022-04-07 09:30:00.000","600121.SH","郑州煤电","卖出","400","4.28","1712","3.35 / 0.2%","6.71","普通成交"
"2022-04-06","2022-04-06 09:30:00.000","603897.SH","长城科技","买入","400","30.69","12276","--","5","普通成交"
"2022-04-06","2022-04-06 09:30:00.000","601015.SH","陕西黑猫","买入","800","6.07","4856","--","5","普通成交"
"2022-04-06","2022-04-06 09:30:00.000","600121.SH","郑州煤电","卖出","1900","4.26","8094","-22.1 / -0.27%","13.09","普通成交"
"2022-04-06","2022-04-06 09:30:00.000","003021.SZ","兆威机电","卖出","300","38.77","11631","-541.53 / -4.45%","16.63","普通成交"
"2022-04-06","2022-04-06 09:30:00.000","002806.SZ","华锋股份","买入","200","10.77","2154","--","5","普通成交"
"2022-04-01","2022-04-01 09:30:00.000","603897.SH","长城科技","买入","100","30.33","3033","--","5","普通成交"
"2022-04-01","2022-04-01 09:30:00.000","601015.SH","陕西黑猫","买入","500","6.12","3060","--","5","普通成交"
"2022-04-01","2022-04-01 09:30:00.000","600121.SH","郑州煤电","卖出","400","4.3","1720","11.35 / 0.66%","6.72","普通成交"
"2022-04-01","2022-04-01 09:30:00.000","002806.SZ","华锋股份","卖出","300","11.95","3585","181.98 / 5.35%","8.59","普通成交"
"2022-03-31","2022-03-31 09:30:00.000","603897.SH","长城科技","卖出","100","31.8","3180","-88.14 / -2.7%","8.18","普通成交"
"2022-03-31","2022-03-31 09:30:00.000","600121.SH","郑州煤电","买入","1900","4.29","8151","--","5","普通成交"
"2022-03-31","2022-03-31 09:30:00.000","003021.SZ","兆威机电","卖出","100","40.19","4019","-38.51 / -0.95%","9.02","普通成交"
"2022-03-31","2022-03-31 09:30:00.000","002806.SZ","华锋股份","卖出","100","11.55","1155","20.66 / 1.82%","6.16","普通成交"
"2022-03-30","2022-03-30 09:30:00.000","605376.SH","博迁新材","买入","100","46.13","4613","--","5","普通成交"
"2022-03-30","2022-03-30 09:30:00.000","603897.SH","长城科技","买入","200","31.35","6270","--","5","普通成交"
"2022-03-30","2022-03-30 09:30:00.000","601015.SH","陕西黑猫","卖出","1100","6.17","6787","41.98 / 0.62%","11.79","普通成交"
"2022-03-30","2022-03-30 09:30:00.000","600121.SH","郑州煤电","卖出","1100","4.38","4818","119.59 / 2.55%","9.82","普通成交"
"2022-03-30","2022-03-30 09:30:00.000","003021.SZ","兆威机电","买入","100","39.58","3958","--","5","普通成交"
"2022-03-30","2022-03-30 09:30:00.000","002806.SZ","华锋股份","卖出","300","11.43","3429","25.98 / 0.76%","8.43","普通成交"
"2022-03-29","2022-03-29 09:30:00.000","605376.SH","博迁新材","买入","200","47.71","9542","--","5","普通成交"
"2022-03-29","2022-03-29 09:30:00.000","603897.SH","长城科技","买入","300","32.22","9666","--","5","普通成交"
"2022-03-29","2022-03-29 09:30:00.000","601015.SH","陕西黑猫","卖出","800","6.28","5024","118.53 / 2.42%","10.02","普通成交"
"2022-03-29","2022-03-29 09:30:00.000","600121.SH","郑州煤电","卖出","2600","4.34","11284","178.67 / 1.61%","16.28","普通成交"
"2022-03-29","2022-03-29 09:30:00.000","003021.SZ","兆威机电","买入","200","40.1","8020","--","5","普通成交"
"2022-03-29","2022-03-29 09:30:00.000","002806.SZ","华锋股份","卖出","100","11.5","1150","15.66 / 1.38%","6.15","普通成交"
"2022-03-28","2022-03-28 09:30:00.000","605376.SH","博迁新材","买入","9800","48","470400","--","141.12","普通成交"
"2022-03-28","2022-03-28 09:30:00.000","603897.SH","长城科技","买入","13900","32.7","454530","--","136.36","普通成交"
"2022-03-28","2022-03-28 09:30:00.000","601015.SH","陕西黑猫","买入","64100","6.13","392933","--","117.88","普通成交"
"2022-03-28","2022-03-28 09:30:00.000","600121.SH","郑州煤电","买入","116900","4.27","499163","--","149.75","普通成交"
"2022-03-28","2022-03-28 09:30:00.000","003021.SZ","兆威机电","买入","10800","40.58","438264","--","131.48","普通成交"
"2022-03-28","2022-03-28 09:30:00.000","002806.SZ","华锋股份","买入","37300","11.34","422982","--","126.89","普通成交"
"2022-03-01","2022-03-01 09:30:00.000","300875.SZ","捷强装备","卖出","8200","58.01","475682","30461.41 / 6.84%","618.39","普通成交"
"2022-03-01","2022-03-01 09:30:00.000","688788.SH","科思科技","卖出","4133","97.92","404703.36","-44275.09 / -9.86%","526.11","普通成交"
"2022-02-28","2022-02-28 09:30:00.000","603630.SH","拉芳家化","卖出","30400","17.03","517712","-16661.12 / -3.12%","673.03","普通成交"
"2022-02-28","2022-02-28 09:30:00.000","300875.SZ","捷强装备","买入","400","57.8","23120","--","6.94","普通成交"
"2022-02-28","2022-02-28 09:30:00.000","002623.SZ","亚玛顿","卖出","19200","28.69","550848","28259.27 / 5.41%","716.1","普通成交"
"2022-02-28","2022-02-28 09:30:00.000","002622.SZ","融钰集团","卖出","98700","3.77","372099","-199.04 / -0.05%","483.73","普通成交"
"2022-02-28","2022-02-28 09:30:00.000","000615.SZ","奥园美谷","卖出","46100","8.6","396460","9107.08 / 2.35%","515.4","普通成交"
"2022-02-25","2022-02-25 09:30:00.000","603630.SH","拉芳家化","买入","600","16.71","10026","--","5","普通成交"
"2022-02-25","2022-02-25 09:30:00.000","300875.SZ","捷强装备","卖出","200","56.01","11202","379.09 / 3.5%","16.2","普通成交"
"2022-02-25","2022-02-25 09:30:00.000","000615.SZ","奥园美谷","买入","100","8.32","832","--","5","普通成交"
"2022-02-24","2022-02-24 09:30:00.000","300875.SZ","捷强装备","买入","100","56.12","5612","--","5","普通成交"
"2022-02-24","2022-02-24 09:30:00.000","002623.SZ","亚玛顿","卖出","100","28.01","2801","79.18 / 2.91%","7.8","普通成交"
"2022-02-24","2022-02-24 09:30:00.000","002622.SZ","融钰集团","买入","1400","3.83","5362","--","5","普通成交"
"2022-02-23","2022-02-23 09:30:00.000","603630.SH","拉芳家化","买入","800","17.23","13784","--","5","普通成交"
"2022-02-23","2022-02-23 09:30:00.000","300875.SZ","捷强装备","卖出","400","55.82","22328","692.58 / 3.2%","29.03","普通成交"
"2022-02-22","2022-02-22 09:30:00.000","300875.SZ","捷强装备","买入","100","55.05","5505","--","5","普通成交"
"2022-02-22","2022-02-22 09:30:00.000","002622.SZ","融钰集团","卖出","900","3.86","3474","79.98 / 2.36%","8.47","普通成交"
"2022-02-22","2022-02-22 09:30:00.000","000615.SZ","奥园美谷","卖出","300","8.49","2547","26.24 / 1.04%","7.55","普通成交"
"2022-02-21","2022-02-21 09:30:00.000","688788.SH","科思科技","买入","4133","108.6","448843.8","--","134.65","普通成交"
"2022-02-21","2022-02-21 09:30:00.000","603630.SH","拉芳家化","买入","29000","17.6","510400","--","153.12","普通成交"
"2022-02-21","2022-02-21 09:30:00.000","300875.SZ","捷强装备","买入","8200","54.06","443292","--","132.99","普通成交"
"2022-02-21","2022-02-21 09:30:00.000","002623.SZ","亚玛顿","买入","19300","27.21","525153","--","157.55","普通成交"
"2022-02-21","2022-02-21 09:30:00.000","002622.SZ","融钰集团","买入","98200","3.77","370214","--","111.06","普通成交"
"2022-02-21","2022-02-21 09:30:00.000","000615.SZ","奥园美谷","买入","46300","8.4","388920","--","116.68","普通成交"
"2021-12-28","2021-12-28 09:30:00.000","300111.SZ","向日葵","卖出","184400","3.2","590080","78230.19 / 15.28%","767.1","普通成交"
"2021-12-28","2021-12-28 09:30:00.000","600121.SH","郑州煤电","卖出","96900","4.88","472872","809.25 / 0.17%","614.73","普通成交"
"2021-12-28","2021-12-28 09:30:00.000","000633.SZ","合金投资","卖出","81600","6.16","502656","-22342.8 / -4.26%","653.45","普通成交"
"2021-12-28","2021-12-28 09:30:00.000","600971.SH","恒源煤电","卖出","61600","6.6","406560","6610.39 / 1.65%","528.53","普通成交"
"2021-12-28","2021-12-28 09:30:00.000","002716.SZ","金贵银业","卖出","120300","3.22","387366","-5847.28 / -1.49%","503.58","普通成交"
"2021-12-28","2021-12-28 09:30:00.000","600207.SH","安彩高科","卖出","48500","6.81","330285","-595.34 / -0.18%","429.37","普通成交"
"2021-12-27","2021-12-27 09:30:00.000","600971.SH","恒源煤电","买入","400","6.62","2648","--","5","普通成交"
"2021-12-27","2021-12-27 09:30:00.000","600207.SH","安彩高科","买入","600","6.74","4044","--","5","普通成交"
"2021-12-27","2021-12-27 09:30:00.000","600121.SH","郑州煤电","买入","900","4.89","4401","--","5","普通成交"
"2021-12-27","2021-12-27 09:30:00.000","300111.SZ","向日葵","卖出","4100","2.98","12218","837.39 / 7.36%","17.22","普通成交"
"2021-12-27","2021-12-27 09:30:00.000","002716.SZ","金贵银业","买入","1800","3.18","5724","--","5","普通成交"
"2021-12-27","2021-12-27 09:30:00.000","000633.SZ","合金投资","买入","1700","6.18","10506","--","5","普通成交"
"2021-12-24","2021-12-24 09:30:00.000","600971.SH","恒源煤电","卖出","1300","6.77","8801","361.69 / 4.29%","13.8","普通成交"
"2021-12-24","2021-12-24 09:30:00.000","600207.SH","安彩高科","卖出","600","6.92","4152","58.08 / 1.42%","9.15","普通成交"
"2021-12-24","2021-12-24 09:30:00.000","600121.SH","郑州煤电","卖出","700","4.99","3493","83.0 / 2.43%","8.49","普通成交"
"2021-12-24","2021-12-24 09:30:00.000","002716.SZ","金贵银业","买入","100","3.25","325","--","5","普通成交"
"2021-12-24","2021-12-24 09:30:00.000","000633.SZ","合金投资","买入","600","6.26","3756","--","5","普通成交"
"2021-12-23","2021-12-23 09:30:00.000","600971.SH","恒源煤电","买入","100","6.64","664","--","5","普通成交"
"2021-12-23","2021-12-23 09:30:00.000","600207.SH","安彩高科","卖出","700","6.87","4809","32.76 / 0.69%","9.81","普通成交"
"2021-12-23","2021-12-23 09:30:00.000","300111.SZ","向日葵","买入","3500","3","10500","--","5","普通成交"
"2021-12-23","2021-12-23 09:30:00.000","002716.SZ","金贵银业","卖出","400","3.34","1336","28.05 / 2.14%","6.34","普通成交"
"2021-12-23","2021-12-23 09:30:00.000","000633.SZ","合金投资","买入","700","6.33","4431","--","5","普通成交"
"2021-12-22","2021-12-22 09:30:00.000","600207.SH","安彩高科","买入","600","6.78","4068","--","5","普通成交"
"2021-12-22","2021-12-22 09:30:00.000","600121.SH","郑州煤电","买入","1600","4.99","7984","--","5","普通成交"
"2021-12-22","2021-12-22 09:30:00.000","300111.SZ","向日葵","卖出","8400","3.06","25704","2423.49 / 10.41%","33.42","普通成交"
"2021-12-22","2021-12-22 09:30:00.000","002716.SZ","金贵银业","买入","100","3.28","328","--","5","普通成交"
"2021-12-22","2021-12-22 09:30:00.000","000633.SZ","合金投资","买入","100","6.4","640","--","5","普通成交"
"2021-12-21","2021-12-21 09:30:00.000","600971.SH","恒源煤电","买入","400","6.48","2592","--","5","普通成交"
"2021-12-21","2021-12-21 09:30:00.000","600207.SH","安彩高科","买入","400","6.69","2676","--","5","普通成交"
"2021-12-21","2021-12-21 09:30:00.000","600121.SH","郑州煤电","买入","2900","4.89","14181","--","5","普通成交"
"2021-12-21","2021-12-21 09:30:00.000","300111.SZ","向日葵","卖出","6000","2.84","17040","411.07 / 2.47%","22.15","普通成交"
"2021-12-21","2021-12-21 09:30:00.000","002716.SZ","金贵银业","买入","800","3.22","2576","--","5","普通成交"
"2021-12-21","2021-12-21 09:30:00.000","000633.SZ","合金投资","买入","800","6.3","5040","--","5","普通成交"
"2021-12-20","2021-12-20 09:30:00.000","600971.SH","恒源煤电","卖出","600","6.7","4020","125.13 / 3.21%","9.02","普通成交"
"2021-12-20","2021-12-20 09:30:00.000","600207.SH","安彩高科","卖出","1000","6.88","6880","55.36 / 0.81%","11.88","普通成交"
"2021-12-20","2021-12-20 09:30:00.000","600121.SH","郑州煤电","买入","2700","5.11","13797","--","5","普通成交"
"2021-12-20","2021-12-20 09:30:00.000","300111.SZ","向日葵","买入","4100","2.81","11521","--","5","普通成交"
"2021-12-20","2021-12-20 09:30:00.000","002716.SZ","金贵银业","卖出","400","3.26","1304","-4.05 / -0.31%","6.3","普通成交"
"2021-12-20","2021-12-20 09:30:00.000","000633.SZ","合金投资","买入","900","6.5","5850","--","5","普通成交"
"2021-12-17","2021-12-17 09:30:00.000","600971.SH","恒源煤电","卖出","2100","6.81","14301","668.95 / 4.91%","19.3","普通成交"
"2021-12-17","2021-12-17 09:30:00.000","600207.SH","安彩高科","买入","1100","6.94","7634","--","5","普通成交"
"2021-12-17","2021-12-17 09:30:00.000","600121.SH","郑州煤电","卖出","4500","5.22","23490","1613.98 / 7.38%","30.54","普通成交"
"2021-12-17","2021-12-17 09:30:00.000","300111.SZ","向日葵","买入","100","2.81","281","--","5","普通成交"
"2021-12-17","2021-12-17 09:30:00.000","002716.SZ","金贵银业","买入","100","3.2","320","--","5","普通成交"
"2021-12-17","2021-12-17 09:30:00.000","000633.SZ","合金投资","买入","200","6.44","1288","--","5","普通成交"
"2021-12-16","2021-12-16 09:30:00.000","600971.SH","恒源煤电","买入","200","6.5","1300","--","5","普通成交"
"2021-12-16","2021-12-16 09:30:00.000","600207.SH","安彩高科","卖出","400","6.91","2764","35.24 / 1.29%","7.76","普通成交"
"2021-12-16","2021-12-16 09:30:00.000","300111.SZ","向日葵","卖出","100","2.78","278","0.94 / 0.34%","5.28","普通成交"
"2021-12-16","2021-12-16 09:30:00.000","002716.SZ","金贵银业","买入","1700","3.21","5457","--","5","普通成交"
"2021-12-15","2021-12-15 09:30:00.000","600971.SH","恒源煤电","买入","700","6.42","4494","--","5","普通成交"
"2021-12-15","2021-12-15 09:30:00.000","600207.SH","安彩高科","卖出","500","6.79","3395","-15.95 / -0.47%","8.4","普通成交"
"2021-12-15","2021-12-15 09:30:00.000","600121.SH","郑州煤电","买入","200","4.78","956","--","5","普通成交"
"2021-12-15","2021-12-15 09:30:00.000","300111.SZ","向日葵","卖出","2800","2.76","7728","-29.7 / -0.38%","12.73","普通成交"
"2021-12-15","2021-12-15 09:30:00.000","000633.SZ","合金投资","买入","100","6.4","640","--","5","普通成交"
"2021-12-14","2021-12-14 09:30:00.000","600971.SH","恒源煤电","买入","200","6.5","1300","--","5","普通成交"
"2021-12-14","2021-12-14 09:30:00.000","600207.SH","安彩高科","买入","200","6.76","1352","--","5","普通成交"
"2021-12-14","2021-12-14 09:30:00.000","600121.SH","郑州煤电","卖出","600","4.9","2940","23.13 / 0.79%","7.94","普通成交"
"2021-12-14","2021-12-14 09:30:00.000","300111.SZ","向日葵","买入","1200","2.73","3276","--","5","普通成交"
"2021-12-14","2021-12-14 09:30:00.000","002716.SZ","金贵银业","卖出","400","3.26","1304","-4.39 / -0.34%","6.3","普通成交"
"2021-12-14","2021-12-14 09:30:00.000","000633.SZ","合金投资","卖出","300","6.46","1938","5.42 / 0.28%","6.94","普通成交"
"2021-12-13","2021-12-13 09:30:00.000","600971.SH","恒源煤电","买入","63600","6.49","412764","--","123.83","普通成交"
"2021-12-13","2021-12-13 09:30:00.000","600207.SH","安彩高科","买入","48800","6.82","332816","--","99.84","普通成交"
"2021-12-13","2021-12-13 09:30:00.000","600121.SH","郑州煤电","买入","94400","4.86","458784","--","137.64","普通成交"
"2021-12-13","2021-12-13 09:30:00.000","300111.SZ","向日葵","买入","196900","2.77","545413","--","163.62","普通成交"
"2021-12-13","2021-12-13 09:30:00.000","002716.SZ","金贵银业","买入","116900","3.27","382263","--","114.68","普通成交"
"2021-12-13","2021-12-13 09:30:00.000","000633.SZ","合金投资","买入","76800","6.44","494592","--","148.38","普通成交"
"2021-12-07","2021-12-07 09:30:00.000","601003.SH","柳钢股份","卖出","92700","5.35","495945","12979.73 / 2.69%","644.73","普通成交"
"2021-12-07","2021-12-07 09:30:00.000","600696.SH","岩石股份","卖出","10900","31.33","341497","35758.59 / 11.7%","443.95","普通成交"
"2021-12-07","2021-12-07 09:30:00.000","000655.SZ","金岭矿业","卖出","44600","8.75","390250","18324.29 / 4.93%","507.33","普通成交"
"2021-12-07","2021-12-07 09:30:00.000","002596.SZ","海南瑞泽","卖出","146400","3.64","532896","15456.83 / 2.99%","692.76","普通成交"
"2021-12-07","2021-12-07 09:30:00.000","300374.SZ","中铁装配","卖出","27300","12.9","352170","30711.73 / 9.55%","457.82","普通成交"
"2021-12-07","2021-12-07 09:30:00.000","600070.SH","浙江富润","卖出","72600","7.14","518364","-14624.07 / -2.74%","673.87","普通成交"
"2021-12-06","2021-12-06 09:30:00.000","601003.SH","柳钢股份","买入","200","5.32","1064","--","5","普通成交"
"2021-12-06","2021-12-06 09:30:00.000","600070.SH","浙江富润","买入","1200","7.32","8784","--","5","普通成交"
"2021-12-06","2021-12-06 09:30:00.000","300374.SZ","中铁装配","卖出","800","12.42","9936","515.98 / 5.48%","14.94","普通成交"
"2021-12-06","2021-12-06 09:30:00.000","002596.SZ","海南瑞泽","买入","2600","3.65","9490","--","5","普通成交"
"2021-12-06","2021-12-06 09:30:00.000","000655.SZ","金岭矿业","买入","300","8.69","2607","--","5","普通成交"
"2021-12-03","2021-12-03 09:30:00.000","601003.SH","柳钢股份","买入","200","5.29","1058","--","5","普通成交"
"2021-12-03","2021-12-03 09:30:00.000","600696.SH","岩石股份","卖出","400","31.7","12680","1460.24 / 13.01%","17.68","普通成交"
"2021-12-03","2021-12-03 09:30:00.000","600070.SH","浙江富润","买入","1300","7.29","9477","--","5","普通成交"
"2021-12-03","2021-12-03 09:30:00.000","300374.SZ","中铁装配","卖出","800","12.2","9760","339.98 / 3.61%","14.76","普通成交"
"2021-12-03","2021-12-03 09:30:00.000","002596.SZ","海南瑞泽","买入","100","3.62","362","--","5","普通成交"
"2021-12-03","2021-12-03 09:30:00.000","000655.SZ","金岭矿业","买入","100","8.65","865","--","5","普通成交"
"2021-12-02","2021-12-02 09:30:00.000","601003.SH","柳钢股份","卖出","300","5.25","1575","12.16 / 0.78%","6.58","普通成交"
"2021-12-02","2021-12-02 09:30:00.000","600696.SH","岩石股份","买入","200","30.4","6080","--","5","普通成交"
"2021-12-02","2021-12-02 09:30:00.000","600070.SH","浙江富润","买入","500","7.6","3800","--","5","普通成交"
"2021-12-02","2021-12-02 09:30:00.000","002596.SZ","海南瑞泽","买入","900","3.67","3303","--","5","普通成交"
"2021-12-02","2021-12-02 09:30:00.000","000655.SZ","金岭矿业","买入","500","8.53","4265","--","5","普通成交"
"2021-12-01","2021-12-01 09:30:00.000","601003.SH","柳钢股份","买入","1900","5.15","9785","--","5","普通成交"
"2021-12-01","2021-12-01 09:30:00.000","600696.SH","岩石股份","卖出","800","31.11","24888","2482.73 / 11.08%","32.35","普通成交"
"2021-12-01","2021-12-01 09:30:00.000","600070.SH","浙江富润","卖出","300","7.4","2220","17.79 / 0.81%","7.22","普通成交"
"2021-12-01","2021-12-01 09:30:00.000","000655.SZ","金岭矿业","买入","100","8.45","845","--","5","普通成交"
"2021-11-30","2021-11-30 09:30:00.000","601003.SH","柳钢股份","买入","1700","5.16","8772","--","5","普通成交"
"2021-11-30","2021-11-30 09:30:00.000","600696.SH","岩石股份","买入","300","27.92","8376","--","5","普通成交"
"2021-11-30","2021-11-30 09:30:00.000","600070.SH","浙江富润","买入","1200","7.25","8700","--","5","普通成交"
"2021-11-30","2021-11-30 09:30:00.000","300374.SZ","中铁装配","买入","800","11.47","9176","--","5","普通成交"
"2021-11-30","2021-11-30 09:30:00.000","002596.SZ","海南瑞泽","买入","1000","3.56","3560","--","5","普通成交"
"2021-11-30","2021-11-30 09:30:00.000","000655.SZ","金岭矿业","买入","100","8.55","855","--","5","普通成交"
"2021-11-29","2021-11-29 09:30:00.000","601003.SH","柳钢股份","买入","89000","5.21","463690","--","139.11","普通成交"
"2021-11-29","2021-11-29 09:30:00.000","600696.SH","岩石股份","买入","11600","28","324800","--","97.44","普通成交"
"2021-11-29","2021-11-29 09:30:00.000","600070.SH","浙江富润","买入","68700","7.34","504258","--","151.28","普通成交"
"2021-11-29","2021-11-29 09:30:00.000","300374.SZ","中铁装配","买入","28100","11.78","331018","--","99.31","普通成交"
"2021-11-29","2021-11-29 09:30:00.000","002596.SZ","海南瑞泽","买入","141800","3.53","500554","--","150.17","普通成交"
"2021-11-29","2021-11-29 09:30:00.000","000655.SZ","金岭矿业","买入","43500","8.33","362355","--","108.71","普通成交"
"2021-11-02","2021-11-02 09:30:00.000","000652.SZ","泰达股份","卖出","149500","3.96","592020","-2938.94 / -0.49%","769.63","普通成交"
"2021-11-02","2021-11-02 09:30:00.000","688389.SH","普门科技","卖出","20971","22.5","471847.5","80671.07 / 20.62%","613.4","普通成交"
"2021-11-02","2021-11-02 09:30:00.000","603059.SH","倍加洁","卖出","15600","20.58","321048","-3703.86 / -1.14%","417.36","普通成交"
"2021-11-02","2021-11-02 09:30:00.000","605009.SH","豪悦护理","卖出","9800","53.46","523908","15178.54 / 2.98%","681.08","普通成交"
"2021-11-02","2021-11-02 09:30:00.000","000622.SZ","恒立实业","卖出","72600","3.46","251196","-9763.76 / -3.74%","326.55","普通成交"
"2021-11-01","2021-11-01 09:30:00.000","688389.SH","普门科技","买入","210","22.34","4691.4","--","5","普通成交"
"2021-11-01","2021-11-01 09:30:00.000","688289.SH","圣湘生物","卖出","6864","53.88","369832.32","-15075.2 / -3.92%","480.78","普通成交"
"2021-11-01","2021-11-01 09:30:00.000","605009.SH","豪悦护理","卖出","100","53.96","5396","204.88 / 3.95%","10.4","普通成交"
"2021-11-01","2021-11-01 09:30:00.000","603059.SH","倍加洁","买入","200","20.3","4060","--","5","普通成交"
"2021-11-01","2021-11-01 09:30:00.000","000652.SZ","泰达股份","卖出","1200","3.95","4740","-35.59 / -0.75%","9.74","普通成交"
"2021-11-01","2021-11-01 09:30:00.000","000622.SZ","恒立实业","买入","300","3.43","1029","--","5","普通成交"
"2021-10-29","2021-10-29 09:30:00.000","688389.SH","普门科技","买入","232","22.35","5185.2","--","5","普通成交"
"2021-10-29","2021-10-29 09:30:00.000","688289.SH","圣湘生物","买入","487","54.35","26468.45","--","7.94","普通成交"
"2021-10-29","2021-10-29 09:30:00.000","605009.SH","豪悦护理","卖出","100","53.62","5362","170.88 / 3.29%","10.36","普通成交"
"2021-10-29","2021-10-29 09:30:00.000","603059.SH","倍加洁","买入","300","20.32","6096","--","5","普通成交"
"2021-10-29","2021-10-29 09:30:00.000","000652.SZ","泰达股份","买入","3500","3.91","13685","--","5","普通成交"
"2021-10-29","2021-10-29 09:30:00.000","000622.SZ","恒立实业","买入","300","3.5","1050","--","5","普通成交"
"2021-10-28","2021-10-28 09:30:00.000","688389.SH","普门科技","卖出","2100","22.8","47880","8876.22 / 22.76%","62.24","普通成交"
"2021-10-28","2021-10-28 09:30:00.000","000652.SZ","泰达股份","买入","1500","3.96","5940","--","5","普通成交"
"2021-10-28","2021-10-28 09:30:00.000","000622.SZ","恒立实业","买入","300","3.47","1041","--","5","普通成交"
"2021-10-27","2021-10-27 09:30:00.000","688389.SH","普门科技","买入","723","20.92","15125.16","--","5","普通成交"
"2021-10-27","2021-10-27 09:30:00.000","605009.SH","豪悦护理","买入","400","51.55","20620","--","6.19","普通成交"
"2021-10-27","2021-10-27 09:30:00.000","603059.SH","倍加洁","买入","400","20.72","8288","--","5","普通成交"
"2021-10-27","2021-10-27 09:30:00.000","000652.SZ","泰达股份","买入","1200","4.01","4812","--","5","普通成交"
"2021-10-27","2021-10-27 09:30:00.000","000622.SZ","恒立实业","买入","3400","3.49","11866","--","5","普通成交"
"2021-10-26","2021-10-26 09:30:00.000","688389.SH","普门科技","卖出","3200","21.31","68192","9006.25 / 15.22%","88.65","普通成交"
"2021-10-25","2021-10-25 09:30:00.000","688389.SH","普门科技","买入","25106","18.49","464209.94","--","139.26","普通成交"
"2021-10-25","2021-10-25 09:30:00.000","688289.SH","圣湘生物","买入","6377","56.19","358323.63","--","107.5","普通成交"
"2021-10-25","2021-10-25 09:30:00.000","605009.SH","豪悦护理","买入","9600","51.91","498336","--","149.5","普通成交"
"2021-10-25","2021-10-25 09:30:00.000","603059.SH","倍加洁","买入","14700","20.83","306201","--","91.86","普通成交"
"2021-10-25","2021-10-25 09:30:00.000","000652.SZ","泰达股份","买入","144500","3.98","575110","--","172.53","普通成交"
"2021-10-25","2021-10-25 09:30:00.000","000622.SZ","恒立实业","买入","68300","3.6","245880","--","73.76","普通成交"
"2021-10-11","2021-10-11 09:30:00.000","600661.SH","昂立教育","卖出","35700","9.56","341292","6018.0 / 1.79%","443.68","普通成交"
"2021-10-11","2021-10-11 09:30:00.000","300860.SZ","锋尚文化","卖出","11600","41.36","479776","-6818.09 / -1.4%","623.71","普通成交"
"2021-10-11","2021-10-11 09:30:00.000","002991.SZ","甘源食品","卖出","11200","49.33","552496","25061.22 / 4.75%","718.24","普通成交"
"2021-10-08","2021-10-08 09:30:00.000","603755.SH","日辰股份","卖出","6200","42.48","263376","16790.04 / 6.81%","342.39","普通成交"
"2021-10-08","2021-10-08 09:30:00.000","600661.SH","昂立教育","卖出","100","9.12","912","-27.14 / -2.89%","5.91","普通成交"
"2021-10-08","2021-10-08 09:30:00.000","300860.SZ","锋尚文化","买入","300","40.01","12003","--","5","普通成交"
"2021-10-08","2021-10-08 09:30:00.000","300856.SZ","科思股份","卖出","13900","40.94","569066","-15669.9 / -2.68%","739.79","普通成交"
"2021-10-08","2021-10-08 09:30:00.000","002991.SZ","甘源食品","买入","100","46.85","4685","--","5","普通成交"
"2021-10-08","2021-10-08 09:30:00.000","002919.SZ","名臣健康","卖出","5200","47.05","244660","6636.61 / 2.79%","318.06","普通成交"
"2021-09-30","2021-09-30 09:30:00.000","603755.SH","日辰股份","卖出","400","42.19","16876","967.23 / 6.08%","21.94","普通成交"
"2021-09-30","2021-09-30 09:30:00.000","600661.SH","昂立教育","买入","200","8.88","1776","--","5","普通成交"
"2021-09-29","2021-09-29 09:30:00.000","600661.SH","昂立教育","买入","700","8.99","6293","--","5","普通成交"
"2021-09-29","2021-09-29 09:30:00.000","300856.SZ","科思股份","卖出","100","40","4000","-206.73 / -4.91%","9","普通成交"
"2021-09-28","2021-09-28 09:30:00.000","603755.SH","日辰股份","卖出","100","40.51","4051","73.81 / 1.86%","9.05","普通成交"
"2021-09-28","2021-09-28 09:30:00.000","600661.SH","昂立教育","买入","100","9.11","911","--","5","普通成交"
"2021-09-28","2021-09-28 09:30:00.000","300860.SZ","锋尚文化","买入","100","41.52","4152","--","5","普通成交"
"2021-09-28","2021-09-28 09:30:00.000","300856.SZ","科思股份","买入","600","40.15","24090","--","7.23","普通成交"
"2021-09-28","2021-09-28 09:30:00.000","002991.SZ","甘源食品","卖出","200","48","9600","181.18 / 1.92%","14.6","普通成交"
"2021-09-27","2021-09-27 09:30:00.000","603755.SH","日辰股份","买入","6700","39.76","266392","--","79.92","普通成交"
"2021-09-27","2021-09-27 09:30:00.000","600661.SH","昂立教育","买入","34800","9.4","327120","--","98.14","普通成交"
"2021-09-27","2021-09-27 09:30:00.000","300860.SZ","锋尚文化","买入","11200","41.99","470288","--","141.09","普通成交"
"2021-09-27","2021-09-27 09:30:00.000","300856.SZ","科思股份","买入","13400","42.14","564676","--","169.4","普通成交"
"2021-09-27","2021-09-27 09:30:00.000","002991.SZ","甘源食品","买入","11300","47.08","532004","--","159.6","普通成交"
"2021-09-27","2021-09-27 09:30:00.000","002919.SZ","名臣健康","买入","5200","45.76","237952","--","71.39","普通成交"
"2021-09-14","2021-09-14 09:30:00.000","002443.SZ","金洲管道","卖出","88800","6.49","576312","64173.29 / 12.53%","749.21","普通成交"
"2021-09-14","2021-09-14 09:30:00.000","002927.SZ","泰永长征","卖出","36000","11.54","415440","13900.16 / 3.46%","540.07","普通成交"
"2021-09-14","2021-09-14 09:30:00.000","002082.SZ","万邦德","卖出","24400","11","268400","9342.76 / 3.61%","348.92","普通成交"
"2021-09-14","2021-09-14 09:30:00.000","002953.SZ","日丰股份","卖出","25500","14.71","375105","9257.1 / 2.53%","487.64","普通成交"
"2021-09-14","2021-09-14 09:30:00.000","601069.SH","西部黄金","卖出","43100","12.65","545215","48678.56 / 9.8%","708.78","普通成交"
"2021-09-14","2021-09-14 09:30:00.000","000923.SZ","河钢资源","卖出","11000","21.18","232980","24445.35 / 11.72%","302.87","普通成交"
"2021-09-13","2021-09-13 09:30:00.000","601069.SH","西部黄金","卖出","600","12.47","7482","569.66 / 8.24%","12.48","普通成交"
"2021-09-13","2021-09-13 09:30:00.000","002953.SZ","日丰股份","买入","100","14.79","1479","--","5","普通成交"
"2021-09-13","2021-09-13 09:30:00.000","002927.SZ","泰永长征","买入","300","11.4","3420","--","5","普通成交"
"2021-09-13","2021-09-13 09:30:00.000","002443.SZ","金洲管道","卖出","400","6.36","2544","237.07 / 10.28%","7.54","普通成交"
"2021-09-13","2021-09-13 09:30:00.000","002082.SZ","万邦德","买入","300","10.65","3195","--","5","普通成交"
"2021-09-10","2021-09-10 09:30:00.000","601069.SH","西部黄金","卖出","500","12.39","6195","434.72 / 7.55%","11.2","普通成交"
"2021-09-10","2021-09-10 09:30:00.000","002953.SZ","日丰股份","买入","500","15.14","7570","--","5","普通成交"
"2021-09-10","2021-09-10 09:30:00.000","002927.SZ","泰永长征","买入","1000","11.53","11530","--","5","普通成交"
"2021-09-10","2021-09-10 09:30:00.000","002443.SZ","金洲管道","卖出","1100","6.48","7128","783.94 / 12.36%","12.13","普通成交"
"2021-09-10","2021-09-10 09:30:00.000","002082.SZ","万邦德","买入","200","10.87","2174","--","5","普通成交"
"2021-09-10","2021-09-10 09:30:00.000","000923.SZ","河钢资源","卖出","500","21.08","10540","1061.15 / 11.19%","15.54","普通成交"
"2021-09-09","2021-09-09 09:30:00.000","601069.SH","西部黄金","卖出","300","12.13","3639","182.83 / 5.29%","8.64","普通成交"
"2021-09-09","2021-09-09 09:30:00.000","002953.SZ","日丰股份","买入","400","15.12","6048","--","5","普通成交"
"2021-09-09","2021-09-09 09:30:00.000","002927.SZ","泰永长征","买入","1000","11.7","11700","--","5","普通成交"
"2021-09-09","2021-09-09 09:30:00.000","002443.SZ","金洲管道","卖出","400","6.31","2524","217.07 / 9.41%","7.52","普通成交"
"2021-09-09","2021-09-09 09:30:00.000","002082.SZ","万邦德","卖出","200","10.81","2162","39.17 / 1.85%","7.16","普通成交"
"2021-09-09","2021-09-09 09:30:00.000","000923.SZ","河钢资源","卖出","100","19.83","1983","87.23 / 4.6%","6.98","普通成交"
"2021-09-08","2021-09-08 09:30:00.000","601069.SH","西部黄金","买入","200","11.88","2376","--","5","普通成交"
"2021-09-08","2021-09-08 09:30:00.000","002953.SZ","日丰股份","卖出","900","15.58","14022","1137.82 / 8.83%","19.02","普通成交"
"2021-09-08","2021-09-08 09:30:00.000","002443.SZ","金洲管道","买入","1600","6.19","9904","--","5","普通成交"
"2021-09-08","2021-09-08 09:30:00.000","002082.SZ","万邦德","买入","100","10.75","1075","--","5","普通成交"
"2021-09-08","2021-09-08 09:30:00.000","000923.SZ","河钢资源","卖出","100","19.46","1946","50.23 / 2.65%","6.95","普通成交"
"2021-09-07","2021-09-07 09:30:00.000","601069.SH","西部黄金","卖出","400","11.85","4740","132.47 / 2.88%","9.74","普通成交"
"2021-09-07","2021-09-07 09:30:00.000","002953.SZ","日丰股份","卖出","300","14.91","4473","178.27 / 4.15%","9.47","普通成交"
"2021-09-07","2021-09-07 09:30:00.000","002443.SZ","金洲管道","买入","300","6.19","1857","--","5","普通成交"
"2021-09-07","2021-09-07 09:30:00.000","002082.SZ","万邦德","买入","23900","10.61","253579","--","76.07","普通成交"
"2021-09-07","2021-09-07 09:30:00.000","000923.SZ","河钢资源","买入","200","19","3800","--","5","普通成交"
"2021-09-07","2021-09-07 09:30:00.000","603978.SH","深圳新星","卖出","7200","19.81","142632","8655.15 / 6.46%","185.42","普通成交"
"2021-09-06","2021-09-06 09:30:00.000","603978.SH","深圳新星","买入","100","19.91","1991","--","5","普通成交"
"2021-09-06","2021-09-06 09:30:00.000","601069.SH","西部黄金","卖出","8500","11.8","100300","2389.93 / 2.44%","130.39","普通成交"
"2021-09-06","2021-09-06 09:30:00.000","002953.SZ","日丰股份","卖出","500","14.98","7490","332.12 / 4.64%","12.49","普通成交"
"2021-09-06","2021-09-06 09:30:00.000","002927.SZ","泰永长征","卖出","900","12","10800","788.51 / 7.88%","15.8","普通成交"
"2021-09-06","2021-09-06 09:30:00.000","002082.SZ","万邦德","买入","100","10.61","1061","--","5","普通成交"
"2021-09-06","2021-09-06 09:30:00.000","000923.SZ","河钢资源","买入","200","19.5","3900","--","5","普通成交"
"2021-09-03","2021-09-03 09:30:00.000","601069.SH","西部黄金","买入","1300","11.78","15314","--","5","普通成交"
"2021-09-03","2021-09-03 09:30:00.000","002953.SZ","日丰股份","买入","500","13.84","6920","--","5","普通成交"
"2021-09-03","2021-09-03 09:30:00.000","002927.SZ","泰永长征","卖出","2200","12.5","27500","3027.46 / 12.37%","35.75","普通成交"
"2021-09-03","2021-09-03 09:30:00.000","002443.SZ","金洲管道","买入","900","6.14","5526","--","5","普通成交"
"2021-09-03","2021-09-03 09:30:00.000","000923.SZ","河钢资源","买入","100","19.14","1914","--","5","普通成交"
"2021-09-02","2021-09-02 09:30:00.000","601069.SH","西部黄金","卖出","600","11.75","7050","142.68 / 2.07%","12.05","普通成交"
"2021-09-02","2021-09-02 09:30:00.000","002927.SZ","泰永长征","买入","700","10.67","7469","--","5","普通成交"
"2021-09-02","2021-09-02 09:30:00.000","002443.SZ","金洲管道","卖出","800","6.06","4848","244.64 / 5.31%","9.85","普通成交"
"2021-09-01","2021-09-01 09:30:00.000","601069.SH","西部黄金","卖出","200","11.72","2344","41.56 / 1.81%","7.34","普通成交"
"2021-09-01","2021-09-01 09:30:00.000","002927.SZ","泰永长征","买入","600","11.18","6708","--","5","普通成交"
"2021-09-01","2021-09-01 09:30:00.000","002443.SZ","金洲管道","卖出","1100","6.12","6732","402.37 / 6.36%","11.73","普通成交"
"2021-08-31","2021-08-31 09:30:00.000","601069.SH","西部黄金","买入","1000","11.7","11700","--","5","普通成交"
"2021-08-31","2021-08-31 09:30:00.000","002953.SZ","日丰股份","买入","800","13.93","11144","--","5","普通成交"
"2021-08-31","2021-08-31 09:30:00.000","002927.SZ","泰永长征","卖出","200","11.36","2272","45.68 / 2.05%","7.27","普通成交"
"2021-08-31","2021-08-31 09:30:00.000","002443.SZ","金洲管道","买入","11600","6.02","69832","--","20.95","普通成交"
"2021-08-31","2021-08-31 09:30:00.000","000923.SZ","河钢资源","买入","11100","18.93","210123","--","63.04","普通成交"
"2021-08-31","2021-08-31 09:30:00.000","600126.SH","杭钢股份","卖出","44100","6.4","282240","62113.42 / 28.22%","366.91","普通成交"
"2021-08-30","2021-08-30 09:30:00.000","603978.SH","深圳新星","卖出","100","20.23","2023","164.11 / 8.83%","7.02","普通成交"
"2021-08-30","2021-08-30 09:30:00.000","601069.SH","西部黄金","买入","600","12.04","7224","--","5","普通成交"
"2021-08-30","2021-08-30 09:30:00.000","600126.SH","杭钢股份","卖出","3600","6.79","24444","6474.48 / 36.03%","31.78","普通成交"
"2021-08-30","2021-08-30 09:30:00.000","002443.SZ","金洲管道","买入","100","6.15","615","--","5","普通成交"
"2021-08-30","2021-08-30 09:30:00.000","000923.SZ","河钢资源","买入","100","19.85","1985","--","5","普通成交"
"2021-08-27","2021-08-27 09:30:00.000","603978.SH","深圳新星","卖出","100","19.62","1962","103.11 / 5.55%","6.96","普通成交"
"2021-08-27","2021-08-27 09:30:00.000","601069.SH","西部黄金","买入","100","11.83","1183","--","5","普通成交"
"2021-08-27","2021-08-27 09:30:00.000","600126.SH","杭钢股份","卖出","100","5.8","580","80.85 / 16.2%","5.58","普通成交"
"2021-08-27","2021-08-27 09:30:00.000","002443.SZ","金洲管道","卖出","100","6.07","607","35.61 / 6.23%","5.61","普通成交"
"2021-08-26","2021-08-26 09:30:00.000","601069.SH","西部黄金","买入","200","11.91","2382","--","5","普通成交"
"2021-08-26","2021-08-26 09:30:00.000","600126.SH","杭钢股份","买入","600","5.83","3498","--","5","普通成交"
"2021-08-26","2021-08-26 09:30:00.000","002953.SZ","日丰股份","买入","800","14.12","11296","--","5","普通成交"
"2021-08-26","2021-08-26 09:30:00.000","002927.SZ","泰永长征","买入","500","11.01","5505","--","5","普通成交"
"2021-08-26","2021-08-26 09:30:00.000","002443.SZ","金洲管道","卖出","1400","6.04","8456","456.56 / 5.71%","13.46","普通成交"
"2021-08-25","2021-08-25 09:30:00.000","601069.SH","西部黄金","买入","400","11.83","4732","--","5","普通成交"
"2021-08-25","2021-08-25 09:30:00.000","600126.SH","杭钢股份","卖出","3400","5.87","19958","3023.39 / 17.85%","25.95","普通成交"
"2021-08-25","2021-08-25 09:30:00.000","002927.SZ","泰永长征","买入","100","11.03","1103","--","5","普通成交"
"2021-08-25","2021-08-25 09:30:00.000","002443.SZ","金洲管道","卖出","100","5.88","588","16.61 / 2.91%","5.59","普通成交"
"2021-08-24","2021-08-24 09:30:00.000","603978.SH","深圳新星","买入","7100","18.6","132060","--","39.62","普通成交"
"2021-08-24","2021-08-24 09:30:00.000","601069.SH","西部黄金","买入","6200","11.94","74028","--","22.21","普通成交"
"2021-08-24","2021-08-24 09:30:00.000","002953.SZ","日丰股份","买入","24100","14.34","345594","--","103.68","普通成交"
"2021-08-24","2021-08-24 09:30:00.000","002927.SZ","泰永长征","买入","35100","11.13","390663","--","117.2","普通成交"
"2021-08-24","2021-08-24 09:30:00.000","002443.SZ","金洲管道","卖出","100","5.84","584","12.61 / 2.21%","5.58","普通成交"
"2021-08-24","2021-08-24 09:30:00.000","002112.SZ","三变科技","卖出","54500","7.65","416925","13641.12 / 3.38%","542","普通成交"
"2021-08-24","2021-08-24 09:30:00.000","603527.SH","众源新材","卖出","20600","9.76","201056","33711.15 / 20.14%","261.37","普通成交"
"2021-08-24","2021-08-24 09:30:00.000","603530.SH","神马电力","卖出","19600","16.62","325752","-1908.3 / -0.58%","423.48","普通成交"
"2021-08-23","2021-08-23 09:30:00.000","603978.SH","深圳新星","买入","200","17.97","3594","--","5","普通成交"
"2021-08-23","2021-08-23 09:30:00.000","603530.SH","神马电力","买入","400","16.05","6420","--","5","普通成交"
"2021-08-23","2021-08-23 09:30:00.000","603527.SH","众源新材","卖出","1000","10.15","10150","2026.46 / 24.95%","15.15","普通成交"
"2021-08-23","2021-08-23 09:30:00.000","601069.SH","西部黄金","买入","100","11.76","1176","--","5","普通成交"
"2021-08-23","2021-08-23 09:30:00.000","600126.SH","杭钢股份","卖出","200","5.33","1066","69.85 / 7.01%","6.07","普通成交"
"2021-08-23","2021-08-23 09:30:00.000","002112.SZ","三变科技","买入","700","7.49","5243","--","5","普通成交"
"2021-08-20","2021-08-20 09:30:00.000","603530.SH","神马电力","买入","400","16.5","6600","--","5","普通成交"
"2021-08-20","2021-08-20 09:30:00.000","603527.SH","众源新材","卖出","1100","9.45","10395","1459.11 / 16.33%","15.4","普通成交"
"2021-08-20","2021-08-20 09:30:00.000","601069.SH","西部黄金","卖出","100","11.66","1166","22.65 / 1.98%","6.17","普通成交"
"2021-08-20","2021-08-20 09:30:00.000","600126.SH","杭钢股份","卖出","100","5.31","531","32.92 / 6.61%","5.53","普通成交"
"2021-08-20","2021-08-20 09:30:00.000","002443.SZ","金洲管道","买入","100","5.67","567","--","5","普通成交"
"2021-08-20","2021-08-20 09:30:00.000","002112.SZ","三变科技","买入","200","7.41","1482","--","5","普通成交"
"2021-08-19","2021-08-19 09:30:00.000","603530.SH","神马电力","卖出","100","16.85","1685","11.43 / 0.68%","6.69","普通成交"
"2021-08-19","2021-08-19 09:30:00.000","601069.SH","西部黄金","买入","200","11.63","2326","--","5","普通成交"
"2021-08-19","2021-08-19 09:30:00.000","600126.SH","杭钢股份","买入","200","5.27","1054","--","5","普通成交"
"2021-08-19","2021-08-19 09:30:00.000","002443.SZ","金洲管道","卖出","500","5.71","2855","-1.94 / -0.07%","7.86","普通成交"
"2021-08-18","2021-08-18 09:30:00.000","603530.SH","神马电力","买入","200","16.51","3302","--","5","普通成交"
"2021-08-18","2021-08-18 09:30:00.000","603527.SH","众源新材","买入","500","8.9","4450","--","5","普通成交"
"2021-08-18","2021-08-18 09:30:00.000","601069.SH","西部黄金","卖出","200","11.64","2328","41.51 / 1.82%","7.33","普通成交"
"2021-08-18","2021-08-18 09:30:00.000","600126.SH","杭钢股份","卖出","1000","5.27","5270","290.47 / 5.83%","10.27","普通成交"
"2021-08-18","2021-08-18 09:30:00.000","002443.SZ","金洲管道","卖出","100","5.62","562","-9.39 / -1.64%","5.56","普通成交"
"2021-08-18","2021-08-18 09:30:00.000","002112.SZ","三变科技","买入","100","7.54","754","--","5","普通成交"
"2021-08-17","2021-08-17 09:30:00.000","603530.SH","神马电力","买入","8000","16.79","134320","--","40.3","普通成交"
"2021-08-17","2021-08-17 09:30:00.000","603527.SH","众源新材","卖出","1700","9.3","15810","2030.1 / 14.73%","20.81","普通成交"
"2021-08-17","2021-08-17 09:30:00.000","601069.SH","西部黄金","卖出","100","11.91","1191","47.76 / 4.18%","6.19","普通成交"
"2021-08-17","2021-08-17 09:30:00.000","600126.SH","杭钢股份","买入","1300","5.3","6890","--","5","普通成交"
"2021-08-17","2021-08-17 09:30:00.000","002443.SZ","金洲管道","买入","77400","5.71","441954","--","132.59","普通成交"
"2021-08-17","2021-08-17 09:30:00.000","002112.SZ","三变科技","买入","1300","7.86","10218","--","5","普通成交"
"2021-08-17","2021-08-17 09:30:00.000","002318.SZ","久立特材","卖出","17900","15.55","278345","85406.39 / 44.27%","361.85","普通成交"
"2021-08-17","2021-08-17 09:30:00.000","002452.SZ","长高集团","卖出","49800","6.01","299298","13332.92 / 4.66%","389.09","普通成交"
"2021-08-16","2021-08-16 09:30:00.000","603530.SH","神马电力","买入","10700","16.69","178583","--","53.57","普通成交"
"2021-08-16","2021-08-16 09:30:00.000","603527.SH","众源新材","买入","2800","8.93","25004","--","7.5","普通成交"
"2021-08-16","2021-08-16 09:30:00.000","601069.SH","西部黄金","卖出","1200","11.78","14136","417.06 / 3.04%","19.14","普通成交"
"2021-08-16","2021-08-16 09:30:00.000","600126.SH","杭钢股份","卖出","35500","5.37","190635","14158.71 / 8.02%","247.83","普通成交"
"2021-08-16","2021-08-16 09:30:00.000","002443.SZ","金洲管道","买入","2900","5.77","16733","--","5.02","普通成交"
"2021-08-16","2021-08-16 09:30:00.000","002318.SZ","久立特材","卖出","1100","15.34","16874","5017.44 / 42.32%","21.94","普通成交"
"2021-08-16","2021-08-16 09:30:00.000","002112.SZ","三变科技","买入","700","7.82","5474","--","5","普通成交"
"2021-08-13","2021-08-13 09:30:00.000","601069.SH","西部黄金","卖出","200","11.62","2324","37.51 / 1.64%","7.32","普通成交"
"2021-08-13","2021-08-13 09:30:00.000","600126.SH","杭钢股份","卖出","600","5.18","3108","125.3 / 4.2%","8.11","普通成交"
"2021-08-13","2021-08-13 09:30:00.000","002112.SZ","三变科技","买入","1100","7.92","8712","--","5","普通成交"
"2021-08-12","2021-08-12 09:30:00.000","603527.SH","众源新材","买入","100","8.3","830","--","5","普通成交"
"2021-08-12","2021-08-12 09:30:00.000","601069.SH","西部黄金","买入","300","11.43","3429","--","5","普通成交"
"2021-08-12","2021-08-12 09:30:00.000","600126.SH","杭钢股份","卖出","400","5.02","2008","19.53 / 0.98%","7.01","普通成交"
"2021-08-12","2021-08-12 09:30:00.000","002452.SZ","长高集团","卖出","1800","6.12","11016","679.91 / 6.58%","16.02","普通成交"
"2021-08-12","2021-08-12 09:30:00.000","002112.SZ","三变科技","买入","100","7.84","784","--","5","普通成交"
"2021-08-11","2021-08-11 09:30:00.000","603527.SH","众源新材","买入","200","8.18","1636","--","5","普通成交"
"2021-08-11","2021-08-11 09:30:00.000","601069.SH","西部黄金","买入","500","11.34","5670","--","5","普通成交"
"2021-08-11","2021-08-11 09:30:00.000","600126.SH","杭钢股份","买入","900","4.94","4446","--","5","普通成交"
"2021-08-11","2021-08-11 09:30:00.000","002452.SZ","长高集团","买入","400","5.8","2320","--","5","普通成交"
"2021-08-11","2021-08-11 09:30:00.000","002318.SZ","久立特材","买入","200","13.72","2744","--","5","普通成交"
"2021-08-11","2021-08-11 09:30:00.000","002112.SZ","三变科技","卖出","2200","7.8","17160","951.65 / 5.87%","22.31","普通成交"
"2021-08-10","2021-08-10 09:30:00.000","601069.SH","西部黄金","买入","2100","11.3","23730","--","7.12","普通成交"
"2021-08-10","2021-08-10 09:30:00.000","600126.SH","杭钢股份","买入","85900","4.97","426923","--","128.08","普通成交"
"2021-08-10","2021-08-10 09:30:00.000","002452.SZ","长高集团","买入","51200","5.74","293888","--","88.17","普通成交"
"2021-08-10","2021-08-10 09:30:00.000","002112.SZ","三变科技","买入","5200","7.32","38064","--","11.42","普通成交"
"2021-08-10","2021-08-10 09:30:00.000","002443.SZ","金洲管道","卖出","78200","5.59","437138","2988.96 / 0.69%","568.28","普通成交"
"2021-08-10","2021-08-10 09:30:00.000","002980.SZ","华盛昌","卖出","10100","32.29","326129","1169.36 / 0.36%","423.97","普通成交"
"2021-08-09","2021-08-09 09:30:00.000","603527.SH","众源新材","卖出","2600","8.12","21112","331.79 / 1.6%","27.45","普通成交"
"2021-08-09","2021-08-09 09:30:00.000","600126.SH","杭钢股份","买入","100","4.87","487","--","5","普通成交"
"2021-08-09","2021-08-09 09:30:00.000","002112.SZ","三变科技","买入","1000","7.35","7350","--","5","普通成交"
"2021-08-06","2021-08-06 09:30:00.000","603527.SH","众源新材","买入","200","7.93","1586","--","5","普通成交"
"2021-08-06","2021-08-06 09:30:00.000","002980.SZ","华盛昌","买入","100","31.55","3155","--","5","普通成交"
"2021-08-06","2021-08-06 09:30:00.000","002443.SZ","金洲管道","买入","600","5.51","3306","--","5","普通成交"
"2021-08-06","2021-08-06 09:30:00.000","002318.SZ","久立特材","卖出","1200","12.76","15312","2415.44 / 18.73%","20.31","普通成交"
"2021-08-05","2021-08-05 09:30:00.000","002443.SZ","金洲管道","买入","500","5.56","2780","--","5","普通成交"
"2021-08-05","2021-08-05 09:30:00.000","002318.SZ","久立特材","买入","200","12.1","2420","--","5","普通成交"
"2021-08-05","2021-08-05 09:30:00.000","002112.SZ","三变科技","卖出","400","7.54","3016","66.89 / 2.27%","8.02","普通成交"
"2021-08-04","2021-08-04 09:30:00.000","603527.SH","众源新材","买入","300","8","2400","--","5","普通成交"
"2021-08-04","2021-08-04 09:30:00.000","601069.SH","西部黄金","买入","500","11.3","5650","--","5","普通成交"
"2021-08-04","2021-08-04 09:30:00.000","002443.SZ","金洲管道","买入","800","5.57","4456","--","5","普通成交"
"2021-08-04","2021-08-04 09:30:00.000","002318.SZ","久立特材","卖出","1100","12.25","13475","1668.46 / 14.13%","18.48","普通成交"
"2021-08-04","2021-08-04 09:30:00.000","002112.SZ","三变科技","买入","100","7.45","745","--","5","普通成交"
"2021-08-03","2021-08-03 09:30:00.000","601069.SH","西部黄金","买入","700","11.3","7910","--","5","普通成交"
"2021-08-03","2021-08-03 09:30:00.000","002980.SZ","华盛昌","买入","300","31.85","9555","--","5","普通成交"
"2021-08-03","2021-08-03 09:30:00.000","002443.SZ","金洲管道","卖出","100","5.56","556","0.83 / 0.15%","5.56","普通成交"
"2021-08-03","2021-08-03 09:30:00.000","002318.SZ","久立特材","卖出","1000","11.99","11990","1256.78 / 11.71%","16.99","普通成交"
"2021-08-03","2021-08-03 09:30:00.000","002112.SZ","三变科技","买入","500","7.39","3695","--","5","普通成交"
"2021-08-02","2021-08-02 09:30:00.000","603527.SH","众源新材","买入","22900","7.99","182971","--","54.89","普通成交"
"2021-08-02","2021-08-02 09:30:00.000","601069.SH","西部黄金","买入","41600","11.44","475904","--","142.77","普通成交"
"2021-08-02","2021-08-02 09:30:00.000","002980.SZ","华盛昌","买入","9700","32.18","312146","--","93.64","普通成交"
"2021-08-02","2021-08-02 09:30:00.000","002443.SZ","金洲管道","买入","76400","5.55","424020","--","127.21","普通成交"
"2021-08-02","2021-08-02 09:30:00.000","002318.SZ","久立特材","买入","21900","10.73","234987","--","70.5","普通成交"
"2021-08-02","2021-08-02 09:30:00.000","002112.SZ","三变科技","买入","46100","7.37","339757","--","101.93","普通成交"
"2021-07-27","2021-07-27 09:30:00.000","002768.SZ","国恩股份","卖出","16200","23.22","376164","-13249.54 / -3.4%","489.01","普通成交"
"2021-07-27","2021-07-27 09:30:00.000","002270.SZ","华明装备","卖出","59300","4.99","295907","17604.67 / 6.33%","384.68","普通成交"
"2021-07-27","2021-07-27 09:30:00.000","600312.SH","平高电气","卖出","60600","6.77","410262","66577.6 / 19.37%","533.34","普通成交"
"2021-07-27","2021-07-27 09:30:00.000","002562.SZ","兄弟科技","卖出","67500","3.68","248400","-10621.92 / -4.1%","322.92","普通成交"
"2021-07-27","2021-07-27 09:30:00.000","002578.SZ","闽发铝业","卖出","38100","3.45","131445","6103.41 / 4.87%","170.88","普通成交"
"2021-07-26","2021-07-26 09:30:00.000","601069.SH","西部黄金","卖出","41700","12.33","514161","-2957.4 / -0.57%","668.41","普通成交"
"2021-07-26","2021-07-26 09:30:00.000","600312.SH","平高电气","卖出","1000","5.74","5740","68.64 / 1.21%","10.74","普通成交"
"2021-07-26","2021-07-26 09:30:00.000","002578.SZ","闽发铝业","卖出","300","3.41","1023","36.06 / 3.65%","6.02","普通成交"
"2021-07-26","2021-07-26 09:30:00.000","002562.SZ","兄弟科技","买入","2100","3.72","7812","--","5","普通成交"
"2021-07-26","2021-07-26 09:30:00.000","002270.SZ","华明装备","卖出","1400","5.08","7112","541.62 / 8.24%","12.11","普通成交"
"2021-07-23","2021-07-23 09:30:00.000","601069.SH","西部黄金","买入","200","12.32","2464","--","5","普通成交"
"2021-07-23","2021-07-23 09:30:00.000","600312.SH","平高电气","买入","300","5.62","1686","--","5","普通成交"
"2021-07-23","2021-07-23 09:30:00.000","002768.SZ","国恩股份","卖出","200","24.29","4858","50.43 / 1.05%","9.86","普通成交"
"2021-07-23","2021-07-23 09:30:00.000","002578.SZ","闽发铝业","卖出","300","3.35","1005","18.06 / 1.83%","6.01","普通成交"
"2021-07-23","2021-07-23 09:30:00.000","002562.SZ","兄弟科技","买入","200","3.81","762","--","5","普通成交"
"2021-07-23","2021-07-23 09:30:00.000","002270.SZ","华明装备","买入","100","4.87","487","--","5","普通成交"
"2021-07-22","2021-07-22 09:30:00.000","600312.SH","平高电气","买入","300","5.62","1686","--","5","普通成交"
"2021-07-22","2021-07-22 09:30:00.000","002578.SZ","闽发铝业","卖出","900","3.32","2988","27.18 / 0.92%","7.99","普通成交"
"2021-07-22","2021-07-22 09:30:00.000","002270.SZ","华明装备","买入","200","4.86","972","--","5","普通成交"
"2021-07-21","2021-07-21 09:30:00.000","601069.SH","西部黄金","卖出","100","12.25","1225","-15.12 / -1.22%","6.23","普通成交"
"2021-07-21","2021-07-21 09:30:00.000","002578.SZ","闽发铝业","买入","700","3.22","2254","--","5","普通成交"
"2021-07-21","2021-07-21 09:30:00.000","002562.SZ","兄弟科技","卖出","500","3.84","1920","-0.54 / -0.03%","6.92","普通成交"
"2021-07-21","2021-07-21 09:30:00.000","002270.SZ","华明装备","买入","200","4.88","976","--","5","普通成交"
"2021-07-20","2021-07-20 09:30:00.000","601069.SH","西部黄金","买入","600","12.22","7332","--","5","普通成交"
"2021-07-20","2021-07-20 09:30:00.000","600312.SH","平高电气","卖出","100","5.63","563","-4.17 / -0.74%","5.56","普通成交"
"2021-07-20","2021-07-20 09:30:00.000","002768.SZ","国恩股份","买入","300","23.52","7056","--","5","普通成交"
"2021-07-20","2021-07-20 09:30:00.000","002578.SZ","闽发铝业","买入","100","3.22","322","--","5","普通成交"
"2021-07-20","2021-07-20 09:30:00.000","002562.SZ","兄弟科技","买入","200","3.79","758","--","5","普通成交"
"2021-07-20","2021-07-20 09:30:00.000","002270.SZ","华明装备","卖出","2700","4.85","13095","428.2 / 3.38%","18.1","普通成交"
"2021-07-19","2021-07-19 09:30:00.000","601069.SH","西部黄金","买入","41000","12.4","508400","--","152.52","普通成交"
"2021-07-19","2021-07-19 09:30:00.000","600312.SH","平高电气","买入","61100","5.67","346437","--","103.93","普通成交"
"2021-07-19","2021-07-19 09:30:00.000","002768.SZ","国恩股份","买入","16100","24.04","387044","--","116.11","普通成交"
"2021-07-19","2021-07-19 09:30:00.000","002578.SZ","闽发铝业","买入","38800","3.29","127652","--","38.3","普通成交"
"2021-07-19","2021-07-19 09:30:00.000","002562.SZ","兄弟科技","买入","65500","3.84","251520","--","75.46","普通成交"
"2021-07-19","2021-07-19 09:30:00.000","002270.SZ","华明装备","买入","62900","4.69","295001","--","88.5","普通成交"
"2021-06-17","2021-06-17 09:30:00.000","603136.SH","天目湖","卖出","5490","15.97","87675.3","-1750.45 / -1.96%","113.98","普通成交"
"2021-06-16","2021-06-16 09:30:00.000","603536.SH","惠发食品","卖出","19800","12.88","255024","-18838.64 / -6.88%","331.53","普通成交"
"2021-06-16","2021-06-16 09:30:00.000","600636.SH","国新文化","卖出","32500","10.93","355225","2659.79 / 0.75%","461.79","普通成交"
"2021-06-16","2021-06-16 09:30:00.000","603136.SH","天目湖","卖出","12200","16.63","202886","4162.11 / 2.09%","263.75","普通成交"
"2021-06-16","2021-06-16 09:30:00.000","002702.SZ","海欣食品","卖出","59800","6.15","367770","-17426.6 / -4.52%","478.1","普通成交"
"2021-06-16","2021-06-16 09:30:00.000","603212.SH","赛伍技术","卖出","10700","28.06","300242","20240.37 / 7.23%","390.31","普通成交"
"2021-06-16","2021-06-16 09:30:00.000","002560.SZ","通达股份","卖出","61700","5.66","349222","11889.74 / 3.52%","453.99","普通成交"
"2021-06-16","2021-06-16 00:00:00.000","603136.SH","天目湖","买入","5490","16.57","-2928","--","732","除权除息"
"2021-06-15","2021-06-15 09:30:00.000","603536.SH","惠发食品","买入","300","13.4","4020","--","5","普通成交"
"2021-06-15","2021-06-15 09:30:00.000","603212.SH","赛伍技术","卖出","100","26.78","2678","61.16 / 2.34%","7.68","普通成交"
"2021-06-15","2021-06-15 09:30:00.000","600636.SH","国新文化","买入","100","10.56","1056","--","5","普通成交"
"2021-06-15","2021-06-15 09:30:00.000","002560.SZ","通达股份","买入","1000","5.76","5760","--","5","普通成交"
"2021-06-11","2021-06-11 09:30:00.000","603536.SH","惠发食品","买入","300","13.64","4092","--","5","普通成交"
"2021-06-11","2021-06-11 09:30:00.000","603212.SH","赛伍技术","卖出","400","26.8","10720","252.65 / 2.41%","15.72","普通成交"
"2021-06-11","2021-06-11 09:30:00.000","603136.SH","天目湖","卖出","100","25","2500","108.28 / 4.53%","7.5","普通成交"
"2021-06-11","2021-06-11 09:30:00.000","002560.SZ","通达股份","买入","100","5.87","587","--","5","普通成交"
"2021-06-10","2021-06-10 09:30:00.000","603212.SH","赛伍技术","买入","400","25.63","10252","--","5","普通成交"
"2021-06-10","2021-06-10 09:30:00.000","600636.SH","国新文化","买入","100","10.68","1068","--","5","普通成交"
"2021-06-10","2021-06-10 09:30:00.000","002702.SZ","海欣食品","买入","500","6.39","3195","--","5","普通成交"
"2021-06-10","2021-06-10 09:30:00.000","002560.SZ","通达股份","卖出","1900","5.98","11362","984.89 / 9.49%","16.36","普通成交"
"2021-06-09","2021-06-09 09:30:00.000","603536.SH","惠发食品","买入","500","13.7","6850","--","5","普通成交"
"2021-06-09","2021-06-09 09:30:00.000","600636.SH","国新文化","买入","200","10.66","2132","--","5","普通成交"
"2021-06-09","2021-06-09 09:30:00.000","002702.SZ","海欣食品","买入","300","6.41","1923","--","5","普通成交"
"2021-06-09","2021-06-09 09:30:00.000","002560.SZ","通达股份","卖出","2000","5.73","11460","536.72 / 4.91%","16.46","普通成交"
"2021-06-08","2021-06-08 09:30:00.000","603536.SH","惠发食品","卖出","200","14.01","2802","33.17 / 1.2%","7.8","普通成交"
"2021-06-08","2021-06-08 09:30:00.000","600636.SH","国新文化","买入","700","10.71","7497","--","5","普通成交"
"2021-06-08","2021-06-08 09:30:00.000","002702.SZ","海欣食品","买入","200","6.39","1278","--","5","普通成交"
"2021-06-08","2021-06-08 09:30:00.000","002560.SZ","通达股份","卖出","600","5.52","3312","35.02 / 1.07%","8.31","普通成交"
"2021-06-07","2021-06-07 09:30:00.000","603536.SH","惠发食品","买入","18900","13.84","261576","--","78.47","普通成交"
"2021-06-07","2021-06-07 09:30:00.000","603212.SH","赛伍技术","买入","10800","26.18","282744","--","84.82","普通成交"
"2021-06-07","2021-06-07 09:30:00.000","603136.SH","天目湖","买入","12300","23.91","294093","--","88.23","普通成交"
"2021-06-07","2021-06-07 09:30:00.000","600636.SH","国新文化","买入","31400","10.85","340690","--","102.21","普通成交"
"2021-06-07","2021-06-07 09:30:00.000","002702.SZ","海欣食品","买入","58800","6.44","378672","--","113.6","普通成交"
"2021-06-07","2021-06-07 09:30:00.000","002560.SZ","通达股份","买入","65100","5.46","355446","--","106.63","普通成交"
"2021-06-01","2021-06-01 09:30:00.000","300328.SZ","宜安科技","卖出","43700","6.93","302841","7978.04 / 2.71%","393.69","普通成交"
"2021-06-01","2021-06-01 09:30:00.000","603937.SH","丽岛新材","卖出","27300","12.54","342342","27363.43 / 8.69%","445.04","普通成交"
"2021-05-31","2021-05-31 09:30:00.000","603937.SH","丽岛新材","卖出","1600","12.45","19920","1459.72 / 7.91%","25.9","普通成交"
"2021-05-31","2021-05-31 09:30:00.000","603136.SH","天目湖","卖出","10800","23.96","258768","7364.14 / 2.93%","336.4","普通成交"
"2021-05-31","2021-05-31 09:30:00.000","600636.SH","国新文化","卖出","33000","10.86","358380","27753.88 / 8.39%","465.89","普通成交"
"2021-05-31","2021-05-31 09:30:00.000","300466.SZ","赛摩智能","卖出","74600","5.27","393142","17998.39 / 4.8%","511.08","普通成交"
"2021-05-31","2021-05-31 09:30:00.000","300328.SZ","宜安科技","买入","700","6.96","4872","--","5","普通成交"
"2021-05-31","2021-05-31 09:30:00.000","002560.SZ","通达股份","卖出","44500","5.62","250090","-3497.99 / -1.38%","325.12","普通成交"
"2021-05-28","2021-05-28 09:30:00.000","603937.SH","丽岛新材","买入","700","11.57","8099","--","5","普通成交"
"2021-05-28","2021-05-28 09:30:00.000","300466.SZ","赛摩智能","买入","2700","5.22","14094","--","5","普通成交"
"2021-05-28","2021-05-28 09:30:00.000","300328.SZ","宜安科技","卖出","3400","6.99","23766","836.88 / 3.65%","30.9","普通成交"
"2021-05-28","2021-05-28 09:30:00.000","002560.SZ","通达股份","买入","700","5.74","4018","--","5","普通成交"
"2021-05-27","2021-05-27 09:30:00.000","603937.SH","丽岛新材","买入","1100","11.65","12815","--","5","普通成交"
"2021-05-27","2021-05-27 09:30:00.000","603136.SH","天目湖","买入","300","23.69","7107","--","5","普通成交"
"2021-05-27","2021-05-27 09:30:00.000","600636.SH","国新文化","卖出","2000","12.14","24280","4242.05 / 21.17%","31.56","普通成交"
"2021-05-27","2021-05-27 09:30:00.000","300328.SZ","宜安科技","买入","1400","6.5","9100","--","5","普通成交"
"2021-05-27","2021-05-27 09:30:00.000","002560.SZ","通达股份","买入","300","5.71","1713","--","5","普通成交"
"2021-05-26","2021-05-26 09:30:00.000","603937.SH","丽岛新材","卖出","100","11.76","1176","22.81 / 1.98%","6.18","普通成交"
"2021-05-26","2021-05-26 09:30:00.000","603136.SH","天目湖","买入","200","23.44","4688","--","5","普通成交"
"2021-05-26","2021-05-26 09:30:00.000","600636.SH","国新文化","卖出","1400","10.4","14560","533.44 / 3.8%","19.56","普通成交"
"2021-05-26","2021-05-26 09:30:00.000","002560.SZ","通达股份","买入","600","5.53","3318","--","5","普通成交"
"2021-05-25","2021-05-25 09:30:00.000","603937.SH","丽岛新材","卖出","100","11.53","1153","-0.19 / -0.02%","6.15","普通成交"
"2021-05-25","2021-05-25 09:30:00.000","603136.SH","天目湖","买入","7800","23.34","182052","--","54.62","普通成交"
"2021-05-25","2021-05-25 09:30:00.000","600636.SH","国新文化","买入","200","9.79","1958","--","5","普通成交"
"2021-05-25","2021-05-25 09:30:00.000","300466.SZ","赛摩智能","买入","500","5.02","2510","--","5","普通成交"
"2021-05-25","2021-05-25 09:30:00.000","300328.SZ","宜安科技","买入","600","6.37","3822","--","5","普通成交"
"2021-05-25","2021-05-25 09:30:00.000","002560.SZ","通达股份","买入","500","5.58","2790","--","5","普通成交"
"2021-05-25","2021-05-25 09:30:00.000","000526.SZ","学大教育","卖出","6500","30.01","195065","-11958.15 / -5.78%","253.58","普通成交"
"2021-05-24","2021-05-24 09:30:00.000","603937.SH","丽岛新材","买入","100","11.06","1106","--","5","普通成交"
"2021-05-24","2021-05-24 09:30:00.000","603136.SH","天目湖","买入","2500","22.99","57475","--","17.24","普通成交"
"2021-05-24","2021-05-24 09:30:00.000","600636.SH","国新文化","卖出","4000","9.82","39280","-800.4 / -2.0%","51.06","普通成交"
"2021-05-24","2021-05-24 09:30:00.000","300466.SZ","赛摩智能","卖出","1000","5.09","5090","68.58 / 1.37%","10.09","普通成交"
"2021-05-24","2021-05-24 09:30:00.000","300328.SZ","宜安科技","卖出","2300","6.4","14720","-819.66 / -5.27%","19.72","普通成交"
"2021-05-24","2021-05-24 09:30:00.000","002560.SZ","通达股份","买入","200","5.56","1112","--","5","普通成交"
"2021-05-21","2021-05-21 09:30:00.000","603937.SH","丽岛新材","买入","400","10.78","4312","--","5","普通成交"
"2021-05-21","2021-05-21 09:30:00.000","600636.SH","国新文化","买入","600","9.82","5892","--","5","普通成交"
"2021-05-21","2021-05-21 09:30:00.000","300466.SZ","赛摩智能","卖出","1800","4.94","8892","-146.56 / -1.62%","13.89","普通成交"
"2021-05-21","2021-05-21 09:30:00.000","300328.SZ","宜安科技","卖出","200","6.42","1284","-67.28 / -4.98%","6.28","普通成交"
"2021-05-21","2021-05-21 09:30:00.000","002560.SZ","通达股份","卖出","100","5.57","557","-13.17 / -2.31%","5.56","普通成交"
"2021-05-20","2021-05-20 09:30:00.000","603937.SH","丽岛新材","买入","200","10.93","2186","--","5","普通成交"
"2021-05-20","2021-05-20 09:30:00.000","600636.SH","国新文化","卖出","300","10","3000","-6.9 / -0.23%","8","普通成交"
"2021-05-20","2021-05-20 09:30:00.000","300328.SZ","宜安科技","买入","300","6.39","1917","--","5","普通成交"
"2021-05-20","2021-05-20 09:30:00.000","002560.SZ","通达股份","卖出","100","5.58","558","-12.17 / -2.13%","5.56","普通成交"
"2021-05-19","2021-05-19 09:30:00.000","603937.SH","丽岛新材","卖出","100","11.35","1135","-19.9 / -1.72%","6.14","普通成交"
"2021-05-19","2021-05-19 09:30:00.000","300466.SZ","赛摩智能","买入","100","4.91","491","--","5","普通成交"
"2021-05-19","2021-05-19 09:30:00.000","300328.SZ","宜安科技","卖出","100","6.6","660","-15.86 / -2.35%","5.66","普通成交"
"2021-05-19","2021-05-19 09:30:00.000","002560.SZ","通达股份","买入","100","5.65","565","--","5","普通成交"
"2021-05-19","2021-05-19 09:30:00.000","000526.SZ","学大教育","买入","100","31.17","3117","--","5","普通成交"
"2021-05-18","2021-05-18 09:30:00.000","603937.SH","丽岛新材","买入","400","11.24","4496","--","5","普通成交"
"2021-05-18","2021-05-18 09:30:00.000","600636.SH","国新文化","卖出","800","10.08","8064","45.6 / 0.57%","13.06","普通成交"
"2021-05-18","2021-05-18 09:30:00.000","300328.SZ","宜安科技","买入","900","6.58","5922","--","5","普通成交"
"2021-05-18","2021-05-18 09:30:00.000","000526.SZ","学大教育","卖出","100","31.89","3189","3.04 / 0.1%","8.19","普通成交"
"2021-05-17","2021-05-17 09:30:00.000","603937.SH","丽岛新材","买入","26300","11.55","303765","--","91.13","普通成交"
"2021-05-17","2021-05-17 09:30:00.000","600636.SH","国新文化","买入","40700","10.02","407814","--","122.34","普通成交"
"2021-05-17","2021-05-17 09:30:00.000","300466.SZ","赛摩智能","买入","74100","5.02","371982","--","111.59","普通成交"
"2021-05-17","2021-05-17 09:30:00.000","300328.SZ","宜安科技","买入","45800","6.76","309608","--","92.88","普通成交"
"2021-05-17","2021-05-17 09:30:00.000","002560.SZ","通达股份","买入","42300","5.7","241110","--","72.33","普通成交"
"2021-05-17","2021-05-17 09:30:00.000","000526.SZ","学大教育","买入","6500","31.85","207025","--","62.11","普通成交"
"2021-04-07","2021-04-07 09:30:00.000","603536.SH","惠发食品","卖出","20600","14.08","290048","8159.66 / 2.89%","377.06","普通成交"
"2021-04-07","2021-04-07 09:30:00.000","000526.SZ","紫光学大","卖出","7400","38.78","286972","-5958.39 / -2.03%","373.06","普通成交"
"2021-04-07","2021-04-07 09:30:00.000","300466.SZ","赛摩智能","卖出","74500","5.08","378460","-493.18 / -0.13%","492","普通成交"
"2021-04-07","2021-04-07 09:30:00.000","300427.SZ","红相股份","卖出","16700","14.48","241816","-1818.37 / -0.75%","314.36","普通成交"
"2021-04-07","2021-04-07 09:30:00.000","300783.SZ","三只松鼠","卖出","7700","40.5","311850","39248.51 / 14.4%","405.41","普通成交"
"2021-04-07","2021-04-07 09:30:00.000","002659.SZ","凯文教育","卖出","80000","4.05","324000","4798.84 / 1.5%","421.2","普通成交"
"2021-04-06","2021-04-06 09:30:00.000","603536.SH","惠发食品","卖出","100","13.91","1391","22.61 / 1.65%","6.39","普通成交"
"2021-04-06","2021-04-06 09:30:00.000","300783.SZ","三只松鼠","卖出","300","41.8","12540","1919.16 / 18.07%","17.54","普通成交"
"2021-04-06","2021-04-06 09:30:00.000","002659.SZ","凯文教育","买入","100","3.9","390","--","5","普通成交"
"2021-04-02","2021-04-02 09:30:00.000","603536.SH","惠发食品","买入","200","13.65","2730","--","5","普通成交"
"2021-04-02","2021-04-02 09:30:00.000","300466.SZ","赛摩智能","买入","1200","4.89","5868","--","5","普通成交"
"2021-04-02","2021-04-02 09:30:00.000","002659.SZ","凯文教育","卖出","800","3.9","3120","-72.05 / -2.26%","8.12","普通成交"
"2021-04-01","2021-04-01 09:30:00.000","300466.SZ","赛摩智能","买入","1600","5","8000","--","5","普通成交"
"2021-04-01","2021-04-01 09:30:00.000","300427.SZ","红相股份","买入","200","13.85","2770","--","5","普通成交"
"2021-04-01","2021-04-01 09:30:00.000","002659.SZ","凯文教育","卖出","500","3.88","1940","-55.03 / -2.76%","6.94","普通成交"
"2021-03-31","2021-03-31 09:30:00.000","603536.SH","惠发食品","卖出","200","14.07","2814","77.2 / 2.82%","7.81","普通成交"
"2021-03-31","2021-03-31 09:30:00.000","300783.SZ","三只松鼠","卖出","300","39.39","11817","1196.16 / 11.26%","16.82","普通成交"
"2021-03-31","2021-03-31 09:30:00.000","002659.SZ","凯文教育","买入","800","3.87","3096","--","5","普通成交"
"2021-03-31","2021-03-31 09:30:00.000","000526.SZ","紫光学大","买入","100","38.86","3886","--","5","普通成交"
"2021-03-30","2021-03-30 09:30:00.000","603536.SH","惠发食品","买入","600","14.1","8460","--","5","普通成交"
"2021-03-30","2021-03-30 09:30:00.000","300783.SZ","三只松鼠","卖出","400","38.59","15436","1274.88 / 9.0%","20.44","普通成交"
"2021-03-30","2021-03-30 09:30:00.000","300466.SZ","赛摩智能","买入","71500","5.09","363935","--","109.18","普通成交"
"2021-03-30","2021-03-30 09:30:00.000","300427.SZ","红相股份","买入","15600","14.61","227916","--","68.37","普通成交"
"2021-03-30","2021-03-30 09:30:00.000","002659.SZ","凯文教育","买入","80400","3.99","320796","--","96.24","普通成交"
"2021-03-30","2021-03-30 09:30:00.000","000526.SZ","紫光学大","买入","2000","39.2","78400","--","23.52","普通成交"
"2021-03-30","2021-03-30 09:30:00.000","002451.SZ","摩恩电气","卖出","49600","6.03","299088","-16455.46 / -5.21%","388.81","普通成交"
"2021-03-30","2021-03-30 09:30:00.000","002927.SZ","泰永长征","卖出","30900","10.21","315489","-9440.84 / -2.91%","410.14","普通成交"
"2021-03-30","2021-03-30 09:30:00.000","002878.SZ","元隆雅图","卖出","18900","20","378000","36941.71 / 10.83%","491.4","普通成交"
"2021-03-29","2021-03-29 09:30:00.000","300466.SZ","赛摩智能","买入","200","5.13","1026","--","5","普通成交"
"2021-03-29","2021-03-29 09:30:00.000","300427.SZ","红相股份","买入","900","14.3","12870","--","5","普通成交"
"2021-03-29","2021-03-29 09:30:00.000","002927.SZ","泰永长征","买入","200","10.36","2072","--","5","普通成交"
"2021-03-29","2021-03-29 09:30:00.000","002878.SZ","元隆雅图","卖出","800","20.44","16352","1915.67 / 13.27%","21.35","普通成交"
"2021-03-29","2021-03-29 09:30:00.000","002451.SZ","摩恩电气","买入","600","5.96","3576","--","5","普通成交"
"2021-03-29","2021-03-29 09:30:00.000","000526.SZ","紫光学大","买入","100","43.17","4317","--","5","普通成交"
"2021-03-26","2021-03-26 09:30:00.000","603536.SH","惠发食品","卖出","500","14","7000","164.34 / 2.4%","12","普通成交"
"2021-03-26","2021-03-26 09:30:00.000","002927.SZ","泰永长征","买入","100","10.23","1023","--","5","普通成交"
"2021-03-26","2021-03-26 09:30:00.000","002878.SZ","元隆雅图","卖出","100","19.35","1935","130.46 / 7.23%","6.94","普通成交"
"2021-03-26","2021-03-26 09:30:00.000","002451.SZ","摩恩电气","买入","200","5.92","1184","--","5","普通成交"
"2021-03-25","2021-03-25 09:30:00.000","603536.SH","惠发食品","买入","100","13.98","1398","--","5","普通成交"
"2021-03-25","2021-03-25 09:30:00.000","300783.SZ","三只松鼠","买入","100","36.4","3640","--","5","普通成交"
"2021-03-25","2021-03-25 09:30:00.000","002927.SZ","泰永长征","买入","1200","10.39","12468","--","5","普通成交"
"2021-03-25","2021-03-25 09:30:00.000","002878.SZ","元隆雅图","卖出","500","18.8","9400","377.29 / 4.18%","14.4","普通成交"
"2021-03-25","2021-03-25 09:30:00.000","002451.SZ","摩恩电气","买入","2300","6.01","13823","--","5","普通成交"
"2021-03-25","2021-03-25 09:30:00.000","000526.SZ","紫光学大","卖出","400","44.92","17968","2099.24 / 13.23%","23.36","普通成交"
"2021-03-24","2021-03-24 09:30:00.000","603536.SH","惠发食品","买入","200","14.2","2840","--","5","普通成交"
"2021-03-24","2021-03-24 09:30:00.000","300783.SZ","三只松鼠","卖出","200","36.58","7316","237.88 / 3.36%","12.32","普通成交"
"2021-03-24","2021-03-24 09:30:00.000","002927.SZ","泰永长征","买入","300","10.41","3123","--","5","普通成交"
"2021-03-24","2021-03-24 09:30:00.000","002878.SZ","元隆雅图","卖出","200","18.5","3700","90.92 / 2.52%","8.7","普通成交"
"2021-03-24","2021-03-24 09:30:00.000","002451.SZ","摩恩电气","买入","900","6.1","5490","--","5","普通成交"
"2021-03-23","2021-03-23 09:30:00.000","603536.SH","惠发食品","卖出","300","14.07","4221","121.77 / 2.97%","9.22","普通成交"
"2021-03-23","2021-03-23 09:30:00.000","002927.SZ","泰永长征","卖出","100","10.66","1066","13.68 / 1.3%","6.07","普通成交"
"2021-03-23","2021-03-23 09:30:00.000","002451.SZ","摩恩电气","买入","500","6.34","3170","--","5","普通成交"
"2021-03-22","2021-03-22 09:30:00.000","603536.SH","惠发食品","买入","20600","13.66","281396","--","84.42","普通成交"
"2021-03-22","2021-03-22 09:30:00.000","300783.SZ","三只松鼠","买入","8800","35.38","311344","--","93.4","普通成交"
"2021-03-22","2021-03-22 09:30:00.000","002927.SZ","泰永长征","买入","29200","10.52","307184","--","92.16","普通成交"
"2021-03-22","2021-03-22 09:30:00.000","002878.SZ","元隆雅图","买入","20500","18.04","369820","--","110.95","普通成交"
"2021-03-22","2021-03-22 09:30:00.000","002451.SZ","摩恩电气","买入","45100","6.39","288189","--","86.46","普通成交"
"2021-03-22","2021-03-22 09:30:00.000","000526.SZ","紫光学大","买入","5600","39.66","222096","--","66.63","普通成交"
"2021-03-02","2021-03-02 09:30:00.000","603214.SH","爱婴室","卖出","7800","24.41","190398","49109.12 / 34.76%","247.52","普通成交"
"2021-03-02","2021-03-02 09:30:00.000","300800.SZ","力合科技","卖出","11000","27.17","298870","12236.0 / 4.27%","388.53","普通成交"
"2021-03-02","2021-03-02 09:30:00.000","000826.SZ","启迪环境","卖出","52900","5.74","303646","28887.08 / 10.51%","394.74","普通成交"
"2021-03-02","2021-03-02 09:30:00.000","603559.SH","中通国脉","卖出","18300","14.87","272121","42396.22 / 18.46%","353.76","普通成交"
"2021-03-01","2021-03-01 09:30:00.000","603559.SH","中通国脉","卖出","1200","15.31","18372","3308.08 / 21.96%","23.88","普通成交"
"2021-03-01","2021-03-01 09:30:00.000","603214.SH","爱婴室","卖出","100","25.39","2539","727.6 / 40.17%","7.54","普通成交"
"2021-03-01","2021-03-01 09:30:00.000","300800.SZ","力合科技","买入","400","26.94","10776","--","5","普通成交"
"2021-03-01","2021-03-01 09:30:00.000","002277.SZ","友阿股份","卖出","114100","3.4","387940","28586.75 / 7.96%","504.32","普通成交"
"2021-03-01","2021-03-01 09:30:00.000","002115.SZ","三维通信","卖出","56400","5.64","318096","32540.7 / 11.4%","413.52","普通成交"
"2021-03-01","2021-03-01 09:30:00.000","000826.SZ","启迪环境","买入","800","5.7","4560","--","5","普通成交"
"2021-02-26","2021-02-26 09:30:00.000","603559.SH","中通国脉","买入","300","13.07","3921","--","5","普通成交"
"2021-02-26","2021-02-26 09:30:00.000","603214.SH","爱婴室","卖出","600","23","13800","2931.62 / 26.97%","18.8","普通成交"
"2021-02-26","2021-02-26 09:30:00.000","002277.SZ","友阿股份","买入","100","3.35","335","--","5","普通成交"
"2021-02-26","2021-02-26 09:30:00.000","000826.SZ","启迪环境","买入","400","5.56","2224","--","5","普通成交"
"2021-02-25","2021-02-25 09:30:00.000","603214.SH","爱婴室","卖出","100","22.18","2218","406.6 / 22.45%","7.22","普通成交"
"2021-02-25","2021-02-25 09:30:00.000","002277.SZ","友阿股份","买入","400","3.4","1360","--","5","普通成交"
"2021-02-25","2021-02-25 09:30:00.000","002115.SZ","三维通信","卖出","300","5.58","1674","155.09 / 10.21%","6.67","普通成交"
"2021-02-25","2021-02-25 09:30:00.000","000826.SZ","启迪环境","买入","100","5.65","565","--","5","普通成交"
"2021-02-24","2021-02-24 09:30:00.000","603214.SH","爱婴室","买入","400","21.82","8728","--","5","普通成交"
"2021-02-24","2021-02-24 09:30:00.000","300800.SZ","力合科技","买入","200","26.5","5300","--","5","普通成交"
"2021-02-24","2021-02-24 09:30:00.000","002277.SZ","友阿股份","卖出","1800","3.38","6084","417.04 / 7.36%","11.08","普通成交"
"2021-02-24","2021-02-24 09:30:00.000","002115.SZ","三维通信","买入","200","5.51","1102","--","5","普通成交"
"2021-02-24","2021-02-24 09:30:00.000","000826.SZ","启迪环境","卖出","200","5.6","1120","83.59 / 8.07%","6.12","普通成交"
"2021-02-23","2021-02-23 09:30:00.000","603559.SH","中通国脉","卖出","300","13.6","4080","316.52 / 8.41%","9.08","普通成交"
"2021-02-23","2021-02-23 09:30:00.000","603214.SH","爱婴室","卖出","200","22.02","4404","817.49 / 22.79%","9.4","普通成交"
"2021-02-23","2021-02-23 09:30:00.000","002277.SZ","友阿股份","买入","2000","3.39","6780","--","5","普通成交"
"2021-02-23","2021-02-23 09:30:00.000","002115.SZ","三维通信","卖出","500","5.65","2825","294.32 / 11.63%","7.83","普通成交"
"2021-02-23","2021-02-23 09:30:00.000","000826.SZ","启迪环境","买入","600","5.68","3408","--","5","普通成交"
"2021-02-22","2021-02-22 09:30:00.000","603559.SH","中通国脉","买入","300","13.19","3957","--","5","普通成交"
"2021-02-22","2021-02-22 09:30:00.000","603214.SH","爱婴室","卖出","500","22.91","11455","2488.72 / 27.76%","16.46","普通成交"
"2021-02-22","2021-02-22 09:30:00.000","300800.SZ","力合科技","买入","200","26.68","5336","--","5","普通成交"
"2021-02-22","2021-02-22 09:30:00.000","002277.SZ","友阿股份","卖出","1000","3.38","3380","235.99 / 7.51%","8.38","普通成交"
"2021-02-22","2021-02-22 09:30:00.000","002115.SZ","三维通信","卖出","300","5.49","1647","128.59 / 8.47%","6.65","普通成交"
"2021-02-22","2021-02-22 09:30:00.000","000826.SZ","启迪环境","买入","100","5.63","563","--","5","普通成交"
"2021-02-19","2021-02-19 09:30:00.000","603559.SH","中通国脉","买入","17600","12.58","221408","--","66.42","普通成交"
"2021-02-19","2021-02-19 09:30:00.000","603214.SH","爱婴室","卖出","100","22.47","2247","453.74 / 25.3%","7.25","普通成交"
"2021-02-19","2021-02-19 09:30:00.000","300800.SZ","力合科技","买入","1100","26","28600","--","8.58","普通成交"
"2021-02-19","2021-02-19 09:30:00.000","002277.SZ","友阿股份","买入","6000","3.2","19200","--","5.76","普通成交"
"2021-02-19","2021-02-19 09:30:00.000","002115.SZ","三维通信","买入","7200","5.27","37944","--","11.38","普通成交"
"2021-02-19","2021-02-19 09:30:00.000","000826.SZ","启迪环境","买入","600","5.47","3282","--","5","普通成交"
"2021-02-19","2021-02-19 09:30:00.000","000836.SZ","富通信息","卖出","128600","2.4","308640","30548.9 / 10.99%","401.23","普通成交"
"2021-02-18","2021-02-18 09:30:00.000","603559.SH","中通国脉","买入","1600","11.99","19184","--","5.76","普通成交"
"2021-02-18","2021-02-18 09:30:00.000","603214.SH","爱婴室","卖出","1000","20.21","20210","2277.43 / 12.7%","26.27","普通成交"
"2021-02-18","2021-02-18 09:30:00.000","002115.SZ","三维通信","买入","2500","5.05","12625","--","5","普通成交"
"2021-02-18","2021-02-18 09:30:00.000","000836.SZ","富通信息","买入","1900","2.28","4332","--","5","普通成交"
"2021-02-18","2021-02-18 09:30:00.000","000826.SZ","启迪环境","卖出","2900","5.35","15515","517.5 / 3.45%","20.52","普通成交"
"2021-02-10","2021-02-10 09:30:00.000","603214.SH","爱婴室","买入","100","17.6","1760","--","5","普通成交"
"2021-02-10","2021-02-10 09:30:00.000","300800.SZ","力合科技","买入","100","25.81","2581","--","5","普通成交"
"2021-02-10","2021-02-10 09:30:00.000","002277.SZ","友阿股份","买入","700","3.12","2184","--","5","普通成交"
"2021-02-10","2021-02-10 09:30:00.000","002115.SZ","三维通信","买入","200","4.94","988","--","5","普通成交"
"2021-02-10","2021-02-10 09:30:00.000","000836.SZ","富通信息","卖出","300","2.22","666","17.81 / 2.75%","5.67","普通成交"
"2021-02-10","2021-02-10 09:30:00.000","000826.SZ","启迪环境","卖出","1100","5.32","5852","163.29 / 2.87%","10.85","普通成交"
"2021-02-09","2021-02-09 09:30:00.000","603214.SH","爱婴室","买入","300","17.6","5280","--","5","普通成交"
"2021-02-09","2021-02-09 09:30:00.000","300800.SZ","力合科技","买入","100","25.38","2538","--","5","普通成交"
"2021-02-09","2021-02-09 09:30:00.000","002277.SZ","友阿股份","卖出","400","3.12","1248","-8.38 / -0.67%","6.25","普通成交"
"2021-02-09","2021-02-09 09:30:00.000","002115.SZ","三维通信","买入","400","4.88","1952","--","5","普通成交"
"2021-02-09","2021-02-09 09:30:00.000","000836.SZ","富通信息","卖出","3800","2.19","8322","111.54 / 1.36%","13.32","普通成交"
"2021-02-09","2021-02-09 09:30:00.000","000826.SZ","启迪环境","卖出","500","5.13","2565","-20.78 / -0.8%","7.57","普通成交"
"2021-02-08","2021-02-08 09:30:00.000","603214.SH","爱婴室","买入","9600","17.94","172224","--","51.67","普通成交"
"2021-02-08","2021-02-08 09:30:00.000","300800.SZ","力合科技","买入","8900","26","231400","--","69.42","普通成交"
"2021-02-08","2021-02-08 09:30:00.000","002277.SZ","友阿股份","买入","108100","3.14","339434","--","101.83","普通成交"
"2021-02-08","2021-02-08 09:30:00.000","002115.SZ","三维通信","买入","47000","5.03","236410","--","70.92","普通成交"
"2021-02-08","2021-02-08 09:30:00.000","000836.SZ","富通信息","买入","130800","2.16","282528","--","84.76","普通成交"
"2021-02-08","2021-02-08 09:30:00.000","000826.SZ","启迪环境","买入","55000","5.17","284350","--","85.31","普通成交"
"2021-02-02","2021-02-02 09:30:00.000","300282.SZ","三盛教育","卖出","76100","3.78","287658","-17249.53 / -5.66%","373.96","普通成交"
"2021-02-02","2021-02-02 09:30:00.000","600136.SH","当代文体","卖出","38700","5.72","221364","5280.71 / 2.44%","287.77","普通成交"
"2021-02-02","2021-02-02 09:30:00.000","002840.SZ","华统股份","卖出","31300","8.83","276379","-5842.95 / -2.07%","359.29","普通成交"
"2021-02-02","2021-02-02 09:30:00.000","603507.SH","振江股份","卖出","12500","20","250000","12225.32 / 5.14%","325","普通成交"
"2021-02-02","2021-02-02 09:30:00.000","002956.SZ","西麦食品","卖出","10000","23.1","231000","-28541.98 / -11.0%","300.3","普通成交"
"2021-02-02","2021-02-02 09:30:00.000","603988.SH","中电电机","卖出","24400","11.48","280112","13412.37 / 5.03%","364.15","普通成交"
"2021-02-01","2021-02-01 09:30:00.000","603507.SH","振江股份","买入","100","20.99","2099","--","5","普通成交"
"2021-02-01","2021-02-01 09:30:00.000","300282.SZ","三盛教育","卖出","100","3.89","389","-11.67 / -2.91%","5.39","普通成交"
"2021-02-01","2021-02-01 09:30:00.000","002840.SZ","华统股份","卖出","300","8.83","2649","-56.0 / -2.07%","7.65","普通成交"
"2021-01-29","2021-01-29 09:30:00.000","603988.SH","中电电机","买入","400","10.66","4264","--","5","普通成交"
"2021-01-29","2021-01-29 09:30:00.000","603507.SH","振江股份","卖出","100","21.79","2179","278.43 / 14.65%","7.18","普通成交"
"2021-01-29","2021-01-29 09:30:00.000","600136.SH","当代文体","卖出","600","5.82","3492","141.87 / 4.23%","8.49","普通成交"
"2021-01-29","2021-01-29 09:30:00.000","300282.SZ","三盛教育","买入","200","4","800","--","5","普通成交"
"2021-01-29","2021-01-29 09:30:00.000","002956.SZ","西麦食品","买入","400","24.36","9744","--","5","普通成交"
"2021-01-29","2021-01-29 09:30:00.000","002840.SZ","华统股份","买入","700","9.05","6335","--","5","普通成交"
"2021-01-28","2021-01-28 09:30:00.000","603988.SH","中电电机","卖出","100","10.89","1089","-4.46 / -0.41%","6.09","普通成交"
"2021-01-28","2021-01-28 09:30:00.000","603507.SH","振江股份","卖出","700","20.27","14189","885.01 / 6.65%","19.19","普通成交"
"2021-01-28","2021-01-28 09:30:00.000","600136.SH","当代文体","卖出","300","5.68","1704","28.94 / 1.73%","6.7","普通成交"
"2021-01-28","2021-01-28 09:30:00.000","300282.SZ","三盛教育","买入","100","3.89","389","--","5","普通成交"
"2021-01-28","2021-01-28 09:30:00.000","002840.SZ","华统股份","买入","900","8.9","8010","--","5","普通成交"
"2021-01-27","2021-01-27 09:30:00.000","603988.SH","中电电机","买入","200","10.68","2136","--","5","普通成交"
"2021-01-27","2021-01-27 09:30:00.000","603507.SH","振江股份","卖出","500","21.13","10565","1062.15 / 11.18%","15.57","普通成交"
"2021-01-27","2021-01-27 09:30:00.000","300282.SZ","三盛教育","买入","1600","3.97","6352","--","5","普通成交"
"2021-01-27","2021-01-27 09:30:00.000","002956.SZ","西麦食品","买入","100","25.3","2530","--","5","普通成交"
"2021-01-27","2021-01-27 09:30:00.000","002840.SZ","华统股份","卖出","800","9.48","7584","368.75 / 5.11%","12.58","普通成交"
"2021-01-26","2021-01-26 09:30:00.000","603507.SH","振江股份","买入","13700","19","260300","--","78.09","普通成交"
"2021-01-26","2021-01-26 09:30:00.000","600136.SH","当代文体","买入","3200","5.59","17888","--","5.37","普通成交"
"2021-01-26","2021-01-26 09:30:00.000","300282.SZ","三盛教育","买入","71000","4","284000","--","85.2","普通成交"
"2021-01-26","2021-01-26 09:30:00.000","002956.SZ","西麦食品","卖出","100","25.38","2538","-64.72 / -2.49%","7.54","普通成交"
"2021-01-26","2021-01-26 09:30:00.000","002840.SZ","华统股份","买入","29300","9.01","263993","--","79.2","普通成交"
"2021-01-26","2021-01-26 09:30:00.000","603711.SH","香飘飘","卖出","14700","18.5","271950","-7782.45 / -2.78%","353.54","普通成交"
"2021-01-26","2021-01-26 09:30:00.000","002751.SZ","易尚展示","卖出","17700","17.6","311520","11611.19 / 3.87%","404.98","普通成交"
"2021-01-26","2021-01-26 09:30:00.000","600468.SH","百利电气","卖出","61000","3.96","241560","-7574.48 / -3.04%","314.03","普通成交"
"2021-01-25","2021-01-25 09:30:00.000","603988.SH","中电电机","卖出","100","11.03","1103","9.35 / 0.85%","6.1","普通成交"
"2021-01-25","2021-01-25 09:30:00.000","300282.SZ","三盛教育","买入","3300","4.14","13662","--","5","普通成交"
"2021-01-25","2021-01-25 09:30:00.000","002956.SZ","西麦食品","卖出","500","26.2","13100","86.42 / 0.66%","18.1","普通成交"
"2021-01-25","2021-01-25 09:30:00.000","002840.SZ","华统股份","买入","1500","9.14","13710","--","5","普通成交"
"2021-01-25","2021-01-25 09:30:00.000","002751.SZ","易尚展示","卖出","700","18.43","12901","1040.2 / 8.77%","17.9","普通成交"
"2021-01-22","2021-01-22 09:30:00.000","603711.SH","香飘飘","买入","200","19","3800","--","5","普通成交"
"2021-01-22","2021-01-22 09:30:00.000","600468.SH","百利电气","买入","1100","4.34","4774","--","5","普通成交"
"2021-01-22","2021-01-22 09:30:00.000","600136.SH","当代文体","卖出","600","5.96","3576","226.3 / 6.76%","8.58","普通成交"
"2021-01-22","2021-01-22 09:30:00.000","002956.SZ","西麦食品","买入","300","26.36","7908","--","5","普通成交"
"2021-01-21","2021-01-21 09:30:00.000","603988.SH","中电电机","买入","400","10.97","4388","--","5","普通成交"
"2021-01-21","2021-01-21 09:30:00.000","603711.SH","香飘飘","买入","400","19.15","7660","--","5","普通成交"
"2021-01-21","2021-01-21 09:30:00.000","600468.SH","百利电气","卖出","5200","5.13","26676","5463.17 / 25.75%","34.68","普通成交"
"2021-01-21","2021-01-21 09:30:00.000","600136.SH","当代文体","买入","200","5.87","1174","--","5","普通成交"
"2021-01-21","2021-01-21 09:30:00.000","002956.SZ","西麦食品","买入","100","26","2600","--","5","普通成交"
"2021-01-21","2021-01-21 09:30:00.000","002751.SZ","易尚展示","买入","800","17.71","14168","--","5","普通成交"
"2021-01-20","2021-01-20 09:30:00.000","603988.SH","中电电机","买入","500","11.04","5520","--","5","普通成交"
"2021-01-20","2021-01-20 09:30:00.000","600468.SH","百利电气","卖出","4500","4.62","20790","2432.74 / 13.25%","27.03","普通成交"
"2021-01-20","2021-01-20 09:30:00.000","600136.SH","当代文体","卖出","400","5.79","2316","83.55 / 3.74%","7.32","普通成交"
"2021-01-20","2021-01-20 09:30:00.000","002751.SZ","易尚展示","买入","100","17.84","1784","--","5","普通成交"
"2021-01-19","2021-01-19 09:30:00.000","603988.SH","中电电机","买入","23100","10.93","252483","--","75.74","普通成交"
"2021-01-19","2021-01-19 09:30:00.000","603711.SH","香飘飘","买入","14100","19.02","268182","--","80.45","普通成交"
"2021-01-19","2021-01-19 09:30:00.000","600468.SH","百利电气","买入","5000","3.96","19800","--","5.94","普通成交"
"2021-01-19","2021-01-19 09:30:00.000","600136.SH","当代文体","买入","36600","5.58","204228","--","61.27","普通成交"
"2021-01-19","2021-01-19 09:30:00.000","002956.SZ","西麦食品","买入","100","26.07","2607","--","5","普通成交"
"2021-01-19","2021-01-19 09:30:00.000","002751.SZ","易尚展示","买入","1700","17.91","30447","--","9.13","普通成交"
"2021-01-19","2021-01-19 09:30:00.000","603777.SH","来伊份","卖出","22900","11.56","264724","-6959.12 / -2.56%","344.14","普通成交"
"2021-01-19","2021-01-19 09:30:00.000","000613.SZ","大东海A","卖出","66600","3.69","245754","-14660.93 / -5.63%","319.48","普通成交"
"2021-01-19","2021-01-19 09:30:00.000","002452.SZ","长高集团","卖出","50300","5.38","270614","1501.39 / 0.56%","351.8","普通成交"
"2021-01-18","2021-01-18 09:30:00.000","600136.SH","当代文体","买入","600","5.54","3324","--","5","普通成交"
"2021-01-18","2021-01-18 09:30:00.000","002956.SZ","西麦食品","卖出","100","26.2","2620","18.5 / 0.71%","7.62","普通成交"
"2021-01-18","2021-01-18 09:30:00.000","002751.SZ","易尚展示","买入","200","18.28","3656","--","5","普通成交"
"2021-01-18","2021-01-18 09:30:00.000","002452.SZ","长高集团","买入","700","5.24","3668","--","5","普通成交"
"2021-01-18","2021-01-18 09:30:00.000","000613.SZ","大东海A","买入","1200","3.59","4308","--","5","普通成交"
"2021-01-15","2021-01-15 09:30:00.000","603777.SH","来伊份","买入","300","11.3","3390","--","5","普通成交"
"2021-01-15","2021-01-15 09:30:00.000","600468.SH","百利电气","买入","900","3.83","3447","--","5","普通成交"
"2021-01-15","2021-01-15 09:30:00.000","002751.SZ","易尚展示","卖出","1100","17.58","19338","885.47 / 4.8%","25.14","普通成交"
"2021-01-15","2021-01-15 09:30:00.000","000613.SZ","大东海A","买入","2200","3.44","7568","--","5","普通成交"
"2021-01-14","2021-01-14 09:30:00.000","603777.SH","来伊份","买入","100","11.28","1128","--","5","普通成交"
"2021-01-14","2021-01-14 09:30:00.000","600468.SH","百利电气","卖出","1300","3.81","4953","-366.75 / -6.89%","9.95","普通成交"
"2021-01-14","2021-01-14 09:30:00.000","002956.SZ","西麦食品","卖出","100","25.36","2536","-65.5 / -2.52%","7.54","普通成交"
"2021-01-14","2021-01-14 09:30:00.000","002452.SZ","长高集团","卖出","200","5.09","1018","-52.32 / -4.89%","6.02","普通成交"
"2021-01-14","2021-01-14 09:30:00.000","000613.SZ","大东海A","买入","1000","3.5","3500","--","5","普通成交"
"2021-01-13","2021-01-13 09:30:00.000","603777.SH","来伊份","卖出","300","11.7","3510","-52.07 / -1.46%","8.51","普通成交"
"2021-01-13","2021-01-13 09:30:00.000","600468.SH","百利电气","买入","1000","3.83","3830","--","5","普通成交"
"2021-01-13","2021-01-13 09:30:00.000","002956.SZ","西麦食品","卖出","100","25.35","2535","-66.5 / -2.56%","7.54","普通成交"
"2021-01-13","2021-01-13 09:30:00.000","002452.SZ","长高集团","卖出","300","5.17","1551","-54.48 / -3.39%","6.55","普通成交"
"2021-01-13","2021-01-13 09:30:00.000","000613.SZ","大东海A","买入","200","3.68","736","--","5","普通成交"
"2021-01-12","2021-01-12 09:30:00.000","600468.SH","百利电气","买入","1100","3.8","4180","--","5","普通成交"
"2021-01-12","2021-01-12 09:30:00.000","002956.SZ","西麦食品","买入","200","24.4","4880","--","5","普通成交"
"2021-01-12","2021-01-12 09:30:00.000","002751.SZ","易尚展示","卖出","200","16.18","3236","-119.01 / -3.55%","8.24","普通成交"
"2021-01-12","2021-01-12 09:30:00.000","002452.SZ","长高集团","卖出","100","5.14","514","-21.16 / -3.95%","5.51","普通成交"
"2021-01-12","2021-01-12 09:30:00.000","000613.SZ","大东海A","买入","300","3.69","1107","--","5","普通成交"
"2021-01-11","2021-01-11 09:30:00.000","603777.SH","来伊份","买入","22800","11.87","270636","--","81.19","普通成交"
"2021-01-11","2021-01-11 09:30:00.000","600468.SH","百利电气","买入","62900","4.1","257890","--","77.37","普通成交"
"2021-01-11","2021-01-11 09:30:00.000","002956.SZ","西麦食品","买入","9700","26.04","252588","--","75.78","普通成交"
"2021-01-11","2021-01-11 09:30:00.000","002751.SZ","易尚展示","买入","16900","16.77","283413","--","85.02","普通成交"
"2021-01-11","2021-01-11 09:30:00.000","002452.SZ","长高集团","买入","50200","5.35","268570","--","80.57","普通成交"
"2021-01-11","2021-01-11 09:30:00.000","000613.SZ","大东海A","买入","61700","3.94","243098","--","72.93","普通成交"
"2020-12-15","2020-12-15 09:30:00.000","300338.SZ","开元股份","卖出","27700","7.46","206642","10452.25 / 5.33%","268.63","普通成交"
"2020-12-15","2020-12-15 09:30:00.000","002956.SZ","西麦食品","卖出","8200","35.16","288312","30754.76 / 11.94%","374.81","普通成交"
"2020-12-15","2020-12-15 09:30:00.000","600517.SH","国网英大","卖出","46400","5.65","262160","-20268.09 / -7.18%","340.81","普通成交"
"2020-12-15","2020-12-15 09:30:00.000","002261.SZ","拓维信息","卖出","48300","6.58","317814","-17512.84 / -5.22%","413.16","普通成交"
"2020-12-15","2020-12-15 09:30:00.000","601700.SH","风范股份","卖出","56800","4.48","254464","-11322.39 / -4.26%","330.8","普通成交"
"2020-12-15","2020-12-15 09:30:00.000","603755.SH","日辰股份","卖出","3500","72.66","254310","45234.8 / 21.64%","330.6","普通成交"
"2020-12-14","2020-12-14 09:30:00.000","601700.SH","风范股份","卖出","100","4.44","444","-23.93 / -5.11%","5.44","普通成交"
"2020-12-14","2020-12-14 09:30:00.000","600517.SH","国网英大","买入","1000","5.73","5730","--","5","普通成交"
"2020-12-14","2020-12-14 09:30:00.000","300338.SZ","开元股份","卖出","1000","7.29","7290","207.34 / 2.93%","12.29","普通成交"
"2020-12-14","2020-12-14 09:30:00.000","002261.SZ","拓维信息","买入","1100","6.54","7194","--","5","普通成交"
"2020-12-11","2020-12-11 09:30:00.000","603755.SH","日辰股份","卖出","100","71.8","7180","1206.42 / 20.2%","12.18","普通成交"
"2020-12-10","2020-12-10 09:30:00.000","601700.SH","风范股份","买入","100","4.5","450","--","5","普通成交"
"2020-12-10","2020-12-10 09:30:00.000","600517.SH","国网英大","卖出","100","5.99","599","-10.46 / -1.72%","5.6","普通成交"
"2020-12-09","2020-12-09 09:30:00.000","601700.SH","风范股份","买入","1000","4.63","4630","--","5","普通成交"
"2020-12-09","2020-12-09 09:30:00.000","600517.SH","国网英大","买入","400","6.09","2436","--","5","普通成交"
"2020-12-09","2020-12-09 09:30:00.000","300338.SZ","开元股份","买入","100","7.29","729","--","5","普通成交"
"2020-12-09","2020-12-09 09:30:00.000","002261.SZ","拓维信息","卖出","100","7.05","705","9.81 / 1.41%","5.71","普通成交"
"2020-12-08","2020-12-08 09:30:00.000","603755.SH","日辰股份","卖出","100","71.51","7151","1177.42 / 19.71%","12.15","普通成交"
"2020-12-08","2020-12-08 09:30:00.000","601700.SH","风范股份","买入","40400","4.69","189476","--","56.84","普通成交"
"2020-12-08","2020-12-08 09:30:00.000","600517.SH","国网英大","买入","700","6.17","4319","--","5","普通成交"
"2020-12-08","2020-12-08 09:30:00.000","300338.SZ","开元股份","卖出","300","7.44","2232","107.47 / 5.06%","7.23","普通成交"
"2020-12-08","2020-12-08 09:30:00.000","002261.SZ","拓维信息","买入","2200","7.05","15510","--","5","普通成交"
"2020-12-08","2020-12-08 09:30:00.000","603507.SH","振江股份","卖出","8200","22.58","185156","3470.5 / 1.91%","240.7","普通成交"
"2020-12-07","2020-12-07 09:30:00.000","603755.SH","日辰股份","卖出","300","73.72","22116","4195.27 / 23.41%","28.75","普通成交"
"2020-12-07","2020-12-07 09:30:00.000","601700.SH","风范股份","买入","15400","4.65","71610","--","21.48","普通成交"
"2020-12-07","2020-12-07 09:30:00.000","600517.SH","国网英大","卖出","11300","6.32","71416","2562.98 / 3.72%","92.84","普通成交"
"2020-12-07","2020-12-07 09:30:00.000","002261.SZ","拓维信息","买入","200","7.2","1440","--","5","普通成交"
"2020-12-04","2020-12-04 09:30:00.000","300338.SZ","开元股份","买入","200","7.4","1480","--","5","普通成交"
"2020-12-04","2020-12-04 09:30:00.000","002956.SZ","西麦食品","卖出","100","34.78","3478","337.06 / 10.73%","8.48","普通成交"
"2020-12-04","2020-12-04 09:30:00.000","002261.SZ","拓维信息","买入","300","7.16","2148","--","5","普通成交"
"2020-12-03","2020-12-03 09:30:00.000","603507.SH","振江股份","买入","200","22.07","4414","--","5","普通成交"
"2020-12-03","2020-12-03 09:30:00.000","600517.SH","国网英大","买入","800","6.15","4920","--","5","普通成交"
"2020-12-03","2020-12-03 09:30:00.000","300338.SZ","开元股份","卖出","900","7.28","6552","180.57 / 2.83%","11.55","普通成交"
"2020-12-03","2020-12-03 09:30:00.000","002261.SZ","拓维信息","买入","200","7.2","1440","--","5","普通成交"
"2020-12-02","2020-12-02 09:30:00.000","603755.SH","日辰股份","卖出","100","62.02","6202","228.42 / 3.82%","11.2","普通成交"
"2020-12-02","2020-12-02 09:30:00.000","600517.SH","国网英大","买入","400","6.14","2456","--","5","普通成交"
"2020-12-02","2020-12-02 09:30:00.000","300338.SZ","开元股份","买入","600","6.95","4170","--","5","普通成交"
"2020-12-02","2020-12-02 09:30:00.000","002956.SZ","西麦食品","卖出","200","33.3","6660","378.12 / 6.02%","11.66","普通成交"
"2020-12-02","2020-12-02 09:30:00.000","002261.SZ","拓维信息","买入","200","7.1","1420","--","5","普通成交"
"2020-12-01","2020-12-01 09:30:00.000","603755.SH","日辰股份","买入","100","59.6","5960","--","5","普通成交"
"2020-12-01","2020-12-01 09:30:00.000","603507.SH","振江股份","买入","100","22.24","2224","--","5","普通成交"
"2020-12-01","2020-12-01 09:30:00.000","300338.SZ","开元股份","买入","100","6.96","696","--","5","普通成交"
"2020-12-01","2020-12-01 09:30:00.000","002261.SZ","拓维信息","卖出","200","6.95","1390","1.58 / 0.11%","6.39","普通成交"
"2020-11-30","2020-11-30 09:30:00.000","603755.SH","日辰股份","买入","4000","59.72","238880","--","71.66","普通成交"
"2020-11-30","2020-11-30 09:30:00.000","603507.SH","振江股份","买入","7900","22.15","174985","--","52.5","普通成交"
"2020-11-30","2020-11-30 09:30:00.000","600517.SH","国网英大","买入","54500","6.09","331905","--","99.57","普通成交"
"2020-11-30","2020-11-30 09:30:00.000","300338.SZ","开元股份","买入","28900","7.08","204612","--","61.38","普通成交"
"2020-11-30","2020-11-30 09:30:00.000","002956.SZ","西麦食品","买入","8500","31.4","266900","--","80.07","普通成交"
"2020-11-30","2020-11-30 09:30:00.000","002261.SZ","拓维信息","买入","44400","6.94","308136","--","92.44","普通成交"
"2020-11-24","2020-11-24 09:30:00.000","600136.SH","当代文体","卖出","36400","7.7","280280","17757.27 / 6.76%","364.36","普通成交"
"2020-11-24","2020-11-24 09:30:00.000","601700.SH","风范股份","卖出","73500","4.58","336630","7222.83 / 2.19%","437.62","普通成交"
"2020-11-24","2020-11-24 09:30:00.000","002243.SZ","通产丽星","卖出","14800","12.13","179524","-2344.46 / -1.29%","233.38","普通成交"
"2020-11-24","2020-11-24 09:30:00.000","603238.SH","诺邦股份","卖出","9600","34.82","334272","-4225.66 / -1.25%","434.55","普通成交"
"2020-11-23","2020-11-23 09:30:00.000","603507.SH","振江股份","卖出","8100","22.23","180063","-1918.98 / -1.05%","234.08","普通成交"
"2020-11-23","2020-11-23 09:30:00.000","603238.SH","诺邦股份","买入","100","34.47","3447","--","5","普通成交"
"2020-11-23","2020-11-23 09:30:00.000","601700.SH","风范股份","卖出","700","4.56","3192","54.79 / 1.75%","8.19","普通成交"
"2020-11-23","2020-11-23 09:30:00.000","600136.SH","当代文体","卖出","100","7.84","784","62.78 / 8.7%","5.78","普通成交"
"2020-11-23","2020-11-23 09:30:00.000","300338.SZ","开元股份","卖出","30400","7.29","221616","3562.16 / 1.63%","288.1","普通成交"
"2020-11-20","2020-11-20 09:30:00.000","601700.SH","风范股份","买入","200","4.5","900","--","5","普通成交"
"2020-11-19","2020-11-19 09:30:00.000","603507.SH","振江股份","买入","100","21.45","2145","--","5","普通成交"
"2020-11-19","2020-11-19 09:30:00.000","600136.SH","当代文体","卖出","400","7.72","3088","203.13 / 7.04%","8.09","普通成交"
"2020-11-19","2020-11-19 09:30:00.000","300338.SZ","开元股份","卖出","500","7.44","3720","133.59 / 3.72%","8.72","普通成交"
"2020-11-19","2020-11-19 09:30:00.000","002243.SZ","通产丽星","买入","200","12","2400","--","5","普通成交"
"2020-11-18","2020-11-18 09:30:00.000","603507.SH","振江股份","买入","300","21.75","6525","--","5","普通成交"
"2020-11-18","2020-11-18 09:30:00.000","603238.SH","诺邦股份","卖出","100","34.82","3482","-44.8 / -1.27%","8.48","普通成交"
"2020-11-18","2020-11-18 09:30:00.000","601700.SH","风范股份","买入","800","4.5","3600","--","5","普通成交"
"2020-11-18","2020-11-18 09:30:00.000","600136.SH","当代文体","卖出","1200","7.84","9408","753.4 / 8.71%","14.41","普通成交"
"2020-11-18","2020-11-18 09:30:00.000","300338.SZ","开元股份","买入","100","7.33","733","--","5","普通成交"
"2020-11-18","2020-11-18 09:30:00.000","002243.SZ","通产丽星","买入","100","12","1200","--","5","普通成交"
"2020-11-17","2020-11-17 09:30:00.000","603238.SH","诺邦股份","买入","300","34.24","10272","--","5","普通成交"
"2020-11-17","2020-11-17 09:30:00.000","601700.SH","风范股份","卖出","100","4.52","452","3.87 / 0.86%","5.45","普通成交"
"2020-11-17","2020-11-17 09:30:00.000","600136.SH","当代文体","卖出","500","7.36","3680","73.92 / 2.05%","8.68","普通成交"
"2020-11-17","2020-11-17 09:30:00.000","300338.SZ","开元股份","卖出","700","7.3","5110","89.49 / 1.78%","10.11","普通成交"
"2020-11-16","2020-11-16 09:30:00.000","603507.SH","振江股份","买入","7700","22.5","173250","--","51.98","普通成交"
"2020-11-16","2020-11-16 09:30:00.000","603238.SH","诺邦股份","买入","9300","35.29","328197","--","98.46","普通成交"
"2020-11-16","2020-11-16 09:30:00.000","601700.SH","风范股份","买入","73300","4.48","328384","--","98.52","普通成交"
"2020-11-16","2020-11-16 09:30:00.000","600136.SH","当代文体","买入","38600","7.21","278306","--","83.49","普通成交"
"2020-11-16","2020-11-16 09:30:00.000","300338.SZ","开元股份","买入","31500","7.17","225855","--","67.76","普通成交"
"2020-11-16","2020-11-16 09:30:00.000","002243.SZ","通产丽星","买入","14500","12.29","178205","--","53.46","普通成交"
"2020-10-27","2020-10-27 09:30:00.000","603927.SH","中科软","卖出","6000","38.43","230580","-4420.28 / -1.88%","299.75","普通成交"
"2020-10-27","2020-10-27 09:30:00.000","603031.SH","安德利","卖出","9400","26.92","253048","-24182.29 / -8.72%","328.96","普通成交"
"2020-10-27","2020-10-27 09:30:00.000","603083.SH","剑桥科技","卖出","14400","15.55","223920","-40131.42 / -15.2%","291.1","普通成交"
"2020-10-27","2020-10-27 09:30:00.000","603003.SH","龙宇燃油","卖出","35600","7.77","276612","-7612.93 / -2.68%","359.6","普通成交"
"2020-10-27","2020-10-27 09:30:00.000","002115.SZ","三维通信","卖出","35500","7.75","275125","-4127.39 / -1.48%","357.66","普通成交"
"2020-10-27","2020-10-27 09:30:00.000","002251.SZ","步步高","卖出","21800","11.65","253970","13225.8 / 5.49%","330.16","普通成交"
"2020-10-26","2020-10-26 09:30:00.000","603083.SH","剑桥科技","买入","500","15.65","7825","--","5","普通成交"
"2020-10-26","2020-10-26 09:30:00.000","002251.SZ","步步高","卖出","1000","11.73","11730","686.69 / 6.22%","16.73","普通成交"
"2020-10-26","2020-10-26 09:30:00.000","002115.SZ","三维通信","买入","100","7.82","782","--","5","普通成交"
"2020-10-23","2020-10-23 09:30:00.000","603083.SH","剑桥科技","买入","800","16.35","13080","--","5","普通成交"
"2020-10-23","2020-10-23 09:30:00.000","603031.SH","安德利","卖出","300","27.61","8283","-564.78 / -6.38%","13.28","普通成交"
"2020-10-23","2020-10-23 09:30:00.000","002251.SZ","步步高","卖出","500","11.3","5650","128.34 / 2.32%","10.65","普通成交"
"2020-10-23","2020-10-23 09:30:00.000","002115.SZ","三维通信","买入","100","8.01","801","--","5","普通成交"
"2020-10-22","2020-10-22 09:30:00.000","603083.SH","剑桥科技","买入","700","16.66","11662","--","5","普通成交"
"2020-10-22","2020-10-22 09:30:00.000","603003.SH","龙宇燃油","卖出","400","7.94","3176","-17.54 / -0.55%","8.18","普通成交"
"2020-10-22","2020-10-22 09:30:00.000","002251.SZ","步步高","卖出","400","11.19","4476","58.68 / 1.33%","9.48","普通成交"
"2020-10-22","2020-10-22 09:30:00.000","002115.SZ","三维通信","卖出","400","8.08","3232","85.72 / 2.72%","8.23","普通成交"
"2020-10-21","2020-10-21 09:30:00.000","603031.SH","安德利","买入","100","27.49","2749","--","5","普通成交"
"2020-10-21","2020-10-21 09:30:00.000","603003.SH","龙宇燃油","买入","100","8.05","805","--","5","普通成交"
"2020-10-21","2020-10-21 09:30:00.000","002115.SZ","三维通信","卖出","100","8.2","820","33.43 / 4.25%","5.82","普通成交"
"2020-10-20","2020-10-20 09:30:00.000","603927.SH","中科软","买入","5900","39.14","230926","--","69.28","普通成交"
"2020-10-20","2020-10-20 09:30:00.000","603083.SH","剑桥科技","买入","9600","18.3","175680","--","52.7","普通成交"
"2020-10-20","2020-10-20 09:30:00.000","603031.SH","安德利","买入","200","27.24","5448","--","5","普通成交"
"2020-10-20","2020-10-20 09:30:00.000","603003.SH","龙宇燃油","买入","35700","7.98","284886","--","85.47","普通成交"
"2020-10-20","2020-10-20 09:30:00.000","002251.SZ","步步高","买入","23700","11.04","261648","--","78.49","普通成交"
"2020-10-20","2020-10-20 09:30:00.000","002115.SZ","三维通信","买入","2600","8.04","20904","--","6.27","普通成交"
"2020-10-20","2020-10-20 09:30:00.000","600785.SH","新华百货","卖出","11700","16.8","196560","1930.63 / 0.99%","255.53","普通成交"
"2020-10-20","2020-10-20 09:30:00.000","603496.SH","恒为科技","卖出","10800","19.55","211140","-11298.47 / -5.08%","274.48","普通成交"
"2020-10-20","2020-10-20 09:30:00.000","600602.SH","云赛智联","卖出","47100","6.5","306150","-14531.16 / -4.53%","398","普通成交"
"2020-10-20","2020-10-20 09:30:00.000","603220.SH","中贝通信","卖出","17900","15.2","272080","4054.16 / 1.51%","353.7","普通成交"
"2020-10-19","2020-10-19 09:30:00.000","603927.SH","中科软","买入","100","40","4000","--","5","普通成交"
"2020-10-19","2020-10-19 09:30:00.000","603220.SH","中贝通信","卖出","200","15.46","3092","97.3 / 3.25%","8.09","普通成交"
"2020-10-19","2020-10-19 09:30:00.000","603083.SH","剑桥科技","买入","2800","19.9","55720","--","16.72","普通成交"
"2020-10-19","2020-10-19 09:30:00.000","603031.SH","安德利","卖出","2000","28.02","56040","-3081.5 / -5.21%","72.85","普通成交"
"2020-10-19","2020-10-19 09:30:00.000","603003.SH","龙宇燃油","买入","200","8.16","1632","--","5","普通成交"
"2020-10-19","2020-10-19 09:30:00.000","600785.SH","新华百货","卖出","100","16.7","1670","6.5 / 0.39%","6.67","普通成交"
"2020-10-19","2020-10-19 09:30:00.000","002115.SZ","三维通信","买入","300","8.46","2538","--","5","普通成交"
"2020-10-16","2020-10-16 09:30:00.000","603220.SH","中贝通信","买入","100","14.89","1489","--","5","普通成交"
"2020-10-16","2020-10-16 09:30:00.000","603031.SH","安德利","买入","100","29.38","2938","--","5","普通成交"
"2020-10-16","2020-10-16 09:30:00.000","600785.SH","新华百货","卖出","300","16.65","4995","4.5 / 0.09%","10","普通成交"
"2020-10-16","2020-10-16 09:30:00.000","600602.SH","云赛智联","买入","200","6.65","1330","--","5","普通成交"
"2020-10-16","2020-10-16 09:30:00.000","002115.SZ","三维通信","买入","200","7.89","1578","--","5","普通成交"
"2020-10-15","2020-10-15 09:30:00.000","603496.SH","恒为科技","买入","100","20.49","2049","--","5","普通成交"
"2020-10-15","2020-10-15 09:30:00.000","603220.SH","中贝通信","买入","100","15.14","1514","--","5","普通成交"
"2020-10-15","2020-10-15 09:30:00.000","603031.SH","安德利","卖出","200","29.55","5910","-2.38 / -0.04%","10.91","普通成交"
"2020-10-15","2020-10-15 09:30:00.000","600785.SH","新华百货","卖出","200","16.34","3268","-59.0 / -1.77%","8.27","普通成交"
"2020-10-15","2020-10-15 09:30:00.000","002115.SZ","三维通信","买入","100","8","800","--","5","普通成交"
"2020-10-14","2020-10-14 09:30:00.000","600602.SH","云赛智联","买入","300","6.78","2034","--","5","普通成交"
"2020-10-14","2020-10-14 09:30:00.000","002115.SZ","三维通信","买入","100","8.09","809","--","5","普通成交"
"2020-10-13","2020-10-13 09:30:00.000","603496.SH","恒为科技","买入","100","20.6","2060","--","5","普通成交"
"2020-10-13","2020-10-13 09:30:00.000","603220.SH","中贝通信","买入","400","15.31","6124","--","5","普通成交"
"2020-10-13","2020-10-13 09:30:00.000","603031.SH","安德利","买入","3500","29.08","101780","--","30.53","普通成交"
"2020-10-13","2020-10-13 09:30:00.000","600785.SH","新华百货","买入","12300","16.63","204549","--","61.36","普通成交"
"2020-10-13","2020-10-13 09:30:00.000","600602.SH","云赛智联","买入","42600","6.82","290532","--","87.16","普通成交"
"2020-10-13","2020-10-13 09:30:00.000","002115.SZ","三维通信","买入","200","8.12","1624","--","5","普通成交"
"2020-10-13","2020-10-13 09:30:00.000","002091.SZ","江苏国泰","卖出","47800","6.17","294926","13777.68 / 4.9%","383.4","普通成交"
"2020-10-13","2020-10-13 09:30:00.000","300659.SZ","中孚信息","卖出","5100","52.88","269688","31956.7 / 13.44%","350.59","普通成交"
"2020-10-12","2020-10-12 09:30:00.000","603496.SH","恒为科技","卖出","2300","20.3","46690","-681.21 / -1.44%","60.7","普通成交"
"2020-10-12","2020-10-12 09:30:00.000","600602.SH","云赛智联","买入","4000","6.67","26680","--","8","普通成交"
"2020-10-12","2020-10-12 09:30:00.000","002115.SZ","三维通信","卖出","1500","7.9","11850","86.47 / 0.74%","16.85","普通成交"
"2020-10-12","2020-10-12 09:30:00.000","002091.SZ","江苏国泰","卖出","2400","6.05","14520","403.77 / 2.86%","19.52","普通成交"
"2020-10-09","2020-10-09 09:30:00.000","603496.SH","恒为科技","买入","12900","20.59","265611","--","79.68","普通成交"
"2020-10-09","2020-10-09 09:30:00.000","603220.SH","中贝通信","买入","17500","14.96","261800","--","78.54","普通成交"
"2020-10-09","2020-10-09 09:30:00.000","603031.SH","安德利","买入","8000","29.76","238080","--","71.42","普通成交"
"2020-10-09","2020-10-09 09:30:00.000","300659.SZ","中孚信息","买入","5100","46.6","237660","--","71.3","普通成交"
"2020-10-09","2020-10-09 09:30:00.000","002115.SZ","三维通信","买入","33800","7.84","264992","--","79.5","普通成交"
"2020-10-09","2020-10-09 09:30:00.000","002091.SZ","江苏国泰","买入","50200","5.88","295176","--","88.55","普通成交"
"2020-09-22","2020-09-22 09:30:00.000","600136.SH","当代文体","卖出","43900","7.15","313885","-7538.11 / -2.35%","408.05","普通成交"
"2020-09-22","2020-09-22 09:30:00.000","603099.SH","长白山","卖出","21800","9.37","204266","8799.82 / 4.5%","265.55","普通成交"
"2020-09-22","2020-09-22 09:30:00.000","603711.SH","香飘飘","卖出","9800","24.5","240100","-6383.19 / -2.59%","312.13","普通成交"
"2020-09-22","2020-09-22 09:30:00.000","600381.SH","青海春天","卖出","56200","4.94","277628","-7780.98 / -2.73%","360.92","普通成交"
"2020-09-22","2020-09-22 09:30:00.000","300583.SZ","赛托生物","卖出","8300","28.82","239206","-486.88 / -0.2%","310.97","普通成交"
"2020-09-22","2020-09-22 09:30:00.000","000150.SZ","宜华健康","卖出","77900","3.6","280440","-3016.07 / -1.06%","364.57","普通成交"
"2020-09-21","2020-09-21 09:30:00.000","603099.SH","长白山","卖出","1100","9.53","10483","620.03 / 6.29%","15.48","普通成交"
"2020-09-21","2020-09-21 09:30:00.000","000150.SZ","宜华健康","买入","700","3.55","2485","--","5","普通成交"
"2020-09-18","2020-09-18 09:30:00.000","603099.SH","长白山","卖出","300","8.86","2658","-31.9 / -1.19%","7.66","普通成交"
"2020-09-18","2020-09-18 09:30:00.000","000150.SZ","宜华健康","买入","300","3.53","1059","--","5","普通成交"
"2020-09-17","2020-09-17 09:30:00.000","603711.SH","香飘飘","买入","100","24.5","2450","--","5","普通成交"
"2020-09-17","2020-09-17 09:30:00.000","603099.SH","长白山","买入","100","8.74","874","--","5","普通成交"
"2020-09-17","2020-09-17 09:30:00.000","600381.SH","青海春天","买入","1100","4.92","5412","--","5","普通成交"
"2020-09-17","2020-09-17 09:30:00.000","600136.SH","当代文体","卖出","300","7.22","2166","-30.51 / -1.39%","7.17","普通成交"
"2020-09-17","2020-09-17 09:30:00.000","000150.SZ","宜华健康","卖出","1100","3.57","3927","-76.8 / -1.92%","8.93","普通成交"
"2020-09-16","2020-09-16 09:30:00.000","603099.SH","长白山","卖出","400","8.91","3564","-22.84 / -0.64%","8.56","普通成交"
"2020-09-16","2020-09-16 09:30:00.000","000150.SZ","宜华健康","买入","1100","3.55","3905","--","5","普通成交"
"2020-09-15","2020-09-15 09:30:00.000","603099.SH","长白山","买入","500","8.7","4350","--","5","普通成交"
"2020-09-15","2020-09-15 09:30:00.000","600381.SH","青海春天","卖出","200","5.08","1016","-0.3 / -0.03%","6.02","普通成交"
"2020-09-15","2020-09-15 09:30:00.000","600136.SH","当代文体","买入","200","7.19","1438","--","5","普通成交"
"2020-09-15","2020-09-15 09:30:00.000","300583.SZ","赛托生物","卖出","300","29.9","8970","306.4 / 3.54%","13.97","普通成交"
"2020-09-15","2020-09-15 09:30:00.000","000150.SZ","宜华健康","买入","100","3.55","355","--","5","普通成交"
"2020-09-14","2020-09-14 09:30:00.000","603711.SH","香飘飘","买入","9700","25.15","243955","--","73.19","普通成交"
"2020-09-14","2020-09-14 09:30:00.000","603099.SH","长白山","买入","23000","8.97","206310","--","61.89","普通成交"
"2020-09-14","2020-09-14 09:30:00.000","600381.SH","青海春天","买入","55300","5.08","280924","--","84.28","普通成交"
"2020-09-14","2020-09-14 09:30:00.000","600136.SH","当代文体","买入","44000","7.32","322080","--","96.62","普通成交"
"2020-09-14","2020-09-14 09:30:00.000","300583.SZ","赛托生物","买入","8600","28.87","248282","--","74.48","普通成交"
"2020-09-14","2020-09-14 09:30:00.000","000150.SZ","宜华健康","买入","76800","3.64","279552","--","83.87","普通成交"
"2020-08-25","2020-08-25 09:30:00.000","002750.SZ","龙津药业","卖出","31600","9.03","285348","-3545.1 / -1.23%","370.95","普通成交"
"2020-08-25","2020-08-25 09:30:00.000","603716.SH","塞力斯","卖出","14700","16.54","243138","-517.02 / -0.21%","316.08","普通成交"
"2020-08-24","2020-08-24 09:30:00.000","603716.SH","塞力斯","买入","700","16.33","11431","--","5","普通成交"
"2020-08-24","2020-08-24 09:30:00.000","300637.SZ","扬帆新材","卖出","24300","10.1","245430","8593.08 / 3.63%","319.06","普通成交"
"2020-08-24","2020-08-24 09:30:00.000","300282.SZ","三盛教育","卖出","57000","6.2","353400","7724.22 / 2.23%","459.42","普通成交"
"2020-08-24","2020-08-24 09:30:00.000","002955.SZ","鸿合科技","卖出","9900","29.03","287397","-3352.32 / -1.15%","373.62","普通成交"
"2020-08-24","2020-08-24 09:30:00.000","000430.SZ","张家界","卖出","32700","5.5","179850","7619.74 / 4.42%","233.81","普通成交"
"2020-08-21","2020-08-21 09:30:00.000","300637.SZ","扬帆新材","买入","300","9.8","2940","--","5","普通成交"
"2020-08-21","2020-08-21 09:30:00.000","300282.SZ","三盛教育","买入","500","6.15","3075","--","5","普通成交"
"2020-08-21","2020-08-21 09:30:00.000","002955.SZ","鸿合科技","买入","100","29.3","2930","--","5","普通成交"
"2020-08-21","2020-08-21 09:30:00.000","000430.SZ","张家界","卖出","200","5.4","1080","26.6 / 2.53%","6.08","普通成交"
"2020-08-20","2020-08-20 09:30:00.000","603716.SH","塞力斯","卖出","300","17.35","5205","228.88 / 4.6%","10.21","普通成交"
"2020-08-20","2020-08-20 09:30:00.000","300637.SZ","扬帆新材","卖出","100","10.2","1020","45.45 / 4.66%","6.02","普通成交"
"2020-08-20","2020-08-20 09:30:00.000","300282.SZ","三盛教育","卖出","300","6.24","1872","52.91 / 2.91%","6.87","普通成交"
"2020-08-20","2020-08-20 09:30:00.000","002750.SZ","龙津药业","买入","200","9.03","1806","--","5","普通成交"
"2020-08-20","2020-08-20 09:30:00.000","000430.SZ","张家界","买入","200","5.37","1074","--","5","普通成交"
"2020-08-19","2020-08-19 09:30:00.000","300637.SZ","扬帆新材","卖出","300","10.04","3012","88.35 / 3.02%","8.01","普通成交"
"2020-08-19","2020-08-19 09:30:00.000","300282.SZ","三盛教育","买入","100","6.23","623","--","5","普通成交"
"2020-08-18","2020-08-18 09:30:00.000","603716.SH","塞力斯","买入","12500","16.64","208000","--","62.4","普通成交"
"2020-08-18","2020-08-18 09:30:00.000","300637.SZ","扬帆新材","卖出","300","9.91","2973","49.35 / 1.69%","7.97","普通成交"
"2020-08-18","2020-08-18 09:30:00.000","300282.SZ","三盛教育","卖出","500","6.22","3110","78.37 / 2.59%","8.11","普通成交"
"2020-08-18","2020-08-18 09:30:00.000","002955.SZ","鸿合科技","买入","9800","29.36","287728","--","86.32","普通成交"
"2020-08-18","2020-08-18 09:30:00.000","002750.SZ","龙津药业","买入","31400","9.14","286996","--","86.1","普通成交"
"2020-08-18","2020-08-18 09:30:00.000","000430.SZ","张家界","买入","1100","5.38","5918","--","5","普通成交"
"2020-08-18","2020-08-18 09:30:00.000","002898.SZ","赛隆药业","卖出","18100","13.4","242540","-1087.88 / -0.45%","315.3","普通成交"
"2020-08-18","2020-08-18 09:30:00.000","300583.SZ","赛托生物","卖出","9200","28.8","264960","-1783.69 / -0.67%","344.45","普通成交"
"2020-08-18","2020-08-18 09:30:00.000","002855.SZ","捷荣技术","卖出","24100","11.51","277391","4875.67 / 1.79%","360.61","普通成交"
"2020-08-17","2020-08-17 09:30:00.000","603716.SH","塞力斯","买入","1800","16.18","29124","--","8.74","普通成交"
"2020-08-17","2020-08-17 09:30:00.000","300637.SZ","扬帆新材","卖出","2000","9.86","19720","229.01 / 1.17%","25.64","普通成交"
"2020-08-17","2020-08-17 09:30:00.000","300282.SZ","三盛教育","卖出","1400","6.21","8694","205.44 / 2.42%","13.69","普通成交"
"2020-08-17","2020-08-17 09:30:00.000","002898.SZ","赛隆药业","买入","300","13.21","3963","--","5","普通成交"
"2020-08-17","2020-08-17 09:30:00.000","002855.SZ","捷荣技术","卖出","400","11.35","4540","16.92 / 0.37%","9.54","普通成交"
"2020-08-14","2020-08-14 09:30:00.000","300583.SZ","赛托生物","买入","200","28.52","5704","--","5","普通成交"
"2020-08-14","2020-08-14 09:30:00.000","300282.SZ","三盛教育","买入","600","6.19","3714","--","5","普通成交"
"2020-08-14","2020-08-14 09:30:00.000","002898.SZ","赛隆药业","卖出","500","15.32","7660","927.98 / 13.78%","12.66","普通成交"
"2020-08-14","2020-08-14 09:30:00.000","002855.SZ","捷荣技术","买入","500","11.17","5585","--","5","普通成交"
"2020-08-14","2020-08-14 09:30:00.000","000430.SZ","张家界","卖出","100","5.39","539","12.79 / 2.43%","5.54","普通成交"
"2020-08-13","2020-08-13 09:30:00.000","300637.SZ","扬帆新材","买入","200","9.62","1924","--","5","普通成交"
"2020-08-13","2020-08-13 09:30:00.000","300583.SZ","赛托生物","买入","100","28.36","2836","--","5","普通成交"
"2020-08-13","2020-08-13 09:30:00.000","300282.SZ","三盛教育","卖出","100","6.17","617","10.81 / 1.78%","5.62","普通成交"
"2020-08-13","2020-08-13 09:30:00.000","002898.SZ","赛隆药业","卖出","700","14.79","10353","928.17 / 9.85%","15.35","普通成交"
"2020-08-13","2020-08-13 09:30:00.000","002855.SZ","捷荣技术","买入","200","11.05","2210","--","5","普通成交"
"2020-08-13","2020-08-13 09:30:00.000","000430.SZ","张家界","买入","100","5.37","537","--","5","普通成交"
"2020-08-12","2020-08-12 09:30:00.000","300637.SZ","扬帆新材","买入","600","9.45","5670","--","5","普通成交"
"2020-08-12","2020-08-12 09:30:00.000","300583.SZ","赛托生物","买入","100","28.69","2869","--","5","普通成交"
"2020-08-12","2020-08-12 09:30:00.000","300282.SZ","三盛教育","买入","200","6.05","1210","--","5","普通成交"
"2020-08-12","2020-08-12 09:30:00.000","002898.SZ","赛隆药业","卖出","900","13.93","12537","419.37 / 3.46%","17.54","普通成交"
"2020-08-12","2020-08-12 09:30:00.000","002855.SZ","捷荣技术","买入","100","11.01","1101","--","5","普通成交"
"2020-08-12","2020-08-12 09:30:00.000","000430.SZ","张家界","卖出","200","5.29","1058","5.68 / 0.54%","6.06","普通成交"
"2020-08-11","2020-08-11 09:30:00.000","300583.SZ","赛托生物","买入","100","29.39","2939","--","5","普通成交"
"2020-08-11","2020-08-11 09:30:00.000","300282.SZ","三盛教育","卖出","100","6.17","617","10.82 / 1.78%","5.62","普通成交"
"2020-08-10","2020-08-10 09:30:00.000","300637.SZ","扬帆新材","买入","25900","9.75","252525","--","75.76","普通成交"
"2020-08-10","2020-08-10 09:30:00.000","300583.SZ","赛托生物","买入","8700","29","252300","--","75.69","普通成交"
"2020-08-10","2020-08-10 09:30:00.000","300282.SZ","三盛教育","买入","58000","6.06","351480","--","105.44","普通成交"
"2020-08-10","2020-08-10 09:30:00.000","002898.SZ","赛隆药业","买入","19900","13.46","267854","--","80.36","普通成交"
"2020-08-10","2020-08-10 09:30:00.000","002855.SZ","捷荣技术","买入","23700","11.31","268047","--","80.41","普通成交"
"2020-08-10","2020-08-10 09:30:00.000","000430.SZ","张家界","买入","31800","5.26","167268","--","50.18","普通成交"
"2020-07-14","2020-07-14 09:30:00.000","300583.SZ","赛托生物","卖出","8400","31.8","267120","22605.32 / 9.24%","347.26","普通成交"
"2020-07-14","2020-07-14 09:30:00.000","000766.SZ","通化金马","卖出","50700","5.4","273780","18774.09 / 7.36%","355.91","普通成交"
"2020-07-13","2020-07-13 09:30:00.000","603059.SH","倍加洁","卖出","8300","29.5","244850","31706.39 / 14.88%","318.31","普通成交"
"2020-07-13","2020-07-13 09:30:00.000","300162.SZ","雷曼光电","卖出","33600","7.58","254688","20304.84 / 8.66%","331.09","普通成交"
"2020-07-13","2020-07-13 09:30:00.000","002855.SZ","捷荣技术","卖出","20300","12.27","249081","21185.4 / 9.3%","323.81","普通成交"
"2020-07-13","2020-07-13 09:30:00.000","000766.SZ","通化金马","买入","700","5.19","3633","--","5","普通成交"
"2020-07-13","2020-07-13 09:30:00.000","000523.SZ","广州浪奇","卖出","46300","6.03","279189","19905.34 / 7.68%","362.95","普通成交"
"2020-07-10","2020-07-10 09:30:00.000","300583.SZ","赛托生物","买入","100","29.82","2982","--","5","普通成交"
"2020-07-10","2020-07-10 09:30:00.000","002855.SZ","捷荣技术","买入","200","12.51","2502","--","5","普通成交"
"2020-07-10","2020-07-10 09:30:00.000","000523.SZ","广州浪奇","买入","800","5.96","4768","--","5","普通成交"
"2020-07-09","2020-07-09 09:30:00.000","603059.SH","倍加洁","买入","100","28.41","2841","--","5","普通成交"
"2020-07-09","2020-07-09 09:30:00.000","300583.SZ","赛托生物","买入","100","29.6","2960","--","5","普通成交"
"2020-07-09","2020-07-09 09:30:00.000","300162.SZ","雷曼光电","买入","200","7.56","1512","--","5","普通成交"
"2020-07-09","2020-07-09 09:30:00.000","002855.SZ","捷荣技术","卖出","1400","12.5","17500","1801.29 / 11.47%","22.75","普通成交"
"2020-07-09","2020-07-09 09:30:00.000","000523.SZ","广州浪奇","买入","600","5.88","3528","--","5","普通成交"
"2020-07-08","2020-07-08 09:30:00.000","300583.SZ","赛托生物","买入","100","29.15","2915","--","5","普通成交"
"2020-07-08","2020-07-08 09:30:00.000","300162.SZ","雷曼光电","买入","300","7.48","2244","--","5","普通成交"
"2020-07-08","2020-07-08 09:30:00.000","002855.SZ","捷荣技术","卖出","100","11.46","1146","24.66 / 2.2%","6.15","普通成交"
"2020-07-08","2020-07-08 09:30:00.000","000766.SZ","通化金马","买入","600","5.1","3060","--","5","普通成交"
"2020-07-08","2020-07-08 09:30:00.000","000523.SZ","广州浪奇","买入","100","5.85","585","--","5","普通成交"
"2020-07-07","2020-07-07 09:30:00.000","603059.SH","倍加洁","买入","100","27.87","2787","--","5","普通成交"
"2020-07-07","2020-07-07 09:30:00.000","300583.SZ","赛托生物","买入","6800","29.16","198288","--","59.49","普通成交"
"2020-07-07","2020-07-07 09:30:00.000","002855.SZ","捷荣技术","买入","21600","11.21","242136","--","72.64","普通成交"
"2020-07-07","2020-07-07 09:30:00.000","000766.SZ","通化金马","买入","10400","5.21","54184","--","16.26","普通成交"
"2020-07-07","2020-07-07 09:30:00.000","000523.SZ","广州浪奇","买入","3700","5.85","21645","--","6.49","普通成交"
"2020-07-07","2020-07-07 09:30:00.000","002729.SZ","好利来","卖出","5400","35.18","189972","7141.16 / 3.91%","246.96","普通成交"
"2020-07-07","2020-07-07 09:30:00.000","000516.SZ","国际医学","卖出","63900","4.89","312471","54186.49 / 20.98%","406.21","普通成交"
"2020-07-06","2020-07-06 09:30:00.000","603059.SH","倍加洁","卖出","1000","27.51","27510","1892.02 / 7.39%","35.76","普通成交"
"2020-07-06","2020-07-06 09:30:00.000","300583.SZ","赛托生物","买入","1300","28.68","37284","--","11.19","普通成交"
"2020-07-06","2020-07-06 09:30:00.000","300162.SZ","雷曼光电","卖出","5400","7.16","38664","1040.66 / 2.77%","50.26","普通成交"
"2020-07-06","2020-07-06 09:30:00.000","000523.SZ","广州浪奇","买入","2400","5.66","13584","--","5","普通成交"
"2020-07-06","2020-07-06 09:30:00.000","000516.SZ","国际医学","卖出","1700","4.72","8024","1152.58 / 16.77%","13.02","普通成交"
"2020-07-03","2020-07-03 09:30:00.000","603059.SH","倍加洁","卖出","100","26.89","2689","127.2 / 4.97%","7.69","普通成交"
"2020-07-03","2020-07-03 09:30:00.000","300162.SZ","雷曼光电","卖出","400","7.07","2828","41.09 / 1.47%","7.83","普通成交"
"2020-07-03","2020-07-03 09:30:00.000","000523.SZ","广州浪奇","买入","400","5.51","2204","--","5","普通成交"
"2020-07-03","2020-07-03 09:30:00.000","000516.SZ","国际医学","买入","400","4.11","1644","--","5","普通成交"
"2020-07-02","2020-07-02 09:30:00.000","300162.SZ","雷曼光电","卖出","600","6.82","4092","-88.37 / -2.11%","9.09","普通成交"
"2020-07-02","2020-07-02 09:30:00.000","000766.SZ","通化金马","买入","800","4.79","3832","--","5","普通成交"
"2020-07-02","2020-07-02 09:30:00.000","000523.SZ","广州浪奇","卖出","200","5.49","1098","-13.95 / -1.25%","6.1","普通成交"
"2020-07-02","2020-07-02 09:30:00.000","000516.SZ","国际医学","买入","300","4.07","1221","--","5","普通成交"
"2020-07-01","2020-07-01 09:30:00.000","300162.SZ","雷曼光电","卖出","600","6.8","4080","-100.37 / -2.4%","9.08","普通成交"
"2020-07-01","2020-07-01 09:30:00.000","000516.SZ","国际医学","买入","300","4.06","1218","--","5","普通成交"
"2020-06-30","2020-06-30 09:30:00.000","603059.SH","倍加洁","买入","8900","25.61","227929","--","68.38","普通成交"
"2020-06-30","2020-06-30 09:30:00.000","300162.SZ","雷曼光电","买入","4800","6.68","32064","--","9.62","普通成交"
"2020-06-30","2020-06-30 09:30:00.000","002729.SZ","好利来","买入","4300","33.99","146157","--","43.85","普通成交"
"2020-06-30","2020-06-30 09:30:00.000","000766.SZ","通化金马","买入","200","4.82","964","--","5","普通成交"
"2020-06-30","2020-06-30 09:30:00.000","000523.SZ","广州浪奇","买入","800","5.44","4352","--","5","普通成交"
"2020-06-30","2020-06-30 09:30:00.000","000516.SZ","国际医学","买入","64300","4.04","259772","--","77.93","普通成交"
"2020-06-30","2020-06-30 09:30:00.000","300583.SZ","赛托生物","卖出","7900","28.34","223886","250.47 / 0.11%","291.05","普通成交"
"2020-06-30","2020-06-30 09:30:00.000","002243.SZ","通产丽星","卖出","16900","14.26","240994","14884.68 / 6.58%","313.29","普通成交"
"2020-06-30","2020-06-30 09:30:00.000","300752.SZ","隆利科技","卖出","8200","25.18","206476","21820.72 / 11.82%","268.42","普通成交"
"2020-06-29","2020-06-29 09:30:00.000","603059.SH","倍加洁","买入","300","25.61","7683","--","5","普通成交"
"2020-06-29","2020-06-29 09:30:00.000","300752.SZ","隆利科技","卖出","400","24.78","9912","904.43 / 10.04%","14.91","普通成交"
"2020-06-29","2020-06-29 09:30:00.000","300162.SZ","雷曼光电","买入","400","6.66","2664","--","5","普通成交"
"2020-06-29","2020-06-29 09:30:00.000","002729.SZ","好利来","买入","1100","33.29","36619","--","10.99","普通成交"
"2020-06-29","2020-06-29 09:30:00.000","002243.SZ","通产丽星","卖出","700","13.77","9639","273.53 / 2.92%","14.64","普通成交"
"2020-06-29","2020-06-29 09:30:00.000","000766.SZ","通化金马","卖出","6100","4.82","29402","-985.09 / -3.24%","38.22","普通成交"
"2020-06-29","2020-06-29 09:30:00.000","000516.SZ","国际医学","买入","300","4.01","1203","--","5","普通成交"
"2020-06-24","2020-06-24 09:30:00.000","300162.SZ","雷曼光电","买入","300","6.88","2064","--","5","普通成交"
"2020-06-24","2020-06-24 09:30:00.000","000766.SZ","通化金马","买入","100","4.93","493","--","5","普通成交"
"2020-06-24","2020-06-24 09:30:00.000","000523.SZ","广州浪奇","卖出","200","5.53","1106","-6.43 / -0.58%","6.11","普通成交"
"2020-06-24","2020-06-24 00:00:00.000","300583.SZ","赛托生物","卖出","0","28.19","328.64","--","82.16","除权除息"
"2020-06-23","2020-06-23 09:30:00.000","300583.SZ","赛托生物","买入","7900","28.35","223965","--","67.19","普通成交"
"2020-06-23","2020-06-23 09:30:00.000","300162.SZ","雷曼光电","卖出","200","7.04","1408","5.82 / 0.42%","6.41","普通成交"
"2020-06-23","2020-06-23 09:30:00.000","002243.SZ","通产丽星","卖出","100","13.56","1356","18.08 / 1.35%","6.36","普通成交"
"2020-06-23","2020-06-23 09:30:00.000","000766.SZ","通化金马","买入","44000","4.98","219120","--","65.74","普通成交"
"2020-06-23","2020-06-23 09:30:00.000","000523.SZ","广州浪奇","买入","500","5.56","2780","--","5","普通成交"
"2020-06-23","2020-06-23 09:30:00.000","002750.SZ","龙津药业","卖出","19900","9.78","194622","14074.85 / 7.8%","253.01","普通成交"
"2020-06-23","2020-06-23 09:30:00.000","000516.SZ","国际医学","卖出","60800","4.06","246848","5247.13 / 2.17%","320.9","普通成交"
"2020-06-22","2020-06-22 09:30:00.000","300752.SZ","隆利科技","卖出","100","24.33","2433","181.11 / 8.04%","7.43","普通成交"
"2020-06-22","2020-06-22 09:30:00.000","300162.SZ","雷曼光电","买入","1100","7","7700","--","5","普通成交"
"2020-06-22","2020-06-22 09:30:00.000","002750.SZ","龙津药业","卖出","1000","9.87","9870","797.28 / 8.79%","14.87","普通成交"
"2020-06-22","2020-06-22 09:30:00.000","000523.SZ","广州浪奇","买入","500","5.58","2790","--","5","普通成交"
"2020-06-22","2020-06-22 09:30:00.000","000516.SZ","国际医学","买入","500","4.08","2040","--","5","普通成交"
"2020-06-19","2020-06-19 09:30:00.000","300752.SZ","隆利科技","卖出","200","24","4800","296.21 / 6.58%","9.8","普通成交"
"2020-06-19","2020-06-19 09:30:00.000","300162.SZ","雷曼光电","买入","300","7","2100","--","5","普通成交"
"2020-06-19","2020-06-19 09:30:00.000","002750.SZ","龙津药业","卖出","100","9.36","936","28.73 / 3.17%","5.94","普通成交"
"2020-06-19","2020-06-19 09:30:00.000","002243.SZ","通产丽星","卖出","100","13.14","1314","-23.92 / -1.79%","6.31","普通成交"
"2020-06-19","2020-06-19 09:30:00.000","000516.SZ","国际医学","买入","700","4.08","2856","--","5","普通成交"
"2020-06-18","2020-06-18 09:30:00.000","300752.SZ","隆利科技","卖出","100","23.2","2320","68.11 / 3.02%","7.32","普通成交"
"2020-06-18","2020-06-18 09:30:00.000","002243.SZ","通产丽星","买入","100","12.85","1285","--","5","普通成交"
"2020-06-17","2020-06-17 09:30:00.000","300162.SZ","雷曼光电","卖出","300","7.05","2115","11.69 / 0.56%","7.12","普通成交"
"2020-06-17","2020-06-17 09:30:00.000","000516.SZ","国际医学","买入","100","4.04","404","--","5","普通成交"
"2020-06-16","2020-06-16 09:30:00.000","300752.SZ","隆利科技","买入","200","22.59","4518","--","5","普通成交"
"2020-06-16","2020-06-16 09:30:00.000","300162.SZ","雷曼光电","买入","400","6.91","2764","--","5","普通成交"
"2020-06-16","2020-06-16 09:30:00.000","002750.SZ","龙津药业","卖出","400","9.29","3716","86.91 / 2.39%","8.72","普通成交"
"2020-06-16","2020-06-16 09:30:00.000","002243.SZ","通产丽星","买入","100","12.97","1297","--","5","普通成交"
"2020-06-16","2020-06-16 09:30:00.000","000516.SZ","国际医学","卖出","1000","4.03","4030","58.81 / 1.48%","9.03","普通成交"
"2020-06-15","2020-06-15 09:30:00.000","300752.SZ","隆利科技","买入","8800","22.51","198088","--","59.43","普通成交"
"2020-06-15","2020-06-15 09:30:00.000","300162.SZ","雷曼光电","买入","33300","7.01","233433","--","70.03","普通成交"
"2020-06-15","2020-06-15 09:30:00.000","002750.SZ","龙津药业","买入","21400","9.07","194098","--","58.23","普通成交"
"2020-06-15","2020-06-15 09:30:00.000","002243.SZ","通产丽星","买入","17600","13.38","235488","--","70.65","普通成交"
"2020-06-15","2020-06-15 09:30:00.000","000523.SZ","广州浪奇","买入","36900","5.56","205164","--","61.55","普通成交"
"2020-06-15","2020-06-15 09:30:00.000","000516.SZ","国际医学","买入","60500","3.97","240185","--","72.06","普通成交"
"2020-05-08","2020-05-08 09:30:00.000","000536.SZ","*ST华映","卖出","123500","1.34","165490","-51783.55 / -23.83%","215.14","普通成交"
"2020-05-07","2020-05-07 09:30:00.000","300752.SZ","隆利科技","卖出","10700","22.98","245886","11592.74 / 4.95%","319.65","普通成交"
"2020-05-07","2020-05-07 09:30:00.000","600293.SH","三峡新材","卖出","104600","2.54","265684","-12428.43 / -4.47%","345.39","普通成交"
"2020-05-07","2020-05-07 09:30:00.000","603139.SH","康惠制药","卖出","10900","17.03","185627","1470.77 / 0.8%","241.32","普通成交"
"2020-05-07","2020-05-07 09:30:00.000","002898.SZ","赛隆药业","卖出","20600","12.7","261620","-4427.87 / -1.66%","340.11","普通成交"
"2020-05-07","2020-05-07 09:30:00.000","600321.SH","正源股份","卖出","83200","2.12","176384","-17889.69 / -9.21%","229.3","普通成交"
"2020-05-06","2020-05-06 09:30:00.000","600321.SH","正源股份","卖出","800","2.09","1672","-196.02 / -10.49%","6.67","普通成交"
"2020-05-06","2020-05-06 09:30:00.000","600293.SH","三峡新材","卖出","2000","2.51","5020","-297.64 / -5.6%","10.02","普通成交"
"2020-05-06","2020-05-06 09:30:00.000","002898.SZ","赛隆药业","卖出","200","12.51","2502","-80.99 / -3.14%","7.5","普通成交"
"2020-05-06","2020-05-06 09:30:00.000","000536.SZ","*ST华映","买入","2300","1.46","3358","--","5","普通成交"
"2020-04-30","2020-04-30 09:30:00.000","603139.SH","康惠制药","卖出","100","16.71","1671","-18.51 / -1.1%","6.67","普通成交"
"2020-04-30","2020-04-30 09:30:00.000","600321.SH","正源股份","买入","3500","2.05","7175","--","5","普通成交"
"2020-04-30","2020-04-30 09:30:00.000","600293.SH","三峡新材","买入","100","2.39","239","--","5","普通成交"
"2020-04-30","2020-04-30 09:30:00.000","300752.SZ","隆利科技","卖出","300","22.44","6732","163.03 / 2.48%","11.73","普通成交"
"2020-04-30","2020-04-30 09:30:00.000","002898.SZ","赛隆药业","卖出","200","12.43","2486","-96.99 / -3.75%","7.49","普通成交"
"2020-04-30","2020-04-30 09:30:00.000","000536.SZ","*ST华映","买入","2200","1.54","3388","--","5","普通成交"
"2020-04-29","2020-04-29 09:30:00.000","603139.SH","康惠制药","卖出","200","16.56","3312","-67.01 / -1.98%","8.31","普通成交"
"2020-04-29","2020-04-29 09:30:00.000","600321.SH","正源股份","买入","800","2.16","1728","--","5","普通成交"
"2020-04-29","2020-04-29 09:30:00.000","002898.SZ","赛隆药业","买入","300","12.31","3693","--","5","普通成交"
"2020-04-29","2020-04-29 09:30:00.000","000536.SZ","*ST华映","买入","1200","1.62","1944","--","5","普通成交"
"2020-04-28","2020-04-28 09:30:00.000","603139.SH","康惠制药","卖出","100","16.87","1687","-2.51 / -0.15%","6.69","普通成交"
"2020-04-28","2020-04-28 09:30:00.000","600321.SH","正源股份","买入","2100","2.29","4809","--","5","普通成交"
"2020-04-28","2020-04-28 09:30:00.000","600293.SH","三峡新材","买入","2400","2.58","6192","--","5","普通成交"
"2020-04-28","2020-04-28 09:30:00.000","300752.SZ","隆利科技","卖出","400","22.4","8960","201.37 / 2.3%","13.96","普通成交"
"2020-04-28","2020-04-28 09:30:00.000","002898.SZ","赛隆药业","买入","100","12.79","1279","--","5","普通成交"
"2020-04-27","2020-04-27 09:30:00.000","603139.SH","康惠制药","买入","11300","16.89","190857","--","57.26","普通成交"
"2020-04-27","2020-04-27 09:30:00.000","600321.SH","正源股份","买入","77600","2.35","182360","--","54.71","普通成交"
"2020-04-27","2020-04-27 09:30:00.000","600293.SH","三峡新材","买入","104100","2.66","276906","--","83.07","普通成交"
"2020-04-27","2020-04-27 09:30:00.000","300752.SZ","隆利科技","买入","11400","21.89","249546","--","74.86","普通成交"
"2020-04-27","2020-04-27 09:30:00.000","002898.SZ","赛隆药业","买入","20600","12.92","266152","--","79.85","普通成交"
"2020-04-27","2020-04-27 09:30:00.000","000536.SZ","华映科技","买入","117800","1.77","208506","--","62.55","普通成交"
"2020-03-03","2020-03-03 09:30:00.000","603696.SH","安记食品","卖出","30200","8","241600","-176.56 / -0.07%","314.08","普通成交"
"2020-03-03","2020-03-03 09:30:00.000","002719.SZ","麦趣尔","卖出","25700","9.19","236183","-5577.57 / -2.31%","307.04","普通成交"
"2020-03-02","2020-03-02 09:30:00.000","603696.SH","安记食品","买入","200","7.5","1500","--","5","普通成交"
"2020-03-02","2020-03-02 09:30:00.000","603323.SH","苏农银行","卖出","43400","4.64","201376","-7440.63 / -3.56%","261.79","普通成交"
"2020-03-02","2020-03-02 09:30:00.000","601326.SH","秦港股份","卖出","99800","2.71","270458","-14009.84 / -4.92%","351.6","普通成交"
"2020-03-02","2020-03-02 09:30:00.000","002936.SZ","郑州银行","卖出","62700","4.05","253935","-14477.14 / -5.39%","330.12","普通成交"
"2020-03-02","2020-03-02 09:30:00.000","002719.SZ","麦趣尔","买入","200","8.84","1768","--","5","普通成交"
"2020-03-02","2020-03-02 09:30:00.000","000557.SZ","西部创业","卖出","64200","2.86","183612","-12185.48 / -6.22%","238.7","普通成交"
"2020-02-28","2020-02-28 09:30:00.000","603696.SH","安记食品","卖出","200","7.79","1558","-43.81 / -2.74%","6.56","普通成交"
"2020-02-28","2020-02-28 09:30:00.000","002936.SZ","郑州银行","买入","200","4.15","830","--","5","普通成交"
"2020-02-28","2020-02-28 09:30:00.000","002719.SZ","麦趣尔","卖出","100","9.15","915","-26.13 / -2.78%","5.92","普通成交"
"2020-02-28","2020-02-28 09:30:00.000","000557.SZ","西部创业","买入","200","2.97","594","--","5","普通成交"
"2020-02-27","2020-02-27 09:30:00.000","603696.SH","安记食品","买入","500","7.8","3900","--","5","普通成交"
"2020-02-27","2020-02-27 09:30:00.000","603323.SH","苏农银行","卖出","300","4.79","1437","-6.43 / -0.45%","6.44","普通成交"
"2020-02-27","2020-02-27 09:30:00.000","601326.SH","秦港股份","卖出","600","2.8","1680","-30.23 / -1.77%","6.68","普通成交"
"2020-02-27","2020-02-27 09:30:00.000","002936.SZ","郑州银行","卖出","100","4.22","422","-6.12 / -1.43%","5.42","普通成交"
"2020-02-27","2020-02-27 09:30:00.000","002719.SZ","麦趣尔","买入","200","9.19","1838","--","5","普通成交"
"2020-02-27","2020-02-27 09:30:00.000","000557.SZ","西部创业","卖出","600","3","1800","-29.99 / -1.64%","6.8","普通成交"
"2020-02-26","2020-02-26 09:30:00.000","603696.SH","安记食品","卖出","100","7.75","775","-26.24 / -3.27%","5.78","普通成交"
"2020-02-26","2020-02-26 09:30:00.000","601326.SH","秦港股份","买入","200","2.74","548","--","5","普通成交"
"2020-02-26","2020-02-26 09:30:00.000","002936.SZ","郑州银行","卖出","200","4.15","830","-26.25 / -3.07%","5.83","普通成交"
"2020-02-26","2020-02-26 09:30:00.000","000557.SZ","西部创业","买入","300","2.91","873","--","5","普通成交"
"2020-02-25","2020-02-25 09:30:00.000","603696.SH","安记食品","卖出","100","7.93","793","-8.24 / -1.03%","5.79","普通成交"
"2020-02-25","2020-02-25 09:30:00.000","601326.SH","秦港股份","买入","700","2.8","1960","--","5","普通成交"
"2020-02-25","2020-02-25 09:30:00.000","002936.SZ","郑州银行","买入","100","4.2","420","--","5","普通成交"
"2020-02-25","2020-02-25 09:30:00.000","000557.SZ","西部创业","买入","400","2.98","1192","--","5","普通成交"
"2020-02-24","2020-02-24 09:30:00.000","603696.SH","安记食品","买入","29900","8.01","239499","--","71.85","普通成交"
"2020-02-24","2020-02-24 09:30:00.000","603323.SH","苏农银行","买入","43700","4.81","210197","--","63.06","普通成交"
"2020-02-24","2020-02-24 09:30:00.000","601326.SH","秦港股份","买入","99500","2.85","283575","--","85.07","普通成交"
"2020-02-24","2020-02-24 09:30:00.000","002936.SZ","郑州银行","买入","62700","4.28","268356","--","80.51","普通成交"
"2020-02-24","2020-02-24 09:30:00.000","002719.SZ","麦趣尔","买入","25400","9.41","239014","--","71.7","普通成交"
"2020-02-24","2020-02-24 09:30:00.000","000557.SZ","西部创业","买入","63900","3.05","194895","--","58.47","普通成交"
"2020-02-11","2020-02-11 09:30:00.000","603696.SH","安记食品","卖出","29700","7.99","237303","16154.61 / 7.3%","308.49","普通成交"
"2020-02-11","2020-02-11 09:30:00.000","300106.SZ","西部牧业","卖出","44100","5.69","250929","24683.24 / 10.91%","326.21","普通成交"
"2020-02-11","2020-02-11 09:30:00.000","300743.SZ","天地数码","卖出","11900","18.37","218603","14847.77 / 7.29%","284.18","普通成交"
"2020-02-11","2020-02-11 09:30:00.000","300736.SZ","百邦科技","卖出","27000","9.19","248130","4037.14 / 1.65%","322.57","普通成交"
"2020-02-11","2020-02-11 09:30:00.000","300508.SZ","维宏股份","卖出","9800","26.45","259210","8651.57 / 3.45%","336.97","普通成交"
"2020-02-11","2020-02-11 09:30:00.000","002782.SZ","可立克","卖出","23300","9.7","226010","3555.52 / 1.6%","293.81","普通成交"
"2020-02-10","2020-02-10 09:30:00.000","603696.SH","安记食品","买入","300","7.69","2307","--","5","普通成交"
"2020-02-10","2020-02-10 09:30:00.000","300743.SZ","天地数码","卖出","200","17.15","3430","5.54 / 0.16%","8.43","普通成交"
"2020-02-10","2020-02-10 09:30:00.000","300736.SZ","百邦科技","买入","300","8.94","2682","--","5","普通成交"
"2020-02-10","2020-02-10 09:30:00.000","300508.SZ","维宏股份","卖出","100","26.4","2640","83.28 / 3.26%","7.64","普通成交"
"2020-02-10","2020-02-10 09:30:00.000","300106.SZ","西部牧业","买入","100","5.36","536","--","5","普通成交"
"2020-02-10","2020-02-10 09:30:00.000","002782.SZ","可立克","买入","100","9.47","947","--","5","普通成交"
"2020-02-07","2020-02-07 09:30:00.000","300743.SZ","天地数码","买入","100","16.98","1698","--","5","普通成交"
"2020-02-07","2020-02-07 09:30:00.000","300106.SZ","西部牧业","卖出","400","5.35","2140","88.14 / 4.3%","7.14","普通成交"
"2020-02-07","2020-02-07 09:30:00.000","002782.SZ","可立克","买入","300","9.45","2835","--","5","普通成交"
"2020-02-06","2020-02-06 09:30:00.000","603696.SH","安记食品","卖出","500","7.56","3780","58.29 / 1.57%","8.78","普通成交"
"2020-02-06","2020-02-06 09:30:00.000","300508.SZ","维宏股份","买入","100","25.23","2523","--","5","普通成交"
"2020-02-06","2020-02-06 09:30:00.000","300106.SZ","西部牧业","卖出","500","5.25","2625","60.17 / 2.35%","7.63","普通成交"
"2020-02-05","2020-02-05 09:30:00.000","603696.SH","安记食品","买入","300","7.15","2145","--","5","普通成交"
"2020-02-05","2020-02-05 09:30:00.000","300743.SZ","天地数码","买入","400","16.15","6460","--","5","普通成交"
"2020-02-05","2020-02-05 09:30:00.000","300736.SZ","百邦科技","买入","600","8.57","5142","--","5","普通成交"
"2020-02-05","2020-02-05 09:30:00.000","300106.SZ","西部牧业","卖出","200","4.95","990","-35.93 / -3.5%","5.99","普通成交"
"2020-02-05","2020-02-05 09:30:00.000","002782.SZ","可立克","买入","400","9.19","3676","--","5","普通成交"
"2020-02-04","2020-02-04 09:30:00.000","603696.SH","安记食品","买入","3000","6.77","20310","--","6.09","普通成交"
"2020-02-04","2020-02-04 09:30:00.000","300743.SZ","天地数码","买入","1200","15.6","18720","--","5.62","普通成交"
"2020-02-04","2020-02-04 09:30:00.000","300736.SZ","百邦科技","买入","2600","8.23","21398","--","6.42","普通成交"
"2020-02-04","2020-02-04 09:30:00.000","300508.SZ","维宏股份","买入","1000","24","24000","--","7.2","普通成交"
"2020-02-04","2020-02-04 09:30:00.000","300106.SZ","西部牧业","买入","4500","4.66","20970","--","6.29","普通成交"
"2020-02-04","2020-02-04 09:30:00.000","002782.SZ","可立克","买入","2300","8.69","19987","--","6","普通成交"
"2020-02-03","2020-02-03 09:30:00.000","603696.SH","安记食品","买入","26600","7.52","200032","--","60.01","普通成交"
"2020-02-03","2020-02-03 09:30:00.000","300743.SZ","天地数码","买入","10400","17.33","180232","--","54.07","普通成交"
"2020-02-03","2020-02-03 09:30:00.000","300736.SZ","百邦科技","买入","23500","9.14","214790","--","64.44","普通成交"
"2020-02-03","2020-02-03 09:30:00.000","300508.SZ","维宏股份","买入","8800","25.74","226512","--","67.95","普通成交"
"2020-02-03","2020-02-03 09:30:00.000","300106.SZ","西部牧业","买入","40600","5.18","210308","--","63.09","普通成交"
"2020-02-03","2020-02-03 09:30:00.000","002782.SZ","可立克","买入","20200","9.65","194930","--","58.48","普通成交"
"2020-01-21","2020-01-21 09:30:00.000","300637.SZ","扬帆新材","卖出","22100","12.84","283764","7682.05 / 2.78%","368.89","普通成交"
"2020-01-21","2020-01-21 09:30:00.000","000801.SZ","四川九洲","卖出","47600","5.44","258944","-6442.98 / -2.43%","336.63","普通成交"
"2020-01-21","2020-01-21 09:30:00.000","300247.SZ","融捷健康","卖出","68600","2.91","199626","1252.16 / 0.63%","259.51","普通成交"
"2020-01-21","2020-01-21 09:30:00.000","600381.SH","青海春天","卖出","42300","5.49","232227","194.42 / 0.08%","301.9","普通成交"
"2020-01-21","2020-01-21 09:30:00.000","600365.SH","通葡股份","卖出","53500","4.19","224165","-10053.33 / -4.29%","291.41","普通成交"
"2020-01-20","2020-01-20 09:30:00.000","300637.SZ","扬帆新材","卖出","200","12.9","2580","81.52 / 3.26%","7.58","普通成交"
"2020-01-20","2020-01-20 09:30:00.000","300247.SZ","融捷健康","买入","700","2.85","1995","--","5","普通成交"
"2020-01-20","2020-01-20 09:30:00.000","002782.SZ","可立克","卖出","15300","11.1","169830","10990.89 / 6.92%","220.78","普通成交"
"2020-01-20","2020-01-20 09:30:00.000","000801.SZ","四川九洲","买入","800","5.39","4312","--","5","普通成交"
"2020-01-17","2020-01-17 09:30:00.000","600381.SH","青海春天","买入","400","5.49","2196","--","5","普通成交"
"2020-01-17","2020-01-17 09:30:00.000","600365.SH","通葡股份","买入","700","4.18","2926","--","5","普通成交"
"2020-01-17","2020-01-17 09:30:00.000","300637.SZ","扬帆新材","卖出","900","12.76","11484","240.84 / 2.14%","16.48","普通成交"
"2020-01-17","2020-01-17 09:30:00.000","300247.SZ","融捷健康","买入","100","2.9","290","--","5","普通成交"
"2020-01-17","2020-01-17 09:30:00.000","000801.SZ","四川九洲","买入","100","5.48","548","--","5","普通成交"
"2020-01-16","2020-01-16 09:30:00.000","600381.SH","青海春天","买入","100","5.53","553","--","5","普通成交"
"2020-01-16","2020-01-16 09:30:00.000","600365.SH","通葡股份","买入","200","4.26","852","--","5","普通成交"
"2020-01-16","2020-01-16 09:30:00.000","300637.SZ","扬帆新材","买入","100","12.21","1221","--","5","普通成交"
"2020-01-16","2020-01-16 09:30:00.000","300247.SZ","融捷健康","卖出","300","2.94","882","14.39 / 1.66%","5.88","普通成交"
"2020-01-16","2020-01-16 09:30:00.000","000801.SZ","四川九洲","卖出","500","5.54","2770","-19.26 / -0.69%","7.77","普通成交"
"2020-01-15","2020-01-15 09:30:00.000","600381.SH","青海春天","买入","1300","5.6","7280","--","5","普通成交"
"2020-01-15","2020-01-15 09:30:00.000","600365.SH","通葡股份","买入","400","4.3","1720","--","5","普通成交"
"2020-01-15","2020-01-15 09:30:00.000","300637.SZ","扬帆新材","卖出","100","12.46","1246","-3.34 / -0.27%","6.25","普通成交"
"2020-01-15","2020-01-15 09:30:00.000","300247.SZ","融捷健康","卖出","700","2.95","2065","40.59 / 2.01%","7.07","普通成交"
"2020-01-15","2020-01-15 09:30:00.000","002782.SZ","可立克","卖出","300","11.4","3420","305.51 / 9.81%","8.42","普通成交"
"2020-01-15","2020-01-15 09:30:00.000","000801.SZ","四川九洲","卖出","400","5.58","2232","0.59 / 0.03%","7.23","普通成交"
"2020-01-14","2020-01-14 09:30:00.000","600381.SH","青海春天","买入","4400","5.64","24816","--","7.44","普通成交"
"2020-01-14","2020-01-14 09:30:00.000","600365.SH","通葡股份","买入","52000","4.38","227760","--","68.33","普通成交"
"2020-01-14","2020-01-14 09:30:00.000","300637.SZ","扬帆新材","买入","17200","12.5","215000","--","64.5","普通成交"
"2020-01-14","2020-01-14 09:30:00.000","300247.SZ","融捷健康","买入","900","2.93","2637","--","5","普通成交"
"2020-01-14","2020-01-14 09:30:00.000","002782.SZ","可立克","卖出","100","11.4","1140","101.84 / 9.81%","6.14","普通成交"
"2020-01-14","2020-01-14 09:30:00.000","000801.SZ","四川九洲","买入","1100","5.53","6083","--","5","普通成交"
"2020-01-14","2020-01-14 09:30:00.000","002820.SZ","桂发祥","卖出","18900","13.18","249102","20529.21 / 8.98%","323.83","普通成交"
"2020-01-14","2020-01-14 09:30:00.000","300582.SZ","英飞特","卖出","18100","12.53","226793","23711.83 / 11.68%","294.83","普通成交"
"2020-01-13","2020-01-13 09:30:00.000","600365.SH","通葡股份","买入","200","4.36","872","--","5","普通成交"
"2020-01-13","2020-01-13 09:30:00.000","300637.SZ","扬帆新材","买入","6000","12.46","74760","--","22.43","普通成交"
"2020-01-13","2020-01-13 09:30:00.000","300582.SZ","英飞特","买入","500","12.31","6155","--","5","普通成交"
"2020-01-13","2020-01-13 09:30:00.000","300247.SZ","融捷健康","卖出","1000","2.98","2980","88.56 / 3.06%","7.98","普通成交"
"2020-01-13","2020-01-13 09:30:00.000","002820.SZ","桂发祥","卖出","1700","13.93","23681","3121.54 / 15.18%","30.79","普通成交"
"2020-01-13","2020-01-13 09:30:00.000","002782.SZ","可立克","卖出","4900","11.23","55027","4156.96 / 8.17%","71.54","普通成交"
"2020-01-13","2020-01-13 09:30:00.000","000801.SZ","四川九洲","买入","500","5.52","2760","--","5","普通成交"
"2020-01-10","2020-01-10 09:30:00.000","600381.SH","青海春天","卖出","400","5.77","2308","123.34 / 5.65%","7.31","普通成交"
"2020-01-10","2020-01-10 09:30:00.000","300247.SZ","融捷健康","买入","500","2.96","1480","--","5","普通成交"
"2020-01-10","2020-01-10 09:30:00.000","002820.SZ","桂发祥","卖出","100","12.49","1249","39.62 / 3.28%","6.25","普通成交"
"2020-01-10","2020-01-10 09:30:00.000","002782.SZ","可立克","买入","100","11.37","1137","--","5","普通成交"
"2020-01-10","2020-01-10 09:30:00.000","000801.SZ","四川九洲","买入","600","5.6","3360","--","5","普通成交"
"2020-01-09","2020-01-09 09:30:00.000","600381.SH","青海春天","卖出","500","5.64","2820","89.18 / 3.27%","7.82","普通成交"
"2020-01-09","2020-01-09 09:30:00.000","300582.SZ","英飞特","卖出","200","12.46","2492","254.26 / 11.36%","7.49","普通成交"
"2020-01-09","2020-01-09 09:30:00.000","002820.SZ","桂发祥","买入","400","12.09","4836","--","5","普通成交"
"2020-01-09","2020-01-09 09:30:00.000","002782.SZ","可立克","卖出","300","11.6","3480","367.03 / 11.79%","8.48","普通成交"
"2020-01-09","2020-01-09 09:30:00.000","000801.SZ","四川九洲","买入","100","5.55","555","--","5","普通成交"
"2020-01-08","2020-01-08 09:30:00.000","300247.SZ","融捷健康","卖出","600","2.93","1758","23.48 / 1.35%","6.76","普通成交"
"2020-01-08","2020-01-08 09:30:00.000","000801.SZ","四川九洲","买入","200","5.52","1104","--","5","普通成交"
"2020-01-07","2020-01-07 09:30:00.000","600381.SH","青海春天","买入","37000","5.46","202020","--","60.61","普通成交"
"2020-01-07","2020-01-07 09:30:00.000","300247.SZ","融捷健康","买入","69000","2.89","199410","--","59.82","普通成交"
"2020-01-07","2020-01-07 09:30:00.000","002820.SZ","桂发祥","买入","20300","12.09","245427","--","73.63","普通成交"
"2020-01-07","2020-01-07 09:30:00.000","002782.SZ","可立克","买入","100","11.16","1116","--","5","普通成交"
"2020-01-07","2020-01-07 09:30:00.000","000801.SZ","四川九洲","买入","43400","5.58","242172","--","72.65","普通成交"
"2020-01-07","2020-01-07 09:30:00.000","603726.SH","朗迪集团","卖出","17500","11.75","205625","11141.67 / 5.73%","267.31","普通成交"
"2020-01-07","2020-01-07 09:30:00.000","000404.SZ","长虹华意","卖出","58300","3.99","232617","5677.89 / 2.5%","302.4","普通成交"
"2020-01-07","2020-01-07 09:30:00.000","603777.SH","来伊份","卖出","18400","13.23","243432","39948.2 / 19.63%","316.46","普通成交"
"2020-01-07","2020-01-07 09:30:00.000","002702.SZ","海欣食品","卖出","47700","4.43","211311","7083.88 / 3.47%","274.7","普通成交"
"2020-01-06","2020-01-06 09:30:00.000","002702.SZ","海欣食品","买入","100","4.33","433","--","5","普通成交"
"2020-01-06","2020-01-06 09:30:00.000","000801.SZ","四川九洲","买入","1700","5.53","9401","--","5","普通成交"
"2020-01-03","2020-01-03 09:30:00.000","603777.SH","来伊份","卖出","800","12.2","9760","912.88 / 10.32%","14.76","普通成交"
"2020-01-03","2020-01-03 09:30:00.000","000404.SZ","长虹华意","买入","800","3.99","3192","--","5","普通成交"
"2020-01-02","2020-01-02 09:30:00.000","300582.SZ","英飞特","买入","100","11.81","1181","--","5","普通成交"
"2020-01-02","2020-01-02 09:30:00.000","000404.SZ","长虹华意","卖出","200","3.97","794","15.77 / 2.03%","5.79","普通成交"
"2019-12-31","2019-12-31 09:30:00.000","603777.SH","来伊份","买入","200","11.63","2326","--","5","普通成交"
"2019-12-31","2019-12-31 09:30:00.000","603726.SH","朗迪集团","卖出","100","11.85","1185","73.67 / 6.63%","6.19","普通成交"
"2019-12-31","2019-12-31 09:30:00.000","300582.SZ","英飞特","卖出","400","11.94","4776","302.04 / 6.75%","9.78","普通成交"
"2019-12-31","2019-12-31 09:30:00.000","002782.SZ","可立克","买入","200","10.58","2116","--","5","普通成交"
"2019-12-31","2019-12-31 09:30:00.000","002702.SZ","海欣食品","买入","47600","4.28","203728","--","61.12","普通成交"
"2019-12-31","2019-12-31 09:30:00.000","000404.SZ","长虹华意","买入","57700","3.89","224453","--","67.34","普通成交"
"2019-12-31","2019-12-31 09:30:00.000","600381.SH","青海春天","卖出","30400","5.33","162032","-1692.45 / -1.03%","210.64","普通成交"
"2019-12-31","2019-12-31 09:30:00.000","603311.SH","金海环境","卖出","18600","11.13","207018","-4688.45 / -2.21%","269.12","普通成交"
"2019-12-30","2019-12-30 09:30:00.000","603777.SH","来伊份","卖出","4000","11.78","47120","2909.49 / 6.58%","61.26","普通成交"
"2019-12-30","2019-12-30 09:30:00.000","603726.SH","朗迪集团","卖出","1300","11.58","15054","606.67 / 4.2%","20.05","普通成交"
"2019-12-27","2019-12-27 09:30:00.000","603777.SH","来伊份","买入","200","11.5","2300","--","5","普通成交"
"2019-12-27","2019-12-27 09:30:00.000","603726.SH","朗迪集团","卖出","100","11.6","1160","48.67 / 4.38%","6.16","普通成交"
"2019-12-27","2019-12-27 09:30:00.000","603311.SH","金海环境","买入","200","11.25","2250","--","5","普通成交"
"2019-12-27","2019-12-27 09:30:00.000","002782.SZ","可立克","卖出","300","10.69","3207","95.92 / 3.08%","8.21","普通成交"
"2019-12-26","2019-12-26 09:30:00.000","603777.SH","来伊份","买入","200","11.68","2336","--","5","普通成交"
"2019-12-26","2019-12-26 09:30:00.000","603311.SH","金海环境","买入","200","11.39","2278","--","5","普通成交"
"2019-12-26","2019-12-26 09:30:00.000","300582.SZ","英飞特","卖出","100","11.52","1152","33.51 / 3.0%","6.15","普通成交"
"2019-12-25","2019-12-25 09:30:00.000","603777.SH","来伊份","卖出","300","11.68","3504","191.2 / 5.77%","8.5","普通成交"
"2019-12-25","2019-12-25 09:30:00.000","603311.SH","金海环境","买入","200","11.31","2262","--","5","普通成交"
"2019-12-25","2019-12-25 09:30:00.000","600381.SH","青海春天","买入","200","5.32","1064","--","5","普通成交"
"2019-12-25","2019-12-25 09:30:00.000","300582.SZ","英飞特","买入","200","11.3","2260","--","5","普通成交"
"2019-12-24","2019-12-24 09:30:00.000","603777.SH","来伊份","卖出","200","11.29","2258","49.47 / 2.24%","7.26","普通成交"
"2019-12-24","2019-12-24 09:30:00.000","603726.SH","朗迪集团","买入","19000","11.11","211090","--","63.33","普通成交"
"2019-12-24","2019-12-24 09:30:00.000","603311.SH","金海环境","买入","18000","11.38","204840","--","61.45","普通成交"
"2019-12-24","2019-12-24 09:30:00.000","600381.SH","青海春天","买入","4400","5.29","23276","--","6.98","普通成交"
"2019-12-24","2019-12-24 09:30:00.000","300582.SZ","英飞特","买入","18000","11.18","201240","--","60.37","普通成交"
"2019-12-24","2019-12-24 09:30:00.000","002782.SZ","可立克","买入","3100","10.22","31682","--","9.5","普通成交"
"2019-12-24","2019-12-24 09:30:00.000","002519.SZ","银河电子","卖出","72200","3.77","272194","-5914.37 / -2.13%","353.85","普通成交"
"2019-12-24","2019-12-24 09:30:00.000","300736.SZ","百邦科技","卖出","22600","10.72","242272","-802.56 / -0.33%","314.95","普通成交"
"2019-12-24","2019-12-24 09:30:00.000","002052.SZ","同洲电子","卖出","42600","3.28","139728","2840.75 / 2.08%","181.65","普通成交"
"2019-12-23","2019-12-23 09:30:00.000","603777.SH","来伊份","卖出","1900","11.62","22078","1096.92 / 5.23%","28.7","普通成交"
"2019-12-23","2019-12-23 09:30:00.000","600381.SH","青海春天","买入","100","5.38","538","--","5","普通成交"
"2019-12-23","2019-12-23 09:30:00.000","002782.SZ","可立克","买入","600","10.33","6198","--","5","普通成交"
"2019-12-23","2019-12-23 09:30:00.000","002519.SZ","银河电子","卖出","1300","3.96","5148","140.51 / 2.81%","10.15","普通成交"
"2019-12-23","2019-12-23 09:30:00.000","002052.SZ","同洲电子","买入","800","3.33","2664","--","5","普通成交"
"2019-12-20","2019-12-20 09:30:00.000","603777.SH","来伊份","卖出","400","11.65","4660","242.93 / 5.5%","9.66","普通成交"
"2019-12-20","2019-12-20 09:30:00.000","300736.SZ","百邦科技","买入","100","11.22","1122","--","5","普通成交"
"2019-12-20","2019-12-20 09:30:00.000","002782.SZ","可立克","买入","300","10.66","3198","--","5","普通成交"
"2019-12-20","2019-12-20 09:30:00.000","002519.SZ","银河电子","卖出","400","3.96","1584","43.23 / 2.81%","6.58","普通成交"
"2019-12-20","2019-12-20 09:30:00.000","002052.SZ","同洲电子","卖出","100","3.47","347","25.9 / 8.07%","5.35","普通成交"
"2019-12-19","2019-12-19 09:30:00.000","603777.SH","来伊份","卖出","200","11.3","2260","51.47 / 2.33%","7.26","普通成交"
"2019-12-19","2019-12-19 09:30:00.000","002519.SZ","银河电子","买入","900","3.87","3483","--","5","普通成交"
"2019-12-19","2019-12-19 09:30:00.000","002052.SZ","同洲电子","卖出","500","3.41","1705","99.52 / 6.2%","6.71","普通成交"
"2019-12-18","2019-12-18 09:30:00.000","300736.SZ","百邦科技","卖出","100","11.07","1107","31.68 / 2.95%","6.11","普通成交"
"2019-12-18","2019-12-18 09:30:00.000","002519.SZ","银河电子","买入","600","3.9","2340","--","5","普通成交"
"2019-12-18","2019-12-18 09:30:00.000","002052.SZ","同洲电子","卖出","1000","3.32","3320","109.04 / 3.4%","8.32","普通成交"
"2019-12-17","2019-12-17 09:30:00.000","603777.SH","来伊份","买入","400","10.99","4396","--","5","普通成交"
"2019-12-17","2019-12-17 09:30:00.000","600381.SH","青海春天","买入","100","5.43","543","--","5","普通成交"
"2019-12-17","2019-12-17 09:30:00.000","300736.SZ","百邦科技","卖出","100","11.02","1102","26.68 / 2.48%","6.1","普通成交"
"2019-12-17","2019-12-17 09:30:00.000","002519.SZ","银河电子","卖出","600","3.91","2346","35.31 / 1.53%","7.35","普通成交"
"2019-12-17","2019-12-17 09:30:00.000","002052.SZ","同洲电子","卖出","300","3.25","975","11.71 / 1.22%","5.98","普通成交"
"2019-12-16","2019-12-16 09:30:00.000","603777.SH","来伊份","买入","25200","11.04","278208","--","83.46","普通成交"
"2019-12-16","2019-12-16 09:30:00.000","600381.SH","青海春天","买入","25600","5.4","138240","--","41.47","普通成交"
"2019-12-16","2019-12-16 09:30:00.000","300736.SZ","百邦科技","买入","22700","10.75","244025","--","73.21","普通成交"
"2019-12-16","2019-12-16 09:30:00.000","002782.SZ","可立克","买入","16800","10.39","174552","--","52.37","普通成交"
"2019-12-16","2019-12-16 09:30:00.000","002519.SZ","银河电子","买入","73000","3.85","281050","--","84.32","普通成交"
"2019-12-16","2019-12-16 09:30:00.000","002052.SZ","同洲电子","买入","43700","3.21","140277","--","42.08","普通成交"
"2019-12-10","2019-12-10 09:30:00.000","600707.SH","彩虹股份","卖出","66200","3.63","240306","-9388.2 / -3.76%","312.4","普通成交"
"2019-12-10","2019-12-10 09:30:00.000","600313.SH","农发种业","卖出","77300","2.71","209483","5825.88 / 2.86%","272.33","普通成交"
"2019-12-10","2019-12-10 09:30:00.000","300102.SZ","乾照光电","卖出","38800","4.72","183136","5887.9 / 3.32%","238.08","普通成交"
"2019-12-10","2019-12-10 09:30:00.000","000592.SZ","平潭发展","卖出","76600","2.68","205288","-972.0 / -0.47%","266.87","普通成交"
"2019-12-10","2019-12-10 09:30:00.000","600059.SH","古越龙山","卖出","35000","8.64","302400","21772.52 / 7.76%","393.12","普通成交"
"2019-12-09","2019-12-09 09:30:00.000","600707.SH","彩虹股份","买入","2700","3.51","9477","--","5","普通成交"
"2019-12-09","2019-12-09 09:30:00.000","600381.SH","青海春天","卖出","21400","5.36","114704","-4877.08 / -4.08%","149.12","普通成交"
"2019-12-09","2019-12-09 09:30:00.000","600313.SH","农发种业","买入","1400","2.72","3808","--","5","普通成交"
"2019-12-09","2019-12-09 09:30:00.000","600059.SH","古越龙山","卖出","100","8.64","864","62.21 / 7.76%","5.86","普通成交"
"2019-12-09","2019-12-09 09:30:00.000","300102.SZ","乾照光电","卖出","3200","4.99","15968","1349.6 / 9.23%","20.97","普通成交"
"2019-12-09","2019-12-09 09:30:00.000","000592.SZ","平潭发展","买入","100","2.69","269","--","5","普通成交"
"2019-12-06","2019-12-06 09:30:00.000","600707.SH","彩虹股份","买入","1700","3.56","6052","--","5","普通成交"
"2019-12-06","2019-12-06 09:30:00.000","600381.SH","青海春天","买入","100","5.39","539","--","5","普通成交"
"2019-12-06","2019-12-06 09:30:00.000","600313.SH","农发种业","买入","900","2.74","2466","--","5","普通成交"
"2019-12-06","2019-12-06 09:30:00.000","600059.SH","古越龙山","卖出","400","8.54","3416","208.83 / 6.51%","8.42","普通成交"
"2019-12-06","2019-12-06 09:30:00.000","300102.SZ","乾照光电","买入","100","4.4","440","--","5","普通成交"
"2019-12-06","2019-12-06 09:30:00.000","000592.SZ","平潭发展","卖出","300","2.69","807","-0.79 / -0.1%","5.81","普通成交"
"2019-12-05","2019-12-05 09:30:00.000","600707.SH","彩虹股份","买入","1500","3.71","5565","--","5","普通成交"
"2019-12-05","2019-12-05 09:30:00.000","600313.SH","农发种业","卖出","1800","2.75","4950","213.05 / 4.5%","9.95","普通成交"
"2019-12-05","2019-12-05 09:30:00.000","600059.SH","古越龙山","卖出","700","8.48","5936","323.45 / 5.76%","10.94","普通成交"
"2019-12-05","2019-12-05 09:30:00.000","300102.SZ","乾照光电","买入","100","4.3","430","--","5","普通成交"
"2019-12-05","2019-12-05 09:30:00.000","000592.SZ","平潭发展","卖出","200","2.68","536","-2.53 / -0.47%","5.54","普通成交"
"2019-12-04","2019-12-04 09:30:00.000","600707.SH","彩虹股份","买入","1200","3.77","4524","--","5","普通成交"
"2019-12-04","2019-12-04 09:30:00.000","600381.SH","青海春天","买入","1000","5.41","5410","--","5","普通成交"
"2019-12-04","2019-12-04 09:30:00.000","600313.SH","农发种业","卖出","1300","2.74","3562","140.87 / 4.12%","8.56","普通成交"
"2019-12-04","2019-12-04 09:30:00.000","600059.SH","古越龙山","卖出","700","8.29","5803","190.45 / 3.39%","10.8","普通成交"
"2019-12-04","2019-12-04 09:30:00.000","300102.SZ","乾照光电","卖出","200","4.35","870","-43.81 / -4.79%","5.87","普通成交"
"2019-12-04","2019-12-04 09:30:00.000","000592.SZ","平潭发展","买入","100","2.66","266","--","5","普通成交"
"2019-12-03","2019-12-03 09:30:00.000","600707.SH","彩虹股份","买入","59100","3.79","223989","--","67.2","普通成交"
"2019-12-03","2019-12-03 09:30:00.000","600381.SH","青海春天","买入","14600","5.5","80300","--","24.09","普通成交"
"2019-12-03","2019-12-03 09:30:00.000","600313.SH","农发种业","买入","100","2.71","271","--","5","普通成交"
"2019-12-03","2019-12-03 09:30:00.000","600059.SH","古越龙山","买入","13200","8.2","108240","--","32.47","普通成交"
"2019-12-03","2019-12-03 09:30:00.000","300102.SZ","乾照光电","买入","41800","4.57","191026","--","57.31","普通成交"
"2019-12-03","2019-12-03 09:30:00.000","000592.SZ","平潭发展","买入","73500","2.69","197715","--","59.31","普通成交"
"2019-12-03","2019-12-03 09:30:00.000","603380.SH","易德龙","卖出","12800","14.64","187392","281.05 / 0.15%","243.61","普通成交"
"2019-12-03","2019-12-03 09:30:00.000","600359.SH","新农开发","卖出","29100","5.7","165870","23644.48 / 16.62%","215.63","普通成交"
"2019-12-03","2019-12-03 09:30:00.000","002582.SZ","好想你","卖出","27100","7.85","212735","742.89 / 0.35%","276.56","普通成交"
"2019-12-03","2019-12-03 09:30:00.000","300647.SZ","超频三","卖出","18500","12.65","234025","8111.45 / 3.59%","304.23","普通成交"
"2019-12-02","2019-12-02 09:30:00.000","603380.SH","易德龙","卖出","200","14.69","2938","14.39 / 0.49%","7.94","普通成交"
"2019-12-02","2019-12-02 09:30:00.000","600381.SH","青海春天","买入","5700","5.84","33288","--","9.99","普通成交"
"2019-12-02","2019-12-02 09:30:00.000","600359.SH","新农开发","买入","1000","5.41","5410","--","5","普通成交"
"2019-12-02","2019-12-02 09:30:00.000","600313.SH","农发种业","卖出","14300","2.68","38324","693.88 / 1.84%","49.82","普通成交"
"2019-12-02","2019-12-02 09:30:00.000","600059.SH","古越龙山","买入","100","8.3","830","--","5","普通成交"
"2019-12-02","2019-12-02 09:30:00.000","300647.SZ","超频三","卖出","100","12.5","1250","28.85 / 2.36%","6.25","普通成交"
"2019-12-02","2019-12-02 09:30:00.000","300102.SZ","乾照光电","买入","200","4.06","812","--","5","普通成交"
"2019-12-02","2019-12-02 09:30:00.000","002582.SZ","好想你","卖出","100","7.88","788","5.74 / 0.73%","5.79","普通成交"
"2019-12-02","2019-12-02 09:30:00.000","000592.SZ","平潭发展","买入","3400","2.73","9282","--","5","普通成交"
"2019-11-29","2019-11-29 09:30:00.000","603380.SH","易德龙","买入","300","14.43","4329","--","5","普通成交"
"2019-11-29","2019-11-29 09:30:00.000","600359.SH","新农开发","卖出","2300","6","13800","2601.99 / 23.24%","18.8","普通成交"
"2019-11-29","2019-11-29 09:30:00.000","600059.SH","古越龙山","买入","100","8.41","841","--","5","普通成交"
"2019-11-29","2019-11-29 09:30:00.000","300647.SZ","超频三","买入","300","12.25","3675","--","5","普通成交"
"2019-11-29","2019-11-29 09:30:00.000","002582.SZ","好想你","买入","1000","7.83","7830","--","5","普通成交"
"2019-11-28","2019-11-28 09:30:00.000","603380.SH","易德龙","买入","200","14.5","2900","--","5","普通成交"
"2019-11-28","2019-11-28 09:30:00.000","600359.SH","新农开发","卖出","2400","5.48","13152","1467.12 / 12.56%","18.15","普通成交"
"2019-11-28","2019-11-28 09:30:00.000","600313.SH","农发种业","卖出","800","2.63","2104","-1.18 / -0.06%","7.1","普通成交"
"2019-11-27","2019-11-27 09:30:00.000","600359.SH","新农开发","买入","1000","5","5000","--","5","普通成交"
"2019-11-27","2019-11-27 09:30:00.000","600313.SH","农发种业","买入","1200","2.68","3216","--","5","普通成交"
"2019-11-27","2019-11-27 09:30:00.000","600059.SH","古越龙山","卖出","700","8.4","5880","342.31 / 6.18%","10.88","普通成交"
"2019-11-27","2019-11-27 09:30:00.000","002582.SZ","好想你","卖出","300","7.91","2373","26.37 / 1.12%","7.37","普通成交"
"2019-11-26","2019-11-26 09:30:00.000","600313.SH","农发种业","买入","79400","2.63","208822","--","62.65","普通成交"
"2019-11-26","2019-11-26 09:30:00.000","600059.SH","古越龙山","卖出","200","8.24","1648","65.8 / 4.16%","6.65","普通成交"
"2019-11-26","2019-11-26 09:30:00.000","300647.SZ","超频三","买入","200","12.25","2450","--","5","普通成交"
"2019-11-26","2019-11-26 09:30:00.000","002582.SZ","好想你","买入","26000","7.82","203320","--","61","普通成交"
"2019-11-26","2019-11-26 09:30:00.000","603336.SH","宏辉果蔬","卖出","17700","13.26","234702","10141.53 / 4.52%","305.11","普通成交"
"2019-11-26","2019-11-26 09:30:00.000","600543.SH","莫高股份","卖出","32200","5.55","178710","3416.08 / 1.95%","232.32","普通成交"
"2019-11-25","2019-11-25 09:30:00.000","600313.SH","农发种业","买入","12500","2.63","32875","--","9.86","普通成交"
"2019-11-25","2019-11-25 09:30:00.000","600059.SH","古越龙山","卖出","4000","8.21","32840","1196.07 / 3.78%","42.69","普通成交"
"2019-11-25","2019-11-25 09:30:00.000","002582.SZ","好想你","买入","500","7.8","3900","--","5","普通成交"
"2019-11-22","2019-11-22 09:30:00.000","603380.SH","易德龙","买入","100","14.9","1490","--","5","普通成交"
"2019-11-22","2019-11-22 09:30:00.000","603336.SH","宏辉果蔬","卖出","400","13.99","5596","521.19 / 10.27%","10.6","普通成交"
"2019-11-22","2019-11-22 09:30:00.000","600359.SH","新农开发","买入","500","5.03","2515","--","5","普通成交"
"2019-11-22","2019-11-22 09:30:00.000","600059.SH","古越龙山","买入","400","8.32","3328","--","5","普通成交"
"2019-11-22","2019-11-22 09:30:00.000","300647.SZ","超频三","买入","800","12.62","10096","--","5","普通成交"
"2019-11-21","2019-11-21 09:30:00.000","603380.SH","易德龙","买入","300","15.1","4530","--","5","普通成交"
"2019-11-21","2019-11-21 09:30:00.000","603336.SH","宏辉果蔬","卖出","1400","14.5","20300","2538.15 / 14.29%","26.39","普通成交"
"2019-11-21","2019-11-21 09:30:00.000","600543.SH","莫高股份","买入","400","5.5","2200","--","5","普通成交"
"2019-11-21","2019-11-21 09:30:00.000","600359.SH","新农开发","卖出","500","5.09","2545","114.19 / 4.7%","7.55","普通成交"
"2019-11-21","2019-11-21 09:30:00.000","300647.SZ","超频三","买入","100","12.76","1276","--","5","普通成交"
"2019-11-20","2019-11-20 09:30:00.000","603380.SH","易德龙","买入","100","15.08","1508","--","5","普通成交"
"2019-11-20","2019-11-20 09:30:00.000","603336.SH","宏辉果蔬","买入","400","12.75","5100","--","5","普通成交"
"2019-11-20","2019-11-20 09:30:00.000","600543.SH","莫高股份","买入","100","5.55","555","--","5","普通成交"
"2019-11-20","2019-11-20 09:30:00.000","600059.SH","古越龙山","买入","200","8.24","1648","--","5","普通成交"
"2019-11-20","2019-11-20 09:30:00.000","300647.SZ","超频三","卖出","600","12.88","7728","415.75 / 5.69%","12.73","普通成交"
"2019-11-19","2019-11-19 09:30:00.000","603336.SH","宏辉果蔬","买入","400","12.75","5100","--","5","普通成交"
"2019-11-19","2019-11-19 09:30:00.000","600543.SH","莫高股份","买入","500","5.49","2745","--","5","普通成交"
"2019-11-19","2019-11-19 09:30:00.000","600359.SH","新农开发","买入","100","4.86","486","--","5","普通成交"
"2019-11-19","2019-11-19 09:30:00.000","600059.SH","古越龙山","卖出","400","8.15","3260","99.05 / 3.13%","8.26","普通成交"
"2019-11-19","2019-11-19 09:30:00.000","300647.SZ","超频三","买入","300","12.37","3711","--","5","普通成交"
"2019-11-18","2019-11-18 09:30:00.000","603380.SH","易德龙","买入","12000","14.6","175200","--","52.56","普通成交"
"2019-11-18","2019-11-18 09:30:00.000","603336.SH","宏辉果蔬","买入","18700","12.68","237116","--","71.13","普通成交"
"2019-11-18","2019-11-18 09:30:00.000","600543.SH","莫高股份","买入","31200","5.44","169728","--","50.92","普通成交"
"2019-11-18","2019-11-18 09:30:00.000","600359.SH","新农开发","买入","31700","4.86","154062","--","46.22","普通成交"
"2019-11-18","2019-11-18 09:30:00.000","600059.SH","古越龙山","买入","28200","7.9","222780","--","66.83","普通成交"
"2019-11-18","2019-11-18 09:30:00.000","300647.SZ","超频三","买入","17500","12.18","213150","--","63.95","普通成交"
"2019-10-15","2019-10-15 09:30:00.000","600515.SH","海航基础","卖出","47100","4.21","198291","4153.53 / 2.14%","257.78","普通成交"
"2019-10-15","2019-10-15 09:30:00.000","002208.SZ","合肥城建","卖出","29100","6.9","200790","8618.77 / 4.48%","261.03","普通成交"
"2019-10-15","2019-10-15 09:30:00.000","600874.SH","创业环保","卖出","30300","7.3","221190","8718.58 / 4.1%","287.55","普通成交"
"2019-10-14","2019-10-14 09:30:00.000","600874.SH","创业环保","卖出","500","7.36","3680","173.87 / 4.96%","8.68","普通成交"
"2019-10-14","2019-10-14 09:30:00.000","600515.SH","海航基础","买入","300","4.18","1254","--","5","普通成交"
"2019-10-14","2019-10-14 09:30:00.000","002573.SZ","清新环境","卖出","25300","6.8","172040","5513.26 / 3.31%","223.65","普通成交"
"2019-10-14","2019-10-14 09:30:00.000","002208.SZ","合肥城建","买入","300","6.73","2019","--","5","普通成交"
"2019-10-14","2019-10-14 09:30:00.000","000898.SZ","鞍钢股份","卖出","71300","3.17","226021","5620.28 / 2.55%","293.83","普通成交"
"2019-10-14","2019-10-14 09:30:00.000","000717.SZ","韶钢松山","卖出","43600","3.8","165680","4311.6 / 2.67%","215.38","普通成交"
"2019-10-11","2019-10-11 09:30:00.000","600874.SH","创业环保","卖出","100","7.15","715","13.77 / 1.96%","5.72","普通成交"
"2019-10-11","2019-10-11 09:30:00.000","000898.SZ","鞍钢股份","买入","100","3.11","311","--","5","普通成交"
"2019-10-10","2019-10-10 09:30:00.000","002208.SZ","合肥城建","买入","100","6.64","664","--","5","普通成交"
"2019-10-10","2019-10-10 09:30:00.000","000898.SZ","鞍钢股份","买入","300","3.11","933","--","5","普通成交"
"2019-10-10","2019-10-10 09:30:00.000","000717.SZ","韶钢松山","卖出","200","3.76","752","11.78 / 1.59%","5.75","普通成交"
"2019-10-09","2019-10-09 09:30:00.000","600874.SH","创业环保","买入","100","7.01","701","--","5","普通成交"
"2019-10-09","2019-10-09 09:30:00.000","600515.SH","海航基础","买入","300","4.12","1236","--","5","普通成交"
"2019-10-09","2019-10-09 09:30:00.000","002573.SZ","清新环境","买入","100","6.56","656","--","5","普通成交"
"2019-10-09","2019-10-09 09:30:00.000","002208.SZ","合肥城建","买入","300","6.59","1977","--","5","普通成交"
"2019-10-09","2019-10-09 09:30:00.000","000898.SZ","鞍钢股份","卖出","200","3.11","622","3.81 / 0.62%","5.62","普通成交"
"2019-10-09","2019-10-09 09:30:00.000","000717.SZ","韶钢松山","卖出","100","3.72","372","1.89 / 0.51%","5.37","普通成交"
"2019-10-08","2019-10-08 09:30:00.000","600874.SH","创业环保","买入","30800","7.01","215908","--","64.77","普通成交"
"2019-10-08","2019-10-08 09:30:00.000","600515.SH","海航基础","买入","46500","4.12","191580","--","57.47","普通成交"
"2019-10-08","2019-10-08 09:30:00.000","002573.SZ","清新环境","买入","25200","6.58","165816","--","49.74","普通成交"
"2019-10-08","2019-10-08 09:30:00.000","002208.SZ","合肥城建","买入","28400","6.6","187440","--","56.23","普通成交"
"2019-10-08","2019-10-08 09:30:00.000","000898.SZ","鞍钢股份","买入","71100","3.09","219699","--","65.91","普通成交"
"2019-10-08","2019-10-08 09:30:00.000","000717.SZ","韶钢松山","买入","43900","3.7","162430","--","48.73","普通成交"
"2019-08-20","2019-08-20 09:30:00.000","600122.SH","宏图高科","卖出","68800","2.75","189200","8862.24 / 4.91%","245.96","普通成交"
"2019-08-20","2019-08-20 09:30:00.000","002087.SZ","新野纺织","卖出","67700","3.6","243720","8048.76 / 3.42%","316.84","普通成交"
"2019-08-20","2019-08-20 09:30:00.000","000717.SZ","韶钢松山","卖出","53100","3.89","206559","7355.6 / 3.69%","268.53","普通成交"
"2019-08-20","2019-08-20 09:30:00.000","600581.SH","八一钢铁","卖出","56800","3.13","177784","5614.99 / 3.26%","231.12","普通成交"
"2019-08-20","2019-08-20 09:30:00.000","000564.SZ","供销大集","卖出","86400","2.27","196128","8572.24 / 4.57%","254.97","普通成交"
"2019-08-20","2019-08-20 09:30:00.000","603157.SH","拉夏贝尔","卖出","26000","5.23","135980","4614.88 / 3.51%","176.77","普通成交"
"2019-08-19","2019-08-19 09:30:00.000","603157.SH","拉夏贝尔","买入","500","5.09","2545","--","5","普通成交"
"2019-08-19","2019-08-19 09:30:00.000","600581.SH","八一钢铁","买入","600","3.05","1830","--","5","普通成交"
"2019-08-19","2019-08-19 09:30:00.000","600122.SH","宏图高科","买入","200","2.66","532","--","5","普通成交"
"2019-08-19","2019-08-19 09:30:00.000","002087.SZ","新野纺织","卖出","200","3.54","708","11.78 / 1.69%","5.71","普通成交"
"2019-08-19","2019-08-19 09:30:00.000","000717.SZ","韶钢松山","买入","100","3.79","379","--","5","普通成交"
"2019-08-19","2019-08-19 09:30:00.000","000564.SZ","供销大集","卖出","200","2.19","438","3.84 / 0.88%","5.44","普通成交"
"2019-08-16","2019-08-16 09:30:00.000","603157.SH","拉夏贝尔","卖出","700","5.24","3668","131.9 / 3.73%","8.67","普通成交"
"2019-08-16","2019-08-16 09:30:00.000","600581.SH","八一钢铁","卖出","200","3.08","616","9.83 / 1.62%","5.62","普通成交"
"2019-08-16","2019-08-16 09:30:00.000","000564.SZ","供销大集","买入","700","2.18","1526","--","5","普通成交"
"2019-08-15","2019-08-15 09:30:00.000","603157.SH","拉夏贝尔","卖出","300","5","1500","-15.47 / -1.02%","6.5","普通成交"
"2019-08-15","2019-08-15 09:30:00.000","600581.SH","八一钢铁","买入","100","2.95","295","--","5","普通成交"
"2019-08-15","2019-08-15 09:30:00.000","002087.SZ","新野纺织","卖出","100","3.48","348","-0.11 / -0.03%","5.35","普通成交"
"2019-08-14","2019-08-14 09:30:00.000","603157.SH","拉夏贝尔","买入","300","5.04","1512","--","5","普通成交"
"2019-08-14","2019-08-14 09:30:00.000","600581.SH","八一钢铁","卖出","200","3.08","616","9.82 / 1.62%","5.62","普通成交"
"2019-08-14","2019-08-14 09:30:00.000","600122.SH","宏图高科","买入","200","2.67","534","--","5","普通成交"
"2019-08-14","2019-08-14 09:30:00.000","002087.SZ","新野纺织","卖出","100","3.52","352","3.89 / 1.12%","5.35","普通成交"
"2019-08-14","2019-08-14 09:30:00.000","000717.SZ","韶钢松山","买入","100","3.76","376","--","5","普通成交"
"2019-08-14","2019-08-14 09:30:00.000","000564.SZ","供销大集","卖出","300","2.2","660","8.8 / 1.35%","5.66","普通成交"
"2019-08-13","2019-08-13 09:30:00.000","002087.SZ","新野纺织","买入","400","3.48","1392","--","5","普通成交"
"2019-08-13","2019-08-13 09:30:00.000","000717.SZ","韶钢松山","买入","100","3.74","374","--","5","普通成交"
"2019-08-13","2019-08-13 09:30:00.000","000564.SZ","供销大集","卖出","100","2.18","218","0.93 / 0.43%","5.22","普通成交"
"2019-08-12","2019-08-12 09:30:00.000","603157.SH","拉夏贝尔","买入","26200","5.05","132310","--","39.69","普通成交"
"2019-08-12","2019-08-12 09:30:00.000","600581.SH","八一钢铁","买入","56500","3.03","171195","--","51.36","普通成交"
"2019-08-12","2019-08-12 09:30:00.000","600122.SH","宏图高科","买入","68400","2.62","179208","--","53.76","普通成交"
"2019-08-12","2019-08-12 09:30:00.000","002087.SZ","新野纺织","买入","67700","3.48","235596","--","70.68","普通成交"
"2019-08-12","2019-08-12 09:30:00.000","000717.SZ","韶钢松山","买入","52800","3.75","198000","--","59.4","普通成交"
"2019-08-12","2019-08-12 09:30:00.000","000564.SZ","供销大集","买入","86300","2.17","187271","--","56.18","普通成交"
"2019-08-06","2019-08-06 09:30:00.000","603533.SH","掌阅科技","卖出","15700","14.14","221998","-10461.35 / -4.5%","288.6","普通成交"
"2019-08-06","2019-08-06 09:30:00.000","300312.SZ","邦讯技术","卖出","29800","6.04","179992","-4829.81 / -2.61%","233.99","普通成交"
"2019-08-06","2019-08-06 09:30:00.000","300571.SZ","平治信息","卖出","4800","39","187200","-11483.59 / -5.78%","243.36","普通成交"
"2019-08-06","2019-08-06 09:30:00.000","300654.SZ","世纪天鸿","卖出","12100","12","145200","-11923.59 / -7.59%","188.76","普通成交"
"2019-08-05","2019-08-05 09:30:00.000","600581.SH","八一钢铁","卖出","50300","3.31","166493","-8573.57 / -4.9%","216.44","普通成交"
"2019-08-05","2019-08-05 09:30:00.000","300312.SZ","邦讯技术","买入","100","6.13","613","--","5","普通成交"
"2019-08-05","2019-08-05 09:30:00.000","000717.SZ","韶钢松山","卖出","52800","3.92","206976","-12704.56 / -5.78%","269.07","普通成交"
"2019-08-02","2019-08-02 09:30:00.000","603533.SH","掌阅科技","买入","100","14.75","1475","--","5","普通成交"
"2019-08-02","2019-08-02 09:30:00.000","600581.SH","八一钢铁","买入","300","3.37","1011","--","5","普通成交"
"2019-08-02","2019-08-02 09:30:00.000","300312.SZ","邦讯技术","买入","100","6.15","615","--","5","普通成交"
"2019-08-01","2019-08-01 09:30:00.000","300654.SZ","世纪天鸿","买入","100","12.51","1251","--","5","普通成交"
"2019-08-01","2019-08-01 09:30:00.000","300312.SZ","邦讯技术","卖出","200","6.2","1240","-0.43 / -0.03%","6.24","普通成交"
"2019-08-01","2019-08-01 09:30:00.000","000717.SZ","韶钢松山","买入","300","4.1","1230","--","5","普通成交"
"2019-07-31","2019-07-31 09:30:00.000","603533.SH","掌阅科技","卖出","300","15.21","4563","121.09 / 2.73%","9.56","普通成交"
"2019-07-31","2019-07-31 09:30:00.000","300312.SZ","邦讯技术","买入","100","6.24","624","--","5","普通成交"
"2019-07-31","2019-07-31 09:30:00.000","000717.SZ","韶钢松山","卖出","100","4.14","414","-2.09 / -0.5%","5.41","普通成交"
"2019-07-30","2019-07-30 09:30:00.000","603533.SH","掌阅科技","买入","300","14.89","4467","--","5","普通成交"
"2019-07-30","2019-07-30 09:30:00.000","600581.SH","八一钢铁","买入","600","3.47","2082","--","5","普通成交"
"2019-07-30","2019-07-30 09:30:00.000","300654.SZ","世纪天鸿","买入","300","12.78","3834","--","5","普通成交"
"2019-07-30","2019-07-30 09:30:00.000","300312.SZ","邦讯技术","卖出","500","6.35","3175","74.07 / 2.39%","8.18","普通成交"
"2019-07-30","2019-07-30 09:30:00.000","000717.SZ","韶钢松山","买入","800","4.13","3304","--","5","普通成交"
"2019-07-29","2019-07-29 09:30:00.000","603533.SH","掌阅科技","买入","15600","14.8","230880","--","69.26","普通成交"
"2019-07-29","2019-07-29 09:30:00.000","600581.SH","八一钢铁","买入","49400","3.48","171912","--","51.57","普通成交"
"2019-07-29","2019-07-29 09:30:00.000","300654.SZ","世纪天鸿","买入","11700","12.99","151983","--","45.59","普通成交"
"2019-07-29","2019-07-29 09:30:00.000","300571.SZ","平治信息","买入","4800","41.38","198624","--","59.59","普通成交"
"2019-07-29","2019-07-29 09:30:00.000","300312.SZ","邦讯技术","买入","30200","6.2","187240","--","56.17","普通成交"
"2019-07-29","2019-07-29 09:30:00.000","000717.SZ","韶钢松山","买入","51800","4.16","215488","--","64.65","普通成交"
"2019-07-16","2019-07-16 09:30:00.000","300673.SZ","佩蒂股份","卖出","7900","24.74","195446","-28600.89 / -12.77%","254.08","普通成交"
"2019-07-16","2019-07-16 09:30:00.000","000532.SZ","华金资本","卖出","21200","10.2","216240","-6400.83 / -2.87%","281.11","普通成交"
"2019-07-16","2019-07-16 09:30:00.000","002732.SZ","燕塘乳业","卖出","10300","19.15","197245","-4180.41 / -2.08%","256.42","普通成交"
"2019-07-16","2019-07-16 09:30:00.000","002495.SZ","佳隆股份","卖出","61600","3.23","198968","-9013.39 / -4.33%","258.66","普通成交"
"2019-07-16","2019-07-16 09:30:00.000","002423.SZ","中原特钢","卖出","19000","9.35","177650","-4735.87 / -2.6%","230.95","普通成交"
"2019-07-16","2019-07-16 09:30:00.000","002891.SZ","中宠股份","卖出","10100","18.06","182406","-2580.48 / -1.39%","237.13","普通成交"
"2019-07-15","2019-07-15 09:30:00.000","300673.SZ","佩蒂股份","买入","100","25.42","2542","--","5","普通成交"
"2019-07-15","2019-07-15 09:30:00.000","002891.SZ","中宠股份","卖出","100","17.8","1780","-51.55 / -2.81%","6.78","普通成交"
"2019-07-15","2019-07-15 09:30:00.000","002495.SZ","佳隆股份","买入","700","3.13","2191","--","5","普通成交"
"2019-07-15","2019-07-15 09:30:00.000","002423.SZ","中原特钢","卖出","200","9.2","1840","-79.85 / -4.16%","6.84","普通成交"
"2019-07-15","2019-07-15 09:30:00.000","000532.SZ","华金资本","卖出","100","10.13","1013","-37.19 / -3.54%","6.01","普通成交"
"2019-07-12","2019-07-12 09:30:00.000","300673.SZ","佩蒂股份","买入","200","25.67","5134","--","5","普通成交"
"2019-07-12","2019-07-12 09:30:00.000","002732.SZ","燕塘乳业","卖出","100","18.71","1871","-84.59 / -4.33%","6.87","普通成交"
"2019-07-12","2019-07-12 09:30:00.000","002495.SZ","佳隆股份","卖出","400","3.21","1284","-67.63 / -5.0%","6.28","普通成交"
"2019-07-12","2019-07-12 09:30:00.000","000532.SZ","华金资本","卖出","200","10.1","2020","-80.39 / -3.83%","7.02","普通成交"
"2019-07-11","2019-07-11 09:30:00.000","002495.SZ","佳隆股份","卖出","400","3.22","1288","-63.63 / -4.71%","6.29","普通成交"
"2019-07-11","2019-07-11 09:30:00.000","002423.SZ","中原特钢","买入","100","9.16","916","--","5","普通成交"
"2019-07-10","2019-07-10 09:30:00.000","002495.SZ","佳隆股份","买入","800","3.24","2592","--","5","普通成交"
"2019-07-10","2019-07-10 09:30:00.000","002423.SZ","中原特钢","买入","100","9.25","925","--","5","普通成交"
"2019-07-10","2019-07-10 09:30:00.000","000532.SZ","华金资本","买入","100","10.19","1019","--","5","普通成交"
"2019-07-09","2019-07-09 09:30:00.000","002891.SZ","中宠股份","卖出","100","17.99","1799","-32.55 / -1.78%","6.8","普通成交"
"2019-07-09","2019-07-09 09:30:00.000","002732.SZ","燕塘乳业","卖出","200","18.5","3700","-211.17 / -5.4%","8.7","普通成交"
"2019-07-09","2019-07-09 09:30:00.000","002495.SZ","佳隆股份","买入","100","3.21","321","--","5","普通成交"
"2019-07-08","2019-07-08 09:30:00.000","300673.SZ","佩蒂股份","买入","7600","28.46","216296","--","64.89","普通成交"
"2019-07-08","2019-07-08 09:30:00.000","002891.SZ","中宠股份","买入","10300","18.31","188593","--","56.58","普通成交"
"2019-07-08","2019-07-08 09:30:00.000","002732.SZ","燕塘乳业","买入","10600","19.55","207230","--","62.17","普通成交"
"2019-07-08","2019-07-08 09:30:00.000","002495.SZ","佳隆股份","买入","60800","3.38","205504","--","61.65","普通成交"
"2019-07-08","2019-07-08 09:30:00.000","002423.SZ","中原特钢","买入","19000","9.6","182400","--","54.72","普通成交"
"2019-07-08","2019-07-08 09:30:00.000","000532.SZ","华金资本","买入","21400","10.5","224700","--","67.41","普通成交"
"2019-04-23","2019-04-23 09:30:00.000","600248.SH","延长化建","卖出","40600","5.53","224518","25420.4 / 12.77%","291.87","普通成交"
"2019-04-23","2019-04-23 09:30:00.000","603778.SH","乾景园林","卖出","34700","5.41","187727","4062.88 / 2.21%","244.05","普通成交"
"2019-04-22","2019-04-22 09:30:00.000","603778.SH","乾景园林","卖出","800","5.6","4480","245.67 / 5.8%","9.48","普通成交"
"2019-04-22","2019-04-22 09:30:00.000","601988.SH","中国银行","卖出","50200","4.04","202808","6536.92 / 3.33%","263.65","普通成交"
"2019-04-22","2019-04-22 09:30:00.000","601288.SH","农业银行","卖出","52100","3.85","200585","2569.94 / 1.3%","260.76","普通成交"
"2019-04-22","2019-04-22 09:30:00.000","600248.SH","延长化建","卖出","900","5.27","4743","329.51 / 7.47%","9.74","普通成交"
"2019-04-22","2019-04-22 09:30:00.000","001896.SZ","豫能控股","卖出","49400","4.17","205998","2166.93 / 1.06%","267.8","普通成交"
"2019-04-22","2019-04-22 09:30:00.000","000899.SZ","赣能股份","卖出","32600","6.01","195926","8074.43 / 4.3%","254.7","普通成交"
"2019-04-19","2019-04-19 09:30:00.000","603778.SH","乾景园林","买入","400","5.32","2128","--","5","普通成交"
"2019-04-19","2019-04-19 09:30:00.000","601988.SH","中国银行","卖出","200","4.01","802","20.04 / 2.56%","5.8","普通成交"
"2019-04-19","2019-04-19 09:30:00.000","001896.SZ","豫能控股","卖出","300","4.19","1257","19.16 / 1.55%","6.26","普通成交"
"2019-04-18","2019-04-18 09:30:00.000","603778.SH","乾景园林","买入","200","5.46","1092","--","5","普通成交"
"2019-04-18","2019-04-18 09:30:00.000","601988.SH","中国银行","卖出","300","4.02","1206","33.07 / 2.82%","6.21","普通成交"
"2019-04-18","2019-04-18 09:30:00.000","601288.SH","农业银行","买入","200","3.87","774","--","5","普通成交"
"2019-04-18","2019-04-18 09:30:00.000","600248.SH","延长化建","卖出","100","5.13","513","22.61 / 4.61%","5.51","普通成交"
"2019-04-18","2019-04-18 09:30:00.000","001896.SZ","豫能控股","买入","800","4.2","3360","--","5","普通成交"
"2019-04-18","2019-04-18 09:30:00.000","000899.SZ","赣能股份","买入","400","6.03","2412","--","5","普通成交"
"2019-04-17","2019-04-17 09:30:00.000","603778.SH","乾景园林","卖出","300","5.56","1668","80.59 / 5.08%","6.67","普通成交"
"2019-04-17","2019-04-17 09:30:00.000","601988.SH","中国银行","卖出","500","4","2000","45.11 / 2.31%","7","普通成交"
"2019-04-17","2019-04-17 09:30:00.000","601288.SH","农业银行","卖出","600","3.87","2322","41.81 / 1.83%","7.32","普通成交"
"2019-04-16","2019-04-16 09:30:00.000","603778.SH","乾景园林","买入","30700","5.3","162710","--","48.81","普通成交"
"2019-04-16","2019-04-16 09:30:00.000","601988.SH","中国银行","卖出","200","3.88","776","-5.96 / -0.76%","5.78","普通成交"
"2019-04-16","2019-04-16 09:30:00.000","601288.SH","农业银行","卖出","400","3.76","1504","-16.12 / -1.06%","6.5","普通成交"
"2019-04-16","2019-04-16 09:30:00.000","600248.SH","延长化建","卖出","400","4.98","1992","30.45 / 1.55%","6.99","普通成交"
"2019-04-16","2019-04-16 09:30:00.000","000899.SZ","赣能股份","买入","900","5.98","5382","--","5","普通成交"
"2019-04-16","2019-04-16 09:30:00.000","600629.SH","华建集团","卖出","12500","13.15","164375","-9090.59 / -5.24%","213.69","普通成交"
"2019-04-15","2019-04-15 09:30:00.000","603778.SH","乾景园林","买入","4500","5.22","23490","--","7.05","普通成交"
"2019-04-15","2019-04-15 09:30:00.000","601988.SH","中国银行","买入","300","3.91","1173","--","5","普通成交"
"2019-04-15","2019-04-15 09:30:00.000","601288.SH","农业银行","买入","600","3.77","2262","--","5","普通成交"
"2019-04-15","2019-04-15 09:30:00.000","600629.SH","华建集团","买入","300","13.45","4035","--","5","普通成交"
"2019-04-15","2019-04-15 09:30:00.000","600248.SH","延长化建","卖出","2400","5.06","12144","374.68 / 3.18%","17.14","普通成交"
"2019-04-15","2019-04-15 09:30:00.000","001896.SZ","豫能控股","买入","1400","4.28","5992","--","5","普通成交"
"2019-04-15","2019-04-15 09:30:00.000","000899.SZ","赣能股份","卖出","3100","6.3","19530","1697.81 / 9.52%","25.39","普通成交"
"2019-04-12","2019-04-12 09:30:00.000","601988.SH","中国银行","卖出","900","3.87","3483","-35.71 / -1.01%","8.48","普通成交"
"2019-04-12","2019-04-12 09:30:00.000","601288.SH","农业银行","卖出","400","3.73","1492","-28.22 / -1.86%","6.49","普通成交"
"2019-04-12","2019-04-12 09:30:00.000","600248.SH","延长化建","买入","1300","4.98","6474","--","5","普通成交"
"2019-04-12","2019-04-12 09:30:00.000","001896.SZ","豫能控股","卖出","1200","4.09","4908","-36.17 / -0.73%","9.91","普通成交"
"2019-04-12","2019-04-12 09:30:00.000","000899.SZ","赣能股份","卖出","100","5.88","588","12.77 / 2.22%","5.59","普通成交"
"2019-04-11","2019-04-11 09:30:00.000","601988.SH","中国银行","买入","600","3.86","2316","--","5","普通成交"
"2019-04-11","2019-04-11 09:30:00.000","601288.SH","农业银行","买入","700","3.77","2639","--","5","普通成交"
"2019-04-11","2019-04-11 09:30:00.000","600629.SH","华建集团","买入","200","13.58","2716","--","5","普通成交"
"2019-04-11","2019-04-11 09:30:00.000","600248.SH","延长化建","卖出","1200","5.19","6228","346.24 / 5.89%","11.23","普通成交"
"2019-04-11","2019-04-11 09:30:00.000","001896.SZ","豫能控股","买入","500","4.06","2030","--","5","普通成交"
"2019-04-11","2019-04-11 09:30:00.000","000899.SZ","赣能股份","买入","200","5.84","1168","--","5","普通成交"
"2019-04-10","2019-04-10 09:30:00.000","601988.SH","中国银行","买入","1000","3.86","3860","--","5","普通成交"
"2019-04-10","2019-04-10 09:30:00.000","601288.SH","农业银行","买入","600","3.77","2262","--","5","普通成交"
"2019-04-10","2019-04-10 09:30:00.000","600248.SH","延长化建","卖出","2400","5.1","12240","476.47 / 4.05%","17.24","普通成交"
"2019-04-10","2019-04-10 09:30:00.000","000899.SZ","赣能股份","买入","100","5.68","568","--","5","普通成交"
"2019-04-09","2019-04-09 09:30:00.000","601988.SH","中国银行","买入","500","3.89","1945","--","5","普通成交"
"2019-04-09","2019-04-09 09:30:00.000","601288.SH","农业银行","卖出","300","3.78","1134","-6.34 / -0.56%","6.13","普通成交"
"2019-04-09","2019-04-09 09:30:00.000","600629.SH","华建集团","买入","100","13.59","1359","--","5","普通成交"
"2019-04-09","2019-04-09 09:30:00.000","600248.SH","延长化建","卖出","500","4.99","2495","44.27 / 1.81%","7.5","普通成交"
"2019-04-09","2019-04-09 09:30:00.000","001896.SZ","豫能控股","买入","400","4.04","1616","--","5","普通成交"
"2019-04-09","2019-04-09 09:30:00.000","000899.SZ","赣能股份","卖出","300","5.76","1728","2.48 / 0.14%","6.73","普通成交"
"2019-04-08","2019-04-08 09:30:00.000","601988.SH","中国银行","买入","49900","3.91","195109","--","58.53","普通成交"
"2019-04-08","2019-04-08 09:30:00.000","601288.SH","农业银行","买入","51700","3.8","196460","--","58.94","普通成交"
"2019-04-08","2019-04-08 09:30:00.000","600629.SH","华建集团","买入","11900","13.89","165291","--","49.59","普通成交"
"2019-04-08","2019-04-08 09:30:00.000","600248.SH","延长化建","买入","47200","4.9","231280","--","69.38","普通成交"
"2019-04-08","2019-04-08 09:30:00.000","001896.SZ","豫能控股","买入","47800","4.12","196936","--","59.08","普通成交"
"2019-04-08","2019-04-08 09:30:00.000","000899.SZ","赣能股份","买入","34500","5.75","198375","--","59.51","普通成交"
"2019-01-22","2019-01-22 09:30:00.000","601998.SH","中信银行","卖出","42300","5.51","233073","-961.78 / -0.41%","302.99","普通成交"
"2019-01-22","2019-01-22 09:30:00.000","601997.SH","贵阳银行","卖出","14800","10.92","161616","-446.19 / -0.28%","210.1","普通成交"
"2019-01-22","2019-01-22 09:30:00.000","002659.SZ","凯文教育","卖出","28000","7.16","200480","107.44 / 0.05%","260.62","普通成交"
"2019-01-21","2019-01-21 09:30:00.000","601998.SH","中信银行","卖出","300","5.54","1662","2.18 / 0.13%","6.66","普通成交"
"2019-01-21","2019-01-21 09:30:00.000","300132.SZ","青松股份","卖出","19200","10.37","199104","-3364.67 / -1.66%","258.84","普通成交"
"2019-01-21","2019-01-21 09:30:00.000","002707.SZ","众信旅游","卖出","32300","6.03","194769","-10222.46 / -4.99%","253.2","普通成交"
"2019-01-21","2019-01-21 09:30:00.000","002659.SZ","凯文教育","买入","200","7.15","1430","--","5","普通成交"
"2019-01-21","2019-01-21 09:30:00.000","002094.SZ","青岛金王","卖出","37800","5.1","192780","-12022.56 / -5.87%","250.61","普通成交"
"2019-01-18","2019-01-18 09:30:00.000","601998.SH","中信银行","卖出","300","5.48","1644","-15.82 / -0.95%","6.64","普通成交"
"2019-01-18","2019-01-18 09:30:00.000","601997.SH","贵阳银行","卖出","100","10.84","1084","-11.01 / -1.01%","6.08","普通成交"
"2019-01-18","2019-01-18 09:30:00.000","300132.SZ","青松股份","买入","100","10.4","1040","--","5","普通成交"
"2019-01-18","2019-01-18 09:30:00.000","002659.SZ","凯文教育","卖出","200","7.13","1426","-5.21 / -0.36%","6.43","普通成交"
"2019-01-18","2019-01-18 09:30:00.000","002094.SZ","青岛金王","买入","300","5.05","1515","--","5","普通成交"
"2019-01-17","2019-01-17 09:30:00.000","601998.SH","中信银行","卖出","100","5.46","546","-7.27 / -1.31%","5.55","普通成交"
"2019-01-17","2019-01-17 09:30:00.000","601997.SH","贵阳银行","卖出","100","10.84","1084","-11.01 / -1.01%","6.08","普通成交"
"2019-01-16","2019-01-16 09:30:00.000","601998.SH","中信银行","买入","100","5.46","546","--","5","普通成交"
"2019-01-16","2019-01-16 09:30:00.000","002707.SZ","众信旅游","买入","600","6.04","3624","--","5","普通成交"
"2019-01-16","2019-01-16 09:30:00.000","002659.SZ","凯文教育","买入","200","7.19","1438","--","5","普通成交"
"2019-01-16","2019-01-16 09:30:00.000","002094.SZ","青岛金王","卖出","300","5.2","1560","-66.26 / -4.07%","6.56","普通成交"
"2019-01-15","2019-01-15 09:30:00.000","601998.SH","中信银行","卖出","600","5.45","3270","-49.67 / -1.5%","8.27","普通成交"
"2019-01-15","2019-01-15 09:30:00.000","601997.SH","贵阳银行","卖出","100","10.76","1076","-19.01 / -1.74%","6.08","普通成交"
"2019-01-15","2019-01-15 09:30:00.000","002707.SZ","众信旅游","买入","800","5.99","4792","--","5","普通成交"
"2019-01-15","2019-01-15 09:30:00.000","002659.SZ","凯文教育","买入","27400","7.15","195910","--","58.77","普通成交"
"2019-01-15","2019-01-15 09:30:00.000","002094.SZ","青岛金王","卖出","600","5.11","3066","-186.52 / -5.73%","8.07","普通成交"
"2019-01-15","2019-01-15 09:30:00.000","600136.SH","当代明诚","卖出","21200","8.3","175960","-19161.36 / -9.82%","228.75","普通成交"
"2019-01-14","2019-01-14 09:30:00.000","601998.SH","中信银行","买入","900","5.43","4887","--","5","普通成交"
"2019-01-14","2019-01-14 09:30:00.000","601997.SH","贵阳银行","卖出","200","10.79","2158","-32.03 / -1.46%","7.16","普通成交"
"2019-01-14","2019-01-14 09:30:00.000","300132.SZ","青松股份","买入","100","10.69","1069","--","5","普通成交"
"2019-01-14","2019-01-14 09:30:00.000","002707.SZ","众信旅游","卖出","4000","6.38","25520","74.63 / 0.29%","33.18","普通成交"
"2019-01-14","2019-01-14 09:30:00.000","002659.SZ","凯文教育","买入","400","7.38","2952","--","5","普通成交"
"2019-01-14","2019-01-14 09:30:00.000","002094.SZ","青岛金王","卖出","200","5.1","1020","-64.17 / -5.92%","6.02","普通成交"
"2019-01-11","2019-01-11 09:30:00.000","600136.SH","当代明诚","买入","100","8.34","834","--","5","普通成交"
"2019-01-11","2019-01-11 09:30:00.000","300132.SZ","青松股份","买入","100","10.5","1050","--","5","普通成交"
"2019-01-11","2019-01-11 09:30:00.000","002094.SZ","青岛金王","卖出","200","5.03","1006","-78.17 / -7.21%","6.01","普通成交"
"2019-01-10","2019-01-10 09:30:00.000","600136.SH","当代明诚","买入","300","8.42","2526","--","5","普通成交"
"2019-01-10","2019-01-10 09:30:00.000","300132.SZ","青松股份","卖出","500","10.66","5330","57.65 / 1.09%","10.33","普通成交"
"2019-01-10","2019-01-10 09:30:00.000","002094.SZ","青岛金王","买入","200","5.05","1010","--","5","普通成交"
"2019-01-09","2019-01-09 09:30:00.000","601998.SH","中信银行","买入","100","5.45","545","--","5","普通成交"
"2019-01-09","2019-01-09 09:30:00.000","601997.SH","贵阳银行","买入","200","10.82","2164","--","5","普通成交"
"2019-01-09","2019-01-09 09:30:00.000","600136.SH","当代明诚","买入","400","8.44","3376","--","5","普通成交"
"2019-01-09","2019-01-09 09:30:00.000","300132.SZ","青松股份","买入","600","10.31","6186","--","5","普通成交"
"2019-01-09","2019-01-09 09:30:00.000","002707.SZ","众信旅游","买入","400","6.3","2520","--","5","普通成交"
"2019-01-09","2019-01-09 09:30:00.000","002094.SZ","青岛金王","卖出","100","5.09","509","-33.27 / -6.14%","5.51","普通成交"
"2019-01-08","2019-01-08 09:30:00.000","601998.SH","中信银行","买入","1200","5.42","6504","--","5","普通成交"
"2019-01-08","2019-01-08 09:30:00.000","601997.SH","贵阳银行","买入","300","10.87","3261","--","5","普通成交"
"2019-01-08","2019-01-08 09:30:00.000","600136.SH","当代明诚","卖出","200","8.61","1722","-124.77 / -6.76%","6.72","普通成交"
"2019-01-08","2019-01-08 09:30:00.000","300132.SZ","青松股份","买入","900","10.55","9495","--","5","普通成交"
"2019-01-08","2019-01-08 09:30:00.000","002707.SZ","众信旅游","买入","34500","6.36","219420","--","65.83","普通成交"
"2019-01-08","2019-01-08 09:30:00.000","002094.SZ","青岛金王","买入","500","5.05","2525","--","5","普通成交"
"2019-01-08","2019-01-08 09:30:00.000","300215.SZ","电科院","卖出","33400","7","233800","57386.11 / 32.53%","303.94","普通成交"
"2019-01-07","2019-01-07 09:30:00.000","601998.SH","中信银行","买入","1100","5.46","6006","--","5","普通成交"
"2019-01-07","2019-01-07 09:30:00.000","600136.SH","当代明诚","卖出","1800","8.35","15030","-1590.91 / -9.57%","20.03","普通成交"
"2019-01-07","2019-01-07 09:30:00.000","300215.SZ","电科院","卖出","1900","6.55","12445","2409.48 / 24.01%","17.45","普通成交"
"2019-01-07","2019-01-07 09:30:00.000","002094.SZ","青岛金王","买入","200","4.96","992","--","5","普通成交"
"2019-01-04","2019-01-04 09:30:00.000","601998.SH","中信银行","买入","200","5.32","1064","--","5","普通成交"
"2019-01-04","2019-01-04 09:30:00.000","600136.SH","当代明诚","买入","600","8","4800","--","5","普通成交"
"2019-01-04","2019-01-04 09:30:00.000","300215.SZ","电科院","卖出","1300","5.35","6955","88.59 / 1.29%","11.96","普通成交"
"2019-01-03","2019-01-03 09:30:00.000","601998.SH","中信银行","买入","100","5.32","532","--","5","普通成交"
"2019-01-03","2019-01-03 09:30:00.000","600136.SH","当代明诚","卖出","100","8.25","825","-101.76 / -10.98%","5.83","普通成交"
"2019-01-03","2019-01-03 09:30:00.000","300215.SZ","电科院","买入","36500","5.28","192720","--","57.82","普通成交"
"2019-01-03","2019-01-03 09:30:00.000","300132.SZ","青松股份","买入","17700","10.55","186735","--","56.02","普通成交"
"2019-01-03","2019-01-03 09:30:00.000","002094.SZ","青岛金王","买入","100","4.82","482","--","5","普通成交"
"2019-01-03","2019-01-03 09:30:00.000","002707.SZ","众信旅游","卖出","30100","6.21","186921","-4939.31 / -2.57%","243","普通成交"
"2019-01-03","2019-01-03 09:30:00.000","603238.SH","诺邦股份","卖出","10100","18.79","189779","6314.33 / 3.44%","246.71","普通成交"
"2019-01-02","2019-01-02 09:30:00.000","603238.SH","诺邦股份","卖出","100","18.86","1886","69.52 / 3.83%","6.89","普通成交"
"2019-01-02","2019-01-02 09:30:00.000","601998.SH","中信银行","买入","100","5.45","545","--","5","普通成交"
"2019-01-02","2019-01-02 09:30:00.000","601997.SH","贵阳银行","卖出","200","10.7","2140","-50.57 / -2.31%","7.14","普通成交"
"2019-01-02","2019-01-02 09:30:00.000","300215.SZ","电科院","买入","100","5.33","533","--","5","普通成交"
"2019-01-02","2019-01-02 09:30:00.000","300132.SZ","青松股份","买入","200","10.4","2080","--","5","普通成交"
"2019-01-02","2019-01-02 09:30:00.000","002094.SZ","青岛金王","买入","800","4.92","3936","--","5","普通成交"
"2018-12-28","2018-12-28 09:30:00.000","603238.SH","诺邦股份","卖出","200","18.65","3730","97.04 / 2.67%","8.73","普通成交"
"2018-12-28","2018-12-28 09:30:00.000","601998.SH","中信银行","卖出","400","5.38","2152","-64.67 / -2.92%","7.15","普通成交"
"2018-12-28","2018-12-28 09:30:00.000","601997.SH","贵阳银行","卖出","100","10.59","1059","-36.29 / -3.31%","6.06","普通成交"
"2018-12-28","2018-12-28 09:30:00.000","600136.SH","当代明诚","买入","300","8.04","2412","--","5","普通成交"
"2018-12-28","2018-12-28 09:30:00.000","002707.SZ","众信旅游","卖出","100","6.21","621","-16.41 / -2.57%","5.62","普通成交"
"2018-12-28","2018-12-28 09:30:00.000","002094.SZ","青岛金王","买入","500","4.96","2480","--","5","普通成交"
"2018-12-27","2018-12-27 09:30:00.000","603238.SH","诺邦股份","卖出","200","18.56","3712","79.04 / 2.18%","8.71","普通成交"
"2018-12-27","2018-12-27 09:30:00.000","601998.SH","中信银行","卖出","100","5.42","542","-12.17 / -2.2%","5.54","普通成交"
"2018-12-27","2018-12-27 09:30:00.000","002707.SZ","众信旅游","买入","300","6.49","1947","--","5","普通成交"
"2018-12-27","2018-12-27 09:30:00.000","002094.SZ","青岛金王","买入","100","5.15","515","--","5","普通成交"
"2018-12-26","2018-12-26 09:30:00.000","601997.SH","贵阳银行","卖出","200","10.68","2136","-54.57 / -2.49%","7.14","普通成交"
"2018-12-26","2018-12-26 09:30:00.000","600136.SH","当代明诚","买入","100","8.4","840","--","5","普通成交"
"2018-12-26","2018-12-26 09:30:00.000","002707.SZ","众信旅游","卖出","100","6.4","640","2.72 / 0.43%","5.64","普通成交"
"2018-12-25","2018-12-25 09:30:00.000","603238.SH","诺邦股份","买入","10300","18.15","186945","--","56.08","普通成交"
"2018-12-25","2018-12-25 09:30:00.000","601998.SH","中信银行","卖出","300","5.45","1635","-27.5 / -1.65%","6.64","普通成交"
"2018-12-25","2018-12-25 09:30:00.000","600136.SH","当代明诚","买入","500","8.7","4350","--","5","普通成交"
"2018-12-25","2018-12-25 09:30:00.000","002094.SZ","青岛金王","卖出","400","5.13","2052","-127.69 / -5.86%","7.05","普通成交"
"2018-12-25","2018-12-25 09:30:00.000","603630.SH","拉芳家化","卖出","14000","13.44","188160","-10598.35 / -5.33%","244.61","普通成交"
"2018-12-24","2018-12-24 09:30:00.000","603630.SH","拉芳家化","买入","100","13.5","1350","--","5","普通成交"
"2018-12-24","2018-12-24 09:30:00.000","603238.SH","诺邦股份","买入","300","18.47","5541","--","5","普通成交"
"2018-12-24","2018-12-24 09:30:00.000","600136.SH","当代明诚","卖出","500","8.99","4495","-156.02 / -3.35%","9.5","普通成交"
"2018-12-24","2018-12-24 09:30:00.000","002707.SZ","众信旅游","买入","100","6.48","648","--","5","普通成交"
"2018-12-24","2018-12-24 09:30:00.000","002094.SZ","青岛金王","卖出","500","5.12","2560","-164.62 / -6.04%","7.56","普通成交"
"2018-12-21","2018-12-21 09:30:00.000","603630.SH","拉芳家化","买入","400","13.44","5376","--","5","普通成交"
"2018-12-21","2018-12-21 09:30:00.000","601998.SH","中信银行","买入","100","5.41","541","--","5","普通成交"
"2018-12-21","2018-12-21 09:30:00.000","601997.SH","贵阳银行","卖出","100","10.73","1073","-22.29 / -2.04%","6.07","普通成交"
"2018-12-21","2018-12-21 09:30:00.000","600136.SH","当代明诚","买入","100","8.74","874","--","5","普通成交"
"2018-12-21","2018-12-21 09:30:00.000","002707.SZ","众信旅游","卖出","800","6.53","5224","126.21 / 2.48%","10.22","普通成交"
"2018-12-21","2018-12-21 09:30:00.000","002094.SZ","青岛金王","卖出","100","5.2","520","-24.92 / -4.57%","5.52","普通成交"
"2018-12-20","2018-12-20 09:30:00.000","603630.SH","拉芳家化","买入","300","13.75","4125","--","5","普通成交"
"2018-12-20","2018-12-20 09:30:00.000","601998.SH","中信银行","卖出","500","5.5","2750","-20.93 / -0.76%","7.75","普通成交"
"2018-12-20","2018-12-20 09:30:00.000","601997.SH","贵阳银行","卖出","100","10.82","1082","-13.29 / -1.21%","6.08","普通成交"
"2018-12-20","2018-12-20 09:30:00.000","600136.SH","当代明诚","买入","200","8.85","1770","--","5","普通成交"
"2018-12-20","2018-12-20 09:30:00.000","002707.SZ","众信旅游","卖出","400","6.51","2604","55.1 / 2.16%","7.6","普通成交"
"2018-12-20","2018-12-20 09:30:00.000","002094.SZ","青岛金王","买入","200","5.21","1042","--","5","普通成交"
"2018-12-19","2018-12-19 09:30:00.000","601998.SH","中信银行","买入","200","5.54","1108","--","5","普通成交"
"2018-12-19","2018-12-19 09:30:00.000","601997.SH","贵阳银行","买入","100","10.88","1088","--","5","普通成交"
"2018-12-19","2018-12-19 09:30:00.000","002707.SZ","众信旅游","卖出","500","6.46","3230","43.88 / 1.38%","8.23","普通成交"
"2018-12-19","2018-12-19 09:30:00.000","002094.SZ","青岛金王","买入","500","5.34","2670","--","5","普通成交"
"2018-12-18","2018-12-18 09:30:00.000","603630.SH","拉芳家化","卖出","200","14.79","2958","111.15 / 3.9%","7.96","普通成交"
"2018-12-18","2018-12-18 09:30:00.000","601998.SH","中信银行","买入","100","5.53","553","--","5","普通成交"
"2018-12-18","2018-12-18 09:30:00.000","601997.SH","贵阳银行","买入","100","10.86","1086","--","5","普通成交"
"2018-12-18","2018-12-18 09:30:00.000","600136.SH","当代明诚","买入","500","9.12","4560","--","5","普通成交"
"2018-12-18","2018-12-18 09:30:00.000","002707.SZ","众信旅游","买入","300","6.39","1917","--","5","普通成交"
"2018-12-18","2018-12-18 09:30:00.000","002094.SZ","青岛金王","买入","600","5.45","3270","--","5","普通成交"
"2018-12-17","2018-12-17 09:30:00.000","603630.SH","拉芳家化","买入","13400","14.23","190682","--","57.2","普通成交"
"2018-12-17","2018-12-17 09:30:00.000","601998.SH","中信银行","买入","40700","5.54","225478","--","67.64","普通成交"
"2018-12-17","2018-12-17 09:30:00.000","601997.SH","贵阳银行","买入","15300","10.95","167535","--","50.26","普通成交"
"2018-12-17","2018-12-17 09:30:00.000","600136.SH","当代明诚","买入","20700","9.31","192717","--","57.82","普通成交"
"2018-12-17","2018-12-17 09:30:00.000","002707.SZ","众信旅游","买入","31300","6.37","199381","--","59.81","普通成交"
"2018-12-17","2018-12-17 09:30:00.000","002094.SZ","青岛金王","买入","36200","5.45","197290","--","59.19","普通成交"
"2018-11-13","2018-11-13 09:30:00.000","002094.SZ","青岛金王","卖出","24300","5.33","129519","11293.04 / 9.55%","168.37","普通成交"
"2018-11-13","2018-11-13 09:30:00.000","002876.SZ","三利谱","卖出","5800","30.4","176320","15298.12 / 9.5%","229.22","普通成交"
"2018-11-13","2018-11-13 09:30:00.000","000615.SZ","京汉股份","卖出","48000","5.39","258720","8108.12 / 3.24%","336.34","普通成交"
"2018-11-13","2018-11-13 09:30:00.000","300187.SZ","永清环保","卖出","26000","5.93","154180","22866.68 / 17.41%","200.43","普通成交"
"2018-11-13","2018-11-13 09:30:00.000","002887.SZ","绿茵生态","卖出","15100","16.55","249905","2274.12 / 0.92%","324.88","普通成交"
"2018-11-12","2018-11-12 09:30:00.000","603626.SH","科森科技","卖出","24800","8.6","213280","2739.22 / 1.3%","277.26","普通成交"
"2018-11-12","2018-11-12 09:30:00.000","002094.SZ","青岛金王","卖出","800","5.24","4192","299.79 / 7.7%","9.19","普通成交"
"2018-11-12","2018-11-12 09:30:00.000","000615.SZ","京汉股份","买入","100","5.32","532","--","5","普通成交"
"2018-11-09","2018-11-09 09:30:00.000","002094.SZ","青岛金王","卖出","100","5.09","509","22.47 / 4.62%","5.51","普通成交"
"2018-11-09","2018-11-09 09:30:00.000","000615.SZ","京汉股份","买入","400","5.34","2136","--","5","普通成交"
"2018-11-08","2018-11-08 09:30:00.000","603626.SH","科森科技","卖出","300","8.78","2634","87.14 / 3.42%","7.63","普通成交"
"2018-11-08","2018-11-08 09:30:00.000","000615.SZ","京汉股份","买入","100","5.41","541","--","5","普通成交"
"2018-11-07","2018-11-07 09:30:00.000","603626.SH","科森科技","买入","200","8.64","1728","--","5","普通成交"
"2018-11-07","2018-11-07 09:30:00.000","300187.SZ","永清环保","买入","500","5.37","2685","--","5","普通成交"
"2018-11-07","2018-11-07 09:30:00.000","002887.SZ","绿茵生态","买入","300","16.32","4896","--","5","普通成交"
"2018-11-07","2018-11-07 09:30:00.000","002876.SZ","三利谱","卖出","200","31","6200","647.52 / 11.66%","11.2","普通成交"
"2018-11-07","2018-11-07 09:30:00.000","002094.SZ","青岛金王","买入","300","5.12","1536","--","5","普通成交"
"2018-11-07","2018-11-07 09:30:00.000","000615.SZ","京汉股份","买入","100","5.43","543","--","5","普通成交"
"2018-11-06","2018-11-06 09:30:00.000","603626.SH","科森科技","卖出","100","8.7","870","21.19 / 2.5%","5.87","普通成交"
"2018-11-06","2018-11-06 09:30:00.000","300187.SZ","永清环保","卖出","900","5.46","4914","374.35 / 8.25%","9.91","普通成交"
"2018-11-06","2018-11-06 09:30:00.000","002887.SZ","绿茵生态","买入","14000","16.4","229600","--","68.88","普通成交"
"2018-11-06","2018-11-06 09:30:00.000","000615.SZ","京汉股份","买入","500","5.48","2740","--","5","普通成交"
"2018-11-06","2018-11-06 09:30:00.000","002034.SZ","旺能环境","卖出","13500","12.4","167400","38115.76 / 29.48%","217.62","普通成交"
"2018-11-05","2018-11-05 09:30:00.000","603626.SH","科森科技","买入","1000","8.64","8640","--","5","普通成交"
"2018-11-05","2018-11-05 09:30:00.000","300187.SZ","永清环保","卖出","13900","5.26","73114","3001.68 / 4.28%","95.05","普通成交"
"2018-11-05","2018-11-05 09:30:00.000","002887.SZ","绿茵生态","买入","800","16.32","13056","--","5","普通成交"
"2018-11-05","2018-11-05 09:30:00.000","002876.SZ","三利谱","卖出","200","28.66","5732","179.52 / 3.23%","10.73","普通成交"
"2018-11-05","2018-11-05 09:30:00.000","002094.SZ","青岛金王","卖出","1500","5.29","7935","642.01 / 8.8%","12.94","普通成交"
"2018-11-05","2018-11-05 09:30:00.000","000615.SZ","京汉股份","买入","300","5.4","1620","--","5","普通成交"
"2018-11-02","2018-11-02 09:30:00.000","603626.SH","科森科技","卖出","200","8.42","1684","-12.32 / -0.73%","6.68","普通成交"
"2018-11-02","2018-11-02 09:30:00.000","300187.SZ","永清环保","买入","300","5.35","1605","--","5","普通成交"
"2018-11-02","2018-11-02 09:30:00.000","002094.SZ","青岛金王","买入","100","4.76","476","--","5","普通成交"
"2018-11-02","2018-11-02 09:30:00.000","002034.SZ","旺能环境","卖出","100","12.33","1233","275.34 / 28.75%","6.23","普通成交"
"2018-11-02","2018-11-02 09:30:00.000","000615.SZ","京汉股份","买入","900","5.41","4869","--","5","普通成交"
"2018-11-01","2018-11-01 09:30:00.000","603626.SH","科森科技","卖出","200","8.32","1664","-32.32 / -1.91%","6.66","普通成交"
"2018-11-01","2018-11-01 09:30:00.000","300187.SZ","永清环保","卖出","100","5.28","528","23.84 / 4.73%","5.53","普通成交"
"2018-11-01","2018-11-01 09:30:00.000","002876.SZ","三利谱","卖出","100","28.37","2837","60.76 / 2.19%","7.84","普通成交"
"2018-11-01","2018-11-01 09:30:00.000","002094.SZ","青岛金王","卖出","200","4.75","950","-22.44 / -2.31%","5.95","普通成交"
"2018-11-01","2018-11-01 09:30:00.000","000615.SZ","京汉股份","买入","200","5.36","1072","--","5","普通成交"
"2018-10-31","2018-10-31 09:30:00.000","300187.SZ","永清环保","卖出","200","5.13","1026","17.67 / 1.75%","6.03","普通成交"
"2018-10-30","2018-10-30 09:30:00.000","603626.SH","科森科技","买入","1000","7.93","7930","--","5","普通成交"
"2018-10-30","2018-10-30 09:30:00.000","002876.SZ","三利谱","卖出","300","26.67","8001","-327.72 / -3.93%","13","普通成交"
"2018-10-30","2018-10-30 09:30:00.000","002094.SZ","青岛金王","买入","1700","4.55","7735","--","5","普通成交"
"2018-10-30","2018-10-30 09:30:00.000","002034.SZ","旺能环境","卖出","200","11.97","2394","478.68 / 24.99%","7.39","普通成交"
"2018-10-30","2018-10-30 09:30:00.000","000615.SZ","京汉股份","卖出","900","5.41","4869","180.3 / 3.85%","9.87","普通成交"
"2018-10-29","2018-10-29 09:30:00.000","300187.SZ","永清环保","买入","1800","5.18","9324","--","5","普通成交"
"2018-10-29","2018-10-29 09:30:00.000","002876.SZ","三利谱","卖出","200","26.33","5266","-286.48 / -5.16%","10.27","普通成交"
"2018-10-29","2018-10-29 09:30:00.000","002034.SZ","旺能环境","买入","400","11.7","4680","--","5","普通成交"
"2018-10-29","2018-10-29 09:30:00.000","000615.SZ","京汉股份","卖出","1600","5.29","8464","128.53 / 1.54%","13.46","普通成交"
"2018-10-26","2018-10-26 09:30:00.000","603626.SH","科森科技","买入","600","8.44","5064","--","5","普通成交"
"2018-10-26","2018-10-26 09:30:00.000","300187.SZ","永清环保","买入","1000","5.2","5200","--","5","普通成交"
"2018-10-26","2018-10-26 09:30:00.000","002876.SZ","三利谱","买入","300","25.71","7713","--","5","普通成交"
"2018-10-26","2018-10-26 09:30:00.000","002094.SZ","青岛金王","买入","400","4.93","1972","--","5","普通成交"
"2018-10-26","2018-10-26 09:30:00.000","002034.SZ","旺能环境","卖出","1400","13.73","19222","5904.01 / 44.33%","24.99","普通成交"
"2018-10-25","2018-10-25 09:30:00.000","603626.SH","科森科技","买入","100","8.1","810","--","5","普通成交"
"2018-10-25","2018-10-25 09:30:00.000","300187.SZ","永清环保","买入","1000","4.91","4910","--","5","普通成交"
"2018-10-25","2018-10-25 09:30:00.000","002876.SZ","三利谱","买入","400","26.5","10600","--","5","普通成交"
"2018-10-25","2018-10-25 09:30:00.000","002094.SZ","青岛金王","买入","200","4.81","962","--","5","普通成交"
"2018-10-25","2018-10-25 09:30:00.000","002034.SZ","旺能环境","卖出","1400","12","16800","3482.01 / 26.15%","21.84","普通成交"
"2018-10-25","2018-10-25 09:30:00.000","000615.SZ","京汉股份","买入","800","5.1","4080","--","5","普通成交"
"2018-10-24","2018-10-24 09:30:00.000","603626.SH","科森科技","买入","500","8.62","4310","--","5","普通成交"
"2018-10-24","2018-10-24 09:30:00.000","300187.SZ","永清环保","买入","200","5.4","1080","--","5","普通成交"
"2018-10-24","2018-10-24 09:30:00.000","002876.SZ","三利谱","买入","100","28.26","2826","--","5","普通成交"
"2018-10-24","2018-10-24 09:30:00.000","002094.SZ","青岛金王","买入","200","5.02","1004","--","5","普通成交"
"2018-10-24","2018-10-24 09:30:00.000","002034.SZ","旺能环境","卖出","1400","10.99","15386","2068.01 / 15.53%","20.39","普通成交"
"2018-10-24","2018-10-24 09:30:00.000","000615.SZ","京汉股份","买入","1000","5.2","5200","--","5","普通成交"
"2018-10-23","2018-10-23 09:30:00.000","603626.SH","科森科技","买入","200","8.78","1756","--","5","普通成交"
"2018-10-23","2018-10-23 09:30:00.000","300187.SZ","永清环保","卖出","1200","5.34","6408","370.19 / 6.13%","11.41","普通成交"
"2018-10-23","2018-10-23 09:30:00.000","002094.SZ","青岛金王","卖出","100","5.09","509","20.85 / 4.27%","5.51","普通成交"
"2018-10-22","2018-10-22 09:30:00.000","603626.SH","科森科技","买入","22000","8.5","187000","--","56.1","普通成交"
"2018-10-22","2018-10-22 09:30:00.000","300187.SZ","永清环保","买入","37500","5.03","188625","--","56.59","普通成交"
"2018-10-22","2018-10-22 09:30:00.000","002876.SZ","三利谱","买入","6000","27.93","167580","--","50.27","普通成交"
"2018-10-22","2018-10-22 09:30:00.000","002094.SZ","青岛金王","买入","24100","4.88","117608","--","35.28","普通成交"
"2018-10-22","2018-10-22 09:30:00.000","002034.SZ","旺能环境","买入","17600","9.51","167376","--","50.21","普通成交"
"2018-10-22","2018-10-22 09:30:00.000","000615.SZ","京汉股份","买入","46100","5.21","240181","--","72.05","普通成交"
"2018-10-16","2018-10-16 09:30:00.000","002778.SZ","高科石化","卖出","8100","15.42","124902","-12096.74 / -8.83%","162.37","普通成交"
"2018-10-16","2018-10-16 09:30:00.000","002840.SZ","华统股份","卖出","11000","12.59","138490","-25789.82 / -15.7%","180.04","普通成交"
"2018-10-16","2018-10-16 09:30:00.000","002221.SZ","东华能源","卖出","26300","8.99","236437","12597.96 / 5.63%","307.37","普通成交"
"2018-10-16","2018-10-16 09:30:00.000","300089.SZ","文化长城","卖出","33400","5.42","181028","-3082.01 / -1.67%","235.34","普通成交"
"2018-10-16","2018-10-16 09:30:00.000","002726.SZ","龙大肉食","卖出","32900","6.79","223391","-5306.19 / -2.32%","290.41","普通成交"
"2018-10-16","2018-10-16 09:30:00.000","603377.SH","东方时尚","卖出","14300","11.46","163878","-21345.88 / -11.52%","213.04","普通成交"
"2018-10-15","2018-10-15 09:30:00.000","300089.SZ","文化长城","买入","300","5.78","1734","--","5","普通成交"
"2018-10-15","2018-10-15 09:30:00.000","002840.SZ","华统股份","买入","300","12.85","3855","--","5","普通成交"
"2018-10-15","2018-10-15 09:30:00.000","002778.SZ","高科石化","买入","300","15.59","4677","--","5","普通成交"
"2018-10-15","2018-10-15 09:30:00.000","002726.SZ","龙大肉食","卖出","100","6.78","678","-17.13 / -2.46%","5.68","普通成交"
"2018-10-15","2018-10-15 09:30:00.000","002221.SZ","东华能源","卖出","1000","8.95","8950","439.01 / 5.16%","13.95","普通成交"
"2018-10-12","2018-10-12 09:30:00.000","603377.SH","东方时尚","买入","100","11.95","1195","--","5","普通成交"
"2018-10-12","2018-10-12 09:30:00.000","002840.SZ","华统股份","买入","100","12.67","1267","--","5","普通成交"
"2018-10-12","2018-10-12 09:30:00.000","002778.SZ","高科石化","买入","300","15.79","4737","--","5","普通成交"
"2018-10-12","2018-10-12 09:30:00.000","002726.SZ","龙大肉食","卖出","700","6.73","4711","-154.9 / -3.18%","9.71","普通成交"
"2018-10-12","2018-10-12 09:30:00.000","002221.SZ","东华能源","卖出","500","8.55","4275","19.51 / 0.46%","9.28","普通成交"
"2018-10-11","2018-10-11 09:30:00.000","300089.SZ","文化长城","买入","700","5.81","4067","--","5","普通成交"
"2018-10-11","2018-10-11 09:30:00.000","002840.SZ","华统股份","买入","200","13.32","2664","--","5","普通成交"
"2018-10-11","2018-10-11 09:30:00.000","002778.SZ","高科石化","买入","100","17.32","1732","--","5","普通成交"
"2018-10-11","2018-10-11 09:30:00.000","002726.SZ","龙大肉食","买入","400","6.85","2740","--","5","普通成交"
"2018-10-11","2018-10-11 09:30:00.000","002221.SZ","东华能源","卖出","500","8.8","4400","144.51 / 3.4%","9.4","普通成交"
"2018-10-10","2018-10-10 09:30:00.000","603377.SH","东方时尚","买入","600","12.85","7710","--","5","普通成交"
"2018-10-10","2018-10-10 09:30:00.000","300089.SZ","文化长城","卖出","2300","6.31","14513","1855.97 / 14.66%","19.51","普通成交"
"2018-10-10","2018-10-10 09:30:00.000","002840.SZ","华统股份","买入","200","13.54","2708","--","5","普通成交"
"2018-10-10","2018-10-10 09:30:00.000","002778.SZ","高科石化","卖出","200","18","3600","198.98 / 5.85%","8.6","普通成交"
"2018-10-10","2018-10-10 09:30:00.000","002726.SZ","龙大肉食","买入","100","6.99","699","--","5","普通成交"
"2018-10-10","2018-10-10 09:30:00.000","002221.SZ","东华能源","买入","200","8.9","1780","--","5","普通成交"
"2018-10-09","2018-10-09 09:30:00.000","603377.SH","东方时尚","买入","13600","12.96","176256","--","52.88","普通成交"
"2018-10-09","2018-10-09 09:30:00.000","300089.SZ","文化长城","买入","1400","5.89","8246","--","5","普通成交"
"2018-10-09","2018-10-09 09:30:00.000","002840.SZ","华统股份","买入","2100","14.19","29799","--","8.94","普通成交"
"2018-10-09","2018-10-09 09:30:00.000","002778.SZ","高科石化","买入","7600","17","129200","--","38.76","普通成交"
"2018-10-09","2018-10-09 09:30:00.000","002726.SZ","龙大肉食","买入","33200","6.95","230740","--","69.22","普通成交"
"2018-10-09","2018-10-09 09:30:00.000","002221.SZ","东华能源","买入","2100","8.68","18228","--","5.47","普通成交"
"2018-10-09","2018-10-09 09:30:00.000","603727.SH","博迈科","卖出","10300","14.55","149865","-44.48 / -0.03%","194.82","普通成交"
"2018-10-09","2018-10-09 09:30:00.000","000428.SZ","华天酒店","卖出","70100","2.8","196280","-9227.39 / -4.49%","255.16","普通成交"
"2018-10-09","2018-10-09 09:30:00.000","000716.SZ","黑芝麻","卖出","79200","3.15","249480","-12750.64 / -4.86%","324.32","普通成交"
"2018-10-08","2018-10-08 09:30:00.000","000716.SZ","黑芝麻","卖出","100","3.22","322","-9.1 / -2.75%","5.32","普通成交"
"2018-09-28","2018-09-28 09:30:00.000","300089.SZ","文化长城","买入","900","5.18","4662","--","5","普通成交"
"2018-09-28","2018-09-28 09:30:00.000","002840.SZ","华统股份","卖出","100","14.63","1463","-67.34 / -4.4%","6.46","普通成交"
"2018-09-28","2018-09-28 09:30:00.000","002221.SZ","东华能源","卖出","200","8.77","1754","55.21 / 3.25%","6.75","普通成交"
"2018-09-28","2018-09-28 09:30:00.000","000716.SZ","黑芝麻","卖出","500","3.25","1625","-30.5 / -1.84%","6.63","普通成交"
"2018-09-28","2018-09-28 09:30:00.000","000428.SZ","华天酒店","买入","400","2.91","1164","--","5","普通成交"
"2018-09-27","2018-09-27 09:30:00.000","300089.SZ","文化长城","买入","100","5.42","542","--","5","普通成交"
"2018-09-27","2018-09-27 09:30:00.000","002840.SZ","华统股份","买入","100","14.6","1460","--","5","普通成交"
"2018-09-27","2018-09-27 09:30:00.000","002221.SZ","东华能源","卖出","100","8.85","885","35.61 / 4.19%","5.89","普通成交"
"2018-09-27","2018-09-27 09:30:00.000","000428.SZ","华天酒店","买入","900","2.96","2664","--","5","普通成交"
"2018-09-26","2018-09-26 09:30:00.000","603727.SH","博迈科","卖出","100","14.74","1474","18.57 / 1.28%","6.47","普通成交"
"2018-09-26","2018-09-26 09:30:00.000","300089.SZ","文化长城","买入","1200","5.47","6564","--","5","普通成交"
"2018-09-26","2018-09-26 09:30:00.000","002840.SZ","华统股份","卖出","200","14.92","2984","-78.3 / -2.56%","7.98","普通成交"
"2018-09-26","2018-09-26 09:30:00.000","002221.SZ","东华能源","买入","100","8.81","881","--","5","普通成交"
"2018-09-26","2018-09-26 09:30:00.000","000716.SZ","黑芝麻","买入","79800","3.31","264138","--","79.24","普通成交"
"2018-09-26","2018-09-26 09:30:00.000","000428.SZ","华天酒店","买入","68700","2.93","201291","--","60.39","普通成交"
"2018-09-26","2018-09-26 09:30:00.000","603779.SH","威龙股份","卖出","18800","13.88","260944","-4421.25 / -1.67%","339.23","普通成交"
"2018-09-26","2018-09-26 09:30:00.000","002659.SZ","凯文教育","卖出","19400","10.02","194388","-3837.73 / -1.94%","252.7","普通成交"
"2018-09-25","2018-09-25 09:30:00.000","603727.SH","博迈科","买入","100","14.85","1485","--","5","普通成交"
"2018-09-25","2018-09-25 09:30:00.000","300089.SZ","文化长城","卖出","3300","5.64","18612","475.58 / 2.62%","24.2","普通成交"
"2018-09-25","2018-09-25 09:30:00.000","002840.SZ","华统股份","卖出","100","14.55","1455","-76.15 / -4.97%","6.46","普通成交"
"2018-09-25","2018-09-25 09:30:00.000","000428.SZ","华天酒店","买入","100","3.13","313","--","5","普通成交"
"2018-09-21","2018-09-21 09:30:00.000","603779.SH","威龙股份","买入","100","13.81","1381","--","5","普通成交"
"2018-09-21","2018-09-21 09:30:00.000","603727.SH","博迈科","买入","100","14.76","1476","--","5","普通成交"
"2018-09-21","2018-09-21 09:30:00.000","300089.SZ","文化长城","卖出","100","5.63","563","13.41 / 2.44%","5.56","普通成交"
"2018-09-21","2018-09-21 09:30:00.000","002659.SZ","凯文教育","卖出","100","10","1000","-21.78 / -2.13%","6","普通成交"
"2018-09-21","2018-09-21 09:30:00.000","002221.SZ","东华能源","卖出","100","8.84","884","34.75 / 4.09%","5.88","普通成交"
"2018-09-20","2018-09-20 09:30:00.000","603779.SH","威龙股份","买入","300","13.91","4173","--","5","普通成交"
"2018-09-20","2018-09-20 09:30:00.000","603727.SH","博迈科","卖出","100","15.05","1505","50.16 / 3.45%","6.51","普通成交"
"2018-09-20","2018-09-20 09:30:00.000","300089.SZ","文化长城","卖出","300","5.6","1680","31.23 / 1.89%","6.68","普通成交"
"2018-09-20","2018-09-20 09:30:00.000","002659.SZ","凯文教育","买入","100","9.98","998","--","5","普通成交"
"2018-09-20","2018-09-20 09:30:00.000","002221.SZ","东华能源","卖出","200","8.89","1778","79.49 / 4.68%","6.78","普通成交"
"2018-09-19","2018-09-19 09:30:00.000","603779.SH","威龙股份","买入","400","13.9","5560","--","5","普通成交"
"2018-09-19","2018-09-19 09:30:00.000","603727.SH","博迈科","买入","100","14.87","1487","--","5","普通成交"
"2018-09-19","2018-09-19 09:30:00.000","300089.SZ","文化长城","卖出","600","5.51","3306","8.47 / 0.26%","8.31","普通成交"
"2018-09-19","2018-09-19 09:30:00.000","002840.SZ","华统股份","卖出","100","14.8","1480","-51.15 / -3.34%","6.48","普通成交"
"2018-09-19","2018-09-19 09:30:00.000","002221.SZ","东华能源","卖出","300","8.73","2619","71.24 / 2.8%","7.62","普通成交"
"2018-09-18","2018-09-18 09:30:00.000","603779.SH","威龙股份","买入","18000","14.12","254160","--","76.25","普通成交"
"2018-09-18","2018-09-18 09:30:00.000","603727.SH","博迈科","买入","500","14.85","7425","--","5","普通成交"
"2018-09-18","2018-09-18 09:30:00.000","300089.SZ","文化长城","买入","28200","5.48","154536","--","46.36","普通成交"
"2018-09-18","2018-09-18 09:30:00.000","002840.SZ","华统股份","卖出","200","14.5","2900","-162.3 / -5.3%","7.9","普通成交"
"2018-09-18","2018-09-18 09:30:00.000","002726.SZ","龙大肉食","卖出","35600","6.68","237808","-9289.45 / -3.76%","309.15","普通成交"
"2018-09-18","2018-09-18 09:30:00.000","603377.SH","东方时尚","卖出","13900","12.7","176530","-12912.54 / -6.82%","229.49","普通成交"
"2018-09-17","2018-09-17 09:30:00.000","300089.SZ","文化长城","买入","7200","5.55","39960","--","11.99","普通成交"
"2018-09-17","2018-09-17 09:30:00.000","002840.SZ","华统股份","卖出","1400","14.3","20020","-1416.11 / -6.61%","26.03","普通成交"
"2018-09-17","2018-09-17 09:30:00.000","002726.SZ","龙大肉食","买入","100","6.79","679","--","5","普通成交"
"2018-09-17","2018-09-17 09:30:00.000","002659.SZ","凯文教育","卖出","900","10","9000","-196.91 / -2.14%","14","普通成交"
"2018-09-17","2018-09-17 09:30:00.000","002221.SZ","东华能源","卖出","900","8.71","7839","195.71 / 2.56%","12.84","普通成交"
"2018-09-14","2018-09-14 09:30:00.000","603727.SH","博迈科","卖出","200","14.77","2954","48.29 / 1.66%","7.95","普通成交"
"2018-09-14","2018-09-14 09:30:00.000","603377.SH","东方时尚","卖出","100","13.28","1328","-34.9 / -2.56%","6.33","普通成交"
"2018-09-14","2018-09-14 09:30:00.000","002726.SZ","龙大肉食","买入","200","6.87","1374","--","5","普通成交"
"2018-09-14","2018-09-14 09:30:00.000","002659.SZ","凯文教育","买入","200","9.97","1994","--","5","普通成交"
"2018-09-14","2018-09-14 09:30:00.000","002221.SZ","东华能源","卖出","300","8.8","2640","92.24 / 3.62%","7.64","普通成交"
"2018-09-13","2018-09-13 09:30:00.000","603377.SH","东方时尚","买入","200","13.25","2650","--","5","普通成交"
"2018-09-13","2018-09-13 09:30:00.000","002840.SZ","华统股份","买入","400","14.17","5668","--","5","普通成交"
"2018-09-13","2018-09-13 09:30:00.000","002726.SZ","龙大肉食","买入","400","6.86","2744","--","5","普通成交"
"2018-09-13","2018-09-13 09:30:00.000","002659.SZ","凯文教育","卖出","200","10.01","2002","-42.2 / -2.06%","7","普通成交"
"2018-09-13","2018-09-13 09:30:00.000","002221.SZ","东华能源","卖出","800","8.6","6880","85.96 / 1.27%","11.88","普通成交"
"2018-09-12","2018-09-12 09:30:00.000","603727.SH","博迈科","卖出","100","14.6","1460","7.15 / 0.49%","6.46","普通成交"
"2018-09-12","2018-09-12 09:30:00.000","603377.SH","东方时尚","卖出","100","13.47","1347","-16.41 / -1.2%","6.35","普通成交"
"2018-09-12","2018-09-12 09:30:00.000","002726.SZ","龙大肉食","买入","100","6.96","696","--","5","普通成交"
"2018-09-12","2018-09-12 09:30:00.000","002659.SZ","凯文教育","买入","200","9.99","1998","--","5","普通成交"
"2018-09-12","2018-09-12 09:30:00.000","002221.SZ","东华能源","卖出","200","8.44","1688","-10.51 / -0.62%","6.69","普通成交"
"2018-09-11","2018-09-11 09:30:00.000","603727.SH","博迈科","买入","300","14","4200","--","5","普通成交"
"2018-09-11","2018-09-11 09:30:00.000","002840.SZ","华统股份","买入","100","14.68","1468","--","5","普通成交"
"2018-09-11","2018-09-11 09:30:00.000","002726.SZ","龙大肉食","卖出","700","6.99","4893","33.54 / 0.69%","9.89","普通成交"
"2018-09-10","2018-09-10 09:30:00.000","603727.SH","博迈科","买入","9700","14.54","141038","--","42.31","普通成交"
"2018-09-10","2018-09-10 09:30:00.000","603377.SH","东方时尚","买入","13900","13.63","189457","--","56.84","普通成交"
"2018-09-10","2018-09-10 09:30:00.000","002840.SZ","华统股份","买入","9600","15.36","147456","--","44.24","普通成交"
"2018-09-10","2018-09-10 09:30:00.000","002726.SZ","龙大肉食","买入","35500","6.94","246370","--","73.91","普通成交"
"2018-09-10","2018-09-10 09:30:00.000","002659.SZ","凯文教育","买入","20100","10.22","205422","--","61.63","普通成交"
"2018-09-10","2018-09-10 09:30:00.000","002221.SZ","东华能源","买入","29000","8.49","246210","--","73.86","普通成交"
"2018-07-17","2018-07-17 09:30:00.000","600543.SH","莫高股份","卖出","20200","7.61","153722","-5577.68 / -3.5%","199.84","普通成交"
"2018-07-17","2018-07-17 09:30:00.000","600706.SH","曲江文旅","卖出","21000","11.19","234990","2311.95 / 0.99%","305.49","普通成交"
"2018-07-17","2018-07-17 09:30:00.000","300215.SZ","电科院","卖出","27500","5.78","158950","-1319.05 / -0.82%","206.64","普通成交"
"2018-07-17","2018-07-17 09:30:00.000","300381.SZ","溢多利","卖出","17300","8.24","142552","4802.69 / 3.49%","185.32","普通成交"
"2018-07-17","2018-07-17 09:30:00.000","002329.SZ","皇氏集团","卖出","56700","4.12","233604","-2841.58 / -1.2%","303.69","普通成交"
"2018-07-16","2018-07-16 09:30:00.000","300381.SZ","溢多利","卖出","100","8.01","801","4.76 / 0.6%","5.8","普通成交"
"2018-07-16","2018-07-16 09:30:00.000","300215.SZ","电科院","买入","100","5.8","580","--","5","普通成交"
"2018-07-16","2018-07-16 09:30:00.000","002329.SZ","皇氏集团","卖出","800","4.17","3336","-0.09 / -0.0%","8.34","普通成交"
"2018-07-13","2018-07-13 09:30:00.000","600706.SH","曲江文旅","卖出","200","11.11","2222","6.02 / 0.27%","7.22","普通成交"
"2018-07-13","2018-07-13 09:30:00.000","002329.SZ","皇氏集团","买入","100","4.13","413","--","5","普通成交"
"2018-07-12","2018-07-12 09:30:00.000","600706.SH","曲江文旅","买入","200","10.66","2132","--","5","普通成交"
"2018-07-12","2018-07-12 09:30:00.000","600543.SH","莫高股份","买入","200","7.45","1490","--","5","普通成交"
"2018-07-12","2018-07-12 09:30:00.000","300215.SZ","电科院","买入","500","5.61","2805","--","5","普通成交"
"2018-07-11","2018-07-11 09:30:00.000","600706.SH","曲江文旅","买入","100","11","1100","--","5","普通成交"
"2018-07-11","2018-07-11 09:30:00.000","600543.SH","莫高股份","卖出","100","7.7","770","-19.02 / -2.41%","5.77","普通成交"
"2018-07-11","2018-07-11 09:30:00.000","002329.SZ","皇氏集团","卖出","100","4.15","415","-2.01 / -0.48%","5.42","普通成交"
"2018-07-10","2018-07-10 09:30:00.000","600706.SH","曲江文旅","卖出","100","11.23","1123","14.62 / 1.32%","6.12","普通成交"
"2018-07-10","2018-07-10 09:30:00.000","600543.SH","莫高股份","买入","100","7.67","767","--","5","普通成交"
"2018-07-10","2018-07-10 09:30:00.000","300381.SZ","溢多利","买入","17400","7.96","138504","--","41.55","普通成交"
"2018-07-10","2018-07-10 09:30:00.000","002329.SZ","皇氏集团","买入","56500","4.17","235605","--","70.68","普通成交"
"2018-07-10","2018-07-10 09:30:00.000","000716.SZ","黑芝麻","卖出","61000","3.44","209840","-7855.4 / -3.61%","272.79","普通成交"
"2018-07-10","2018-07-10 09:30:00.000","603222.SH","济民制药","卖出","17100","9.28","158688","6751.38 / 4.44%","206.29","普通成交"
"2018-07-10","2018-07-10 09:30:00.000","300396.SZ","迪瑞医疗","卖出","12900","18.42","237618","2767.56 / 1.18%","308.9","普通成交"
"2018-07-09","2018-07-09 09:30:00.000","600706.SH","曲江文旅","卖出","100","11.03","1103","-5.38 / -0.49%","6.1","普通成交"
"2018-07-09","2018-07-09 09:30:00.000","600543.SH","莫高股份","卖出","3200","7.55","24160","-1091.47 / -4.32%","31.41","普通成交"
"2018-07-09","2018-07-09 09:30:00.000","002329.SZ","皇氏集团","买入","1000","4.1","4100","--","5","普通成交"
"2018-07-09","2018-07-09 09:30:00.000","000716.SZ","黑芝麻","买入","200","3.42","684","--","5","普通成交"
"2018-07-06","2018-07-06 09:30:00.000","603222.SH","济民制药","卖出","500","9.14","4570","127.41 / 2.87%","9.57","普通成交"
"2018-07-06","2018-07-06 09:30:00.000","000716.SZ","黑芝麻","买入","1000","3.43","3430","--","5","普通成交"
"2018-07-05","2018-07-05 09:30:00.000","603222.SH","济民制药","买入","100","9.14","914","--","5","普通成交"
"2018-07-05","2018-07-05 09:30:00.000","600706.SH","曲江文旅","买入","100","11.14","1114","--","5","普通成交"
"2018-07-05","2018-07-05 09:30:00.000","600543.SH","莫高股份","卖出","400","7.9","3160","3.57 / 0.11%","8.16","普通成交"
"2018-07-05","2018-07-05 09:30:00.000","300215.SZ","电科院","卖出","400","5.96","2384","51.3 / 2.2%","7.38","普通成交"
"2018-07-05","2018-07-05 09:30:00.000","000716.SZ","黑芝麻","买入","100","3.54","354","--","5","普通成交"
"2018-07-04","2018-07-04 09:30:00.000","000716.SZ","黑芝麻","买入","500","3.6","1800","--","5","普通成交"
"2018-07-03","2018-07-03 09:30:00.000","603222.SH","济民制药","买入","100","9.08","908","--","5","普通成交"
"2018-07-03","2018-07-03 09:30:00.000","600706.SH","曲江文旅","买入","21000","11.08","232680","--","69.8","普通成交"
"2018-07-03","2018-07-03 09:30:00.000","600543.SH","莫高股份","买入","700","7.7","5390","--","5","普通成交"
"2018-07-03","2018-07-03 09:30:00.000","300215.SZ","电科院","买入","27300","5.83","159159","--","47.75","普通成交"
"2018-07-03","2018-07-03 09:30:00.000","000716.SZ","黑芝麻","买入","59200","3.57","211344","--","63.4","普通成交"
"2018-07-03","2018-07-03 09:30:00.000","002726.SZ","龙大肉食","卖出","31600","6.92","218672","-23386.92 / -9.66%","284.27","普通成交"
"2018-07-03","2018-07-03 09:30:00.000","000428.SZ","华天酒店","卖出","80800","2.8","226240","4768.67 / 2.15%","294.11","普通成交"
"2018-07-03","2018-07-03 09:30:00.000","000610.SZ","西安旅游","卖出","28700","5.85","167895","2820.49 / 1.71%","218.26","普通成交"
"2018-07-02","2018-07-02 09:30:00.000","600543.SH","莫高股份","买入","500","7.72","3860","--","5","普通成交"
"2018-07-02","2018-07-02 09:30:00.000","300396.SZ","迪瑞医疗","卖出","200","18.5","3700","58.91 / 1.62%","8.7","普通成交"
"2018-07-02","2018-07-02 09:30:00.000","000428.SZ","华天酒店","买入","100","2.82","282","--","5","普通成交"
"2018-06-29","2018-06-29 09:30:00.000","600543.SH","莫高股份","买入","100","7.51","751","--","5","普通成交"
"2018-06-29","2018-06-29 09:30:00.000","002726.SZ","龙大肉食","买入","600","6.95","4170","--","5","普通成交"
"2018-06-29","2018-06-29 09:30:00.000","000428.SZ","华天酒店","卖出","900","2.75","2475","8.26 / 0.33%","7.48","普通成交"
"2018-06-28","2018-06-28 09:30:00.000","603222.SH","济民制药","卖出","300","9.01","2703","38.39 / 1.44%","7.7","普通成交"
"2018-06-28","2018-06-28 09:30:00.000","002726.SZ","龙大肉食","买入","900","7.08","6372","--","5","普通成交"
"2018-06-28","2018-06-28 09:30:00.000","000610.SZ","西安旅游","卖出","300","5.84","1752","26.48 / 1.53%","6.75","普通成交"
"2018-06-28","2018-06-28 09:30:00.000","000428.SZ","华天酒店","卖出","700","2.74","1918","-0.58 / -0.03%","6.92","普通成交"
"2018-06-27","2018-06-27 09:30:00.000","600543.SH","莫高股份","买入","100","7.76","776","--","5","普通成交"
"2018-06-27","2018-06-27 09:30:00.000","300396.SZ","迪瑞医疗","卖出","200","18.38","3676","34.91 / 0.96%","8.68","普通成交"
"2018-06-27","2018-06-27 09:30:00.000","002726.SZ","龙大肉食","买入","700","7.22","5054","--","5","普通成交"
"2018-06-27","2018-06-27 09:30:00.000","000610.SZ","西安旅游","卖出","500","5.83","2915","39.14 / 1.36%","7.92","普通成交"
"2018-06-27","2018-06-27 09:30:00.000","000428.SZ","华天酒店","卖出","300","2.75","825","2.75 / 0.33%","5.83","普通成交"
"2018-06-26","2018-06-26 09:30:00.000","603222.SH","济民制药","买入","500","8.85","4425","--","5","普通成交"
"2018-06-26","2018-06-26 09:30:00.000","002726.SZ","龙大肉食","卖出","200","7.44","1488","-52.46 / -3.41%","6.49","普通成交"
"2018-06-26","2018-06-26 09:30:00.000","000610.SZ","西安旅游","卖出","600","5.68","3408","-43.03 / -1.25%","8.41","普通成交"
"2018-06-26","2018-06-26 09:30:00.000","000428.SZ","华天酒店","卖出","200","2.68","536","-12.16 / -2.22%","5.54","普通成交"
"2018-06-25","2018-06-25 09:30:00.000","603222.SH","济民制药","买入","17200","8.88","152736","--","45.82","普通成交"
"2018-06-25","2018-06-25 09:30:00.000","600543.SH","莫高股份","买入","22200","7.9","175380","--","52.61","普通成交"
"2018-06-25","2018-06-25 09:30:00.000","300396.SZ","迪瑞医疗","买入","13300","18.2","242060","--","72.62","普通成交"
"2018-06-25","2018-06-25 09:30:00.000","002726.SZ","龙大肉食","买入","29600","7.7","227920","--","68.38","普通成交"
"2018-06-25","2018-06-25 09:30:00.000","000610.SZ","西安旅游","买入","30100","5.75","173075","--","51.92","普通成交"
"2018-06-25","2018-06-25 09:30:00.000","000428.SZ","华天酒店","买入","82800","2.74","226872","--","68.06","普通成交"
"2018-05-29","2018-05-29 09:30:00.000","002807.SZ","江阴银行","卖出","29700","6.47","192159","-6029.12 / -3.04%","249.81","普通成交"
"2018-05-29","2018-05-29 09:30:00.000","600908.SH","无锡银行","卖出","30200","6.73","203246","-5160.69 / -2.48%","264.22","普通成交"
"2018-05-29","2018-05-29 09:30:00.000","601969.SH","海南矿业","卖出","20700","6.99","144693","1877.02 / 1.31%","188.1","普通成交"
"2018-05-28","2018-05-28 09:30:00.000","601969.SH","海南矿业","买入","400","7.13","2852","--","5","普通成交"
"2018-05-28","2018-05-28 09:30:00.000","600908.SH","无锡银行","买入","400","6.8","2720","--","5","普通成交"
"2018-05-28","2018-05-28 09:30:00.000","600758.SH","红阳能源","卖出","41300","5.46","225498","-11981.84 / -5.05%","293.15","普通成交"
"2018-05-28","2018-05-28 09:30:00.000","600532.SH","宏达矿业","卖出","26900","6.94","186686","18003.78 / 10.67%","242.69","普通成交"
"2018-05-28","2018-05-28 09:30:00.000","600231.SH","凌钢股份","卖出","70500","3.52","248160","-12610.37 / -4.84%","322.61","普通成交"
"2018-05-28","2018-05-28 09:30:00.000","002807.SZ","江阴银行","买入","300","6.64","1992","--","5","普通成交"
"2018-05-25","2018-05-25 09:30:00.000","601969.SH","海南矿业","卖出","1000","7.4","7400","505.47 / 7.33%","12.4","普通成交"
"2018-05-25","2018-05-25 09:30:00.000","600532.SH","宏达矿业","买入","200","6.09","1218","--","5","普通成交"
"2018-05-25","2018-05-25 09:30:00.000","600231.SH","凌钢股份","买入","800","3.55","2840","--","5","普通成交"
"2018-05-24","2018-05-24 09:30:00.000","601969.SH","海南矿业","卖出","600","7.1","4260","123.28 / 2.98%","9.26","普通成交"
"2018-05-24","2018-05-24 09:30:00.000","600231.SH","凌钢股份","买入","400","3.61","1444","--","5","普通成交"
"2018-05-23","2018-05-23 09:30:00.000","601969.SH","海南矿业","买入","200","6.92","1384","--","5","普通成交"
"2018-05-23","2018-05-23 09:30:00.000","600908.SH","无锡银行","卖出","200","7","1400","19.59 / 1.42%","6.4","普通成交"
"2018-05-23","2018-05-23 09:30:00.000","600758.SH","红阳能源","卖出","200","5.67","1134","-16.02 / -1.39%","6.13","普通成交"
"2018-05-23","2018-05-23 09:30:00.000","600231.SH","凌钢股份","买入","500","3.67","1835","--","5","普通成交"
"2018-05-23","2018-05-23 09:30:00.000","002807.SZ","江阴银行","买入","100","6.75","675","--","5","普通成交"
"2018-05-22","2018-05-22 09:30:00.000","601969.SH","海南矿业","买入","300","7.02","2106","--","5","普通成交"
"2018-05-22","2018-05-22 09:30:00.000","600758.SH","红阳能源","买入","1000","5.68","5680","--","5","普通成交"
"2018-05-22","2018-05-22 09:30:00.000","600532.SH","宏达矿业","卖出","700","6.44","4508","117.68 / 2.68%","9.51","普通成交"
"2018-05-22","2018-05-22 09:30:00.000","600231.SH","凌钢股份","卖出","1000","3.7","3700","-1.11 / -0.03%","8.7","普通成交"
"2018-05-22","2018-05-22 00:00:00.000","002807.SZ","江阴银行","卖出","0","6.72","2344","--","586","除权除息"
"2018-05-21","2018-05-21 09:30:00.000","601969.SH","海南矿业","买入","21400","6.89","147446","--","44.23","普通成交"
"2018-05-21","2018-05-21 09:30:00.000","600908.SH","无锡银行","买入","30000","6.9","207000","--","62.1","普通成交"
"2018-05-21","2018-05-21 09:30:00.000","600758.SH","红阳能源","买入","40500","5.75","232875","--","69.86","普通成交"
"2018-05-21","2018-05-21 09:30:00.000","600532.SH","宏达矿业","买入","27400","6.27","171798","--","51.54","普通成交"
"2018-05-21","2018-05-21 09:30:00.000","600231.SH","凌钢股份","买入","69800","3.7","258260","--","77.48","普通成交"
"2018-05-21","2018-05-21 09:30:00.000","002807.SZ","江阴银行","买入","29300","6.77","198361","--","59.51","普通成交"
"2018-05-15","2018-05-15 09:30:00.000","000716.SZ","黑芝麻","卖出","45700","4.61","210677","-229.58 / -0.11%","273.88","普通成交"
"2018-05-15","2018-05-15 09:30:00.000","002820.SZ","桂发祥","卖出","12200","15.23","185806","9754.4 / 5.54%","241.55","普通成交"
"2018-05-15","2018-05-15 09:30:00.000","002420.SZ","毅昌股份","卖出","33600","4.79","160944","-1153.55 / -0.71%","209.23","普通成交"
"2018-05-15","2018-05-15 09:30:00.000","300475.SZ","聚隆科技","卖出","20100","12.67","254667","5211.44 / 2.09%","331.07","普通成交"
"2018-05-15","2018-05-15 09:30:00.000","600671.SH","天目药业","卖出","11000","18.45","202950","-1841.97 / -0.9%","263.84","普通成交"
"2018-05-15","2018-05-15 09:30:00.000","603998.SH","方盛制药","卖出","20800","9.75","202800","19191.8 / 10.45%","263.64","普通成交"
"2018-05-14","2018-05-14 09:30:00.000","603998.SH","方盛制药","买入","400","10.07","4028","--","5","普通成交"
"2018-05-14","2018-05-14 09:30:00.000","600671.SH","天目药业","买入","100","18.62","1862","--","5","普通成交"
"2018-05-14","2018-05-14 09:30:00.000","300475.SZ","聚隆科技","买入","100","12.45","1245","--","5","普通成交"
"2018-05-14","2018-05-14 09:30:00.000","002820.SZ","桂发祥","卖出","300","15.7","4710","380.86 / 8.8%","9.71","普通成交"
"2018-05-14","2018-05-14 09:30:00.000","002420.SZ","毅昌股份","卖出","200","4.87","974","9.13 / 0.95%","5.97","普通成交"
"2018-05-11","2018-05-11 09:30:00.000","603998.SH","方盛制药","买入","400","10.2","4080","--","5","普通成交"
"2018-05-11","2018-05-11 09:30:00.000","600671.SH","天目药业","买入","500","19.26","9630","--","5","普通成交"
"2018-05-11","2018-05-11 09:30:00.000","300475.SZ","聚隆科技","买入","400","12.56","5024","--","5","普通成交"
"2018-05-11","2018-05-11 09:30:00.000","002820.SZ","桂发祥","卖出","800","17.9","14320","2775.63 / 24.04%","19.32","普通成交"
"2018-05-11","2018-05-11 09:30:00.000","002420.SZ","毅昌股份","买入","700","4.89","3423","--","5","普通成交"
"2018-05-11","2018-05-11 09:30:00.000","000716.SZ","黑芝麻","买入","500","4.71","2355","--","5","普通成交"
"2018-05-10","2018-05-10 09:30:00.000","603998.SH","方盛制药","卖出","1100","10.19","11209","1557.04 / 16.13%","16.21","普通成交"
"2018-05-10","2018-05-10 09:30:00.000","300475.SZ","聚隆科技","买入","600","12.51","7506","--","5","普通成交"
"2018-05-10","2018-05-10 09:30:00.000","002820.SZ","桂发祥","买入","100","15.19","1519","--","5","普通成交"
"2018-05-10","2018-05-10 09:30:00.000","002420.SZ","毅昌股份","买入","400","4.91","1964","--","5","普通成交"
"2018-05-10","2018-05-10 09:30:00.000","000716.SZ","黑芝麻","买入","800","4.68","3744","--","5","普通成交"
"2018-05-09","2018-05-09 09:30:00.000","603998.SH","方盛制药","卖出","1500","10.18","15270","2108.23 / 16.02%","20.27","普通成交"
"2018-05-09","2018-05-09 09:30:00.000","000716.SZ","黑芝麻","买入","600","4.69","2814","--","5","普通成交"
"2018-05-08","2018-05-08 09:30:00.000","603998.SH","方盛制药","买入","200","8.96","1792","--","5","普通成交"
"2018-05-08","2018-05-08 09:30:00.000","600671.SH","天目药业","卖出","200","19.43","3886","168.89 / 4.54%","8.89","普通成交"
"2018-05-08","2018-05-08 09:30:00.000","300475.SZ","聚隆科技","买入","300","12.37","3711","--","5","普通成交"
"2018-05-08","2018-05-08 09:30:00.000","002420.SZ","毅昌股份","买入","600","4.82","2892","--","5","普通成交"
"2018-05-07","2018-05-07 09:30:00.000","603998.SH","方盛制药","买入","22400","8.77","196448","--","58.93","普通成交"
"2018-05-07","2018-05-07 09:30:00.000","600671.SH","天目药业","买入","10600","18.58","196948","--","59.08","普通成交"
"2018-05-07","2018-05-07 09:30:00.000","300475.SZ","聚隆科技","买入","18700","12.4","231880","--","69.56","普通成交"
"2018-05-07","2018-05-07 09:30:00.000","002820.SZ","桂发祥","买入","13200","14.42","190344","--","57.1","普通成交"
"2018-05-07","2018-05-07 09:30:00.000","002420.SZ","毅昌股份","买入","32100","4.82","154722","--","46.42","普通成交"
"2018-05-07","2018-05-07 09:30:00.000","000716.SZ","黑芝麻","买入","43800","4.61","201918","--","60.58","普通成交"
"2018-04-17","2018-04-17 09:30:00.000","002205.SZ","国统股份","卖出","12000","15.45","185400","-5937.38 / -3.1%","241.02","普通成交"
"2018-04-17","2018-04-17 09:30:00.000","300172.SZ","中电环保","卖出","30100","6.99","210399","-3973.25 / -1.85%","273.52","普通成交"
"2018-04-16","2018-04-16 09:30:00.000","601918.SH","新集能源","卖出","68900","3.13","215657","3381.33 / 1.59%","280.35","普通成交"
"2018-04-16","2018-04-16 09:30:00.000","600758.SH","红阳能源","卖出","31300","6.12","191556","2080.92 / 1.1%","249.02","普通成交"
"2018-04-16","2018-04-16 09:30:00.000","600212.SH","江泉实业","卖出","38900","6.27","243903","-5747.61 / -2.3%","317.07","普通成交"
"2018-04-16","2018-04-16 09:30:00.000","300172.SZ","中电环保","卖出","200","7","1400","-24.4 / -1.71%","6.4","普通成交"
"2018-04-16","2018-04-16 09:30:00.000","000409.SZ","山东地矿","卖出","28000","4.71","131880","-27707.78 / -17.36%","171.44","普通成交"
"2018-04-13","2018-04-13 09:30:00.000","600758.SH","红阳能源","买入","200","6.12","1224","--","5","普通成交"
"2018-04-13","2018-04-13 09:30:00.000","600212.SH","江泉实业","买入","300","6.24","1872","--","5","普通成交"
"2018-04-13","2018-04-13 09:30:00.000","300172.SZ","中电环保","买入","100","7.05","705","--","5","普通成交"
"2018-04-13","2018-04-13 09:30:00.000","000409.SZ","山东地矿","卖出","800","5.74","4592","32.35 / 0.71%","9.59","普通成交"
"2018-04-12","2018-04-12 09:30:00.000","601918.SH","新集能源","卖出","100","3.12","312","3.91 / 1.27%","5.31","普通成交"
"2018-04-12","2018-04-12 09:30:00.000","600758.SH","红阳能源","买入","200","6.2","1240","--","5","普通成交"
"2018-04-12","2018-04-12 09:30:00.000","600212.SH","江泉实业","买入","100","6.34","634","--","5","普通成交"
"2018-04-12","2018-04-12 09:30:00.000","300172.SZ","中电环保","买入","100","7.09","709","--","5","普通成交"
"2018-04-12","2018-04-12 09:30:00.000","000409.SZ","山东地矿","卖出","100","5.7","570","0.04 / 0.01%","5.57","普通成交"
"2018-04-11","2018-04-11 09:30:00.000","601918.SH","新集能源","卖出","500","3.13","1565","24.54 / 1.59%","6.57","普通成交"
"2018-04-11","2018-04-11 09:30:00.000","600758.SH","红阳能源","卖出","100","6.22","622","16.82 / 2.78%","5.62","普通成交"
"2018-04-11","2018-04-11 09:30:00.000","600212.SH","江泉实业","买入","300","6.31","1893","--","5","普通成交"
"2018-04-11","2018-04-11 09:30:00.000","300172.SZ","中电环保","买入","100","7.13","713","--","5","普通成交"
"2018-04-10","2018-04-10 09:30:00.000","600758.SH","红阳能源","卖出","400","6.13","2452","31.27 / 1.29%","7.45","普通成交"
"2018-04-10","2018-04-10 09:30:00.000","600212.SH","江泉实业","买入","500","6.25","3125","--","5","普通成交"
"2018-04-10","2018-04-10 09:30:00.000","300172.SZ","中电环保","买入","200","7.05","1410","--","5","普通成交"
"2018-04-10","2018-04-10 09:30:00.000","000409.SZ","山东地矿","买入","600","5.59","3354","--","5","普通成交"
"2018-04-09","2018-04-09 09:30:00.000","601918.SH","新集能源","买入","69500","3.08","214060","--","64.22","普通成交"
"2018-04-09","2018-04-09 09:30:00.000","600758.SH","红阳能源","买入","31400","6.05","189970","--","56.99","普通成交"
"2018-04-09","2018-04-09 09:30:00.000","600212.SH","江泉实业","买入","37700","6.42","242034","--","72.61","普通成交"
"2018-04-09","2018-04-09 09:30:00.000","300172.SZ","中电环保","买入","29800","7.12","212176","--","63.65","普通成交"
"2018-04-09","2018-04-09 09:30:00.000","002205.SZ","国统股份","买入","12000","15.94","191280","--","57.38","普通成交"
"2018-04-09","2018-04-09 09:30:00.000","000409.SZ","山东地矿","买入","28300","5.7","161310","--","48.39","普通成交"
"2018-03-27","2018-03-27 09:30:00.000","300397.SZ","天和防务","卖出","11700","16.7","195390","-4955.35 / -2.47%","254.01","普通成交"
"2018-03-27","2018-03-27 09:30:00.000","300447.SZ","全信股份","卖出","14300","15.72","224796","-19132.44 / -7.84%","292.23","普通成交"
"2018-03-27","2018-03-27 09:30:00.000","000833.SZ","贵糖股份","卖出","41800","6.1","254980","-8599.79 / -3.26%","331.47","普通成交"
"2018-03-27","2018-03-27 09:30:00.000","600769.SH","祥龙电业","卖出","31900","5.51","175769","4695.76 / 2.74%","228.5","普通成交"
"2018-03-26","2018-03-26 09:30:00.000","600620.SH","天宸股份","卖出","17200","7.93","136396","-21147.83 / -13.42%","177.31","普通成交"
"2018-03-26","2018-03-26 09:30:00.000","002205.SZ","国统股份","卖出","13600","16.5","224400","483.27 / 0.22%","291.72","普通成交"
"2018-03-26","2018-03-26 09:30:00.000","000833.SZ","贵糖股份","卖出","1300","6.03","7839","-358.46 / -4.37%","12.84","普通成交"
"2018-03-23","2018-03-23 09:30:00.000","600769.SH","祥龙电业","卖出","200","5.49","1098","25.44 / 2.37%","6.1","普通成交"
"2018-03-23","2018-03-23 09:30:00.000","600620.SH","天宸股份","买入","100","8.64","864","--","5","普通成交"
"2018-03-23","2018-03-23 09:30:00.000","300447.SZ","全信股份","买入","800","15.28","12224","--","5","普通成交"
"2018-03-23","2018-03-23 09:30:00.000","002205.SZ","国统股份","卖出","700","17.56","12292","766.87 / 6.65%","17.29","普通成交"
"2018-03-23","2018-03-23 09:30:00.000","000833.SZ","贵糖股份","买入","200","6.31","1262","--","5","普通成交"
"2018-03-22","2018-03-22 09:30:00.000","600769.SH","祥龙电业","买入","200","5.49","1098","--","5","普通成交"
"2018-03-22","2018-03-22 09:30:00.000","600620.SH","天宸股份","卖出","200","8.88","1776","-56.45 / -3.08%","6.78","普通成交"
"2018-03-22","2018-03-22 09:30:00.000","300397.SZ","天和防务","买入","100","17.15","1715","--","5","普通成交"
"2018-03-22","2018-03-22 09:30:00.000","002205.SZ","国统股份","卖出","200","17.38","3476","183.11 / 5.56%","8.48","普通成交"
"2018-03-22","2018-03-22 09:30:00.000","000833.SZ","贵糖股份","买入","100","6.32","632","--","5","普通成交"
"2018-03-21","2018-03-21 09:30:00.000","600769.SH","祥龙电业","买入","300","5.49","1647","--","5","普通成交"
"2018-03-21","2018-03-21 09:30:00.000","600620.SH","天宸股份","买入","300","8.71","2613","--","5","普通成交"
"2018-03-21","2018-03-21 09:30:00.000","300447.SZ","全信股份","买入","100","16.57","1657","--","5","普通成交"
"2018-03-21","2018-03-21 09:30:00.000","300397.SZ","天和防务","买入","200","17.15","3430","--","5","普通成交"
"2018-03-21","2018-03-21 09:30:00.000","002205.SZ","国统股份","卖出","300","17.2","5160","220.66 / 4.47%","10.16","普通成交"
"2018-03-21","2018-03-21 09:30:00.000","000833.SZ","贵糖股份","买入","500","6.32","3160","--","5","普通成交"
"2018-03-20","2018-03-20 09:30:00.000","600769.SH","祥龙电业","买入","28100","5.35","150335","--","45.1","普通成交"
"2018-03-20","2018-03-20 09:30:00.000","600620.SH","天宸股份","买入","400","8.7","3480","--","5","普通成交"
"2018-03-20","2018-03-20 09:30:00.000","002205.SZ","国统股份","买入","4100","16.38","67158","--","20.15","普通成交"
"2018-03-20","2018-03-20 09:30:00.000","000833.SZ","贵糖股份","买入","41400","6.3","260820","--","78.25","普通成交"
"2018-03-20","2018-03-20 09:30:00.000","000753.SZ","漳州发展","卖出","72300","3.47","250881","-3682.15 / -1.45%","326.15","普通成交"
"2018-03-20","2018-03-20 09:30:00.000","000551.SZ","创元科技","卖出","33000","7.25","239250","-1738.05 / -0.72%","311.03","普通成交"
"2018-03-19","2018-03-19 09:30:00.000","600769.SH","祥龙电业","买入","3500","5.43","19005","--","5.7","普通成交"
"2018-03-19","2018-03-19 09:30:00.000","600620.SH","天宸股份","卖出","2100","8.98","18858","-422.06 / -2.19%","24.52","普通成交"
"2018-03-19","2018-03-19 09:30:00.000","000833.SZ","贵糖股份","买入","900","6.45","5805","--","5","普通成交"
"2018-03-19","2018-03-19 09:30:00.000","000753.SZ","漳州发展","卖出","100","3.47","347","-5.09 / -1.45%","5.35","普通成交"
"2018-03-19","2018-03-19 09:30:00.000","000551.SZ","创元科技","卖出","400","7.25","2900","-21.07 / -0.72%","7.9","普通成交"
"2018-03-16","2018-03-16 09:30:00.000","600620.SH","天宸股份","买入","200","8.95","1790","--","5","普通成交"
"2018-03-16","2018-03-16 09:30:00.000","300447.SZ","全信股份","买入","100","16.68","1668","--","5","普通成交"
"2018-03-16","2018-03-16 09:30:00.000","300397.SZ","天和防务","卖出","100","16.6","1660","-52.2 / -3.05%","6.66","普通成交"
"2018-03-16","2018-03-16 09:30:00.000","002205.SZ","国统股份","卖出","300","16.66","4998","49.52 / 1.0%","10","普通成交"
"2018-03-16","2018-03-16 09:30:00.000","000753.SZ","漳州发展","买入","200","3.45","690","--","5","普通成交"
"2018-03-16","2018-03-16 09:30:00.000","000551.SZ","创元科技","买入","100","7.16","716","--","5","普通成交"
"2018-03-15","2018-03-15 09:30:00.000","300397.SZ","天和防务","买入","100","16.71","1671","--","5","普通成交"
"2018-03-15","2018-03-15 09:30:00.000","000551.SZ","创元科技","卖出","100","7.13","713","-17.29 / -2.37%","5.71","普通成交"
"2018-03-14","2018-03-14 09:30:00.000","600620.SH","天宸股份","卖出","100","9.21","921","2.68 / 0.29%","5.92","普通成交"
"2018-03-14","2018-03-14 09:30:00.000","000753.SZ","漳州发展","卖出","100","3.55","355","2.89 / 0.82%","5.36","普通成交"
"2018-03-14","2018-03-14 09:30:00.000","000551.SZ","创元科技","卖出","100","7.31","731","0.71 / 0.1%","5.73","普通成交"
"2018-03-13","2018-03-13 09:30:00.000","600620.SH","天宸股份","买入","200","9.2","1840","--","5","普通成交"
"2018-03-13","2018-03-13 09:30:00.000","300447.SZ","全信股份","买入","200","17.48","3496","--","5","普通成交"
"2018-03-13","2018-03-13 09:30:00.000","300397.SZ","天和防务","卖出","100","17.51","1751","38.49 / 2.25%","6.75","普通成交"
"2018-03-13","2018-03-13 09:30:00.000","000753.SZ","漳州发展","卖出","200","3.55","710","5.79 / 0.82%","5.71","普通成交"
"2018-03-13","2018-03-13 09:30:00.000","000551.SZ","创元科技","买入","300","7.37","2211","--","5","普通成交"
"2018-03-12","2018-03-12 09:30:00.000","600620.SH","天宸股份","买入","18400","9.18","168912","--","50.67","普通成交"
"2018-03-12","2018-03-12 09:30:00.000","300447.SZ","全信股份","买入","13100","17.16","224796","--","67.44","普通成交"
"2018-03-12","2018-03-12 09:30:00.000","300397.SZ","天和防务","买入","11500","17.12","196880","--","59.06","普通成交"
"2018-03-12","2018-03-12 09:30:00.000","002205.SZ","国统股份","买入","11000","16.49","181390","--","54.42","普通成交"
"2018-03-12","2018-03-12 09:30:00.000","000753.SZ","漳州发展","买入","72500","3.52","255200","--","76.56","普通成交"
"2018-03-12","2018-03-12 09:30:00.000","000551.SZ","创元科技","买入","33200","7.3","242360","--","72.71","普通成交"
"2018-02-27","2018-02-27 09:30:00.000","002654.SZ","万润科技","卖出","34900","5.88","205212","2748.49 / 1.36%","266.78","普通成交"
"2018-02-27","2018-02-27 09:30:00.000","002782.SZ","可立克","卖出","20100","11.18","224718","6159.11 / 2.82%","292.13","普通成交"
"2018-02-26","2018-02-26 09:30:00.000","600783.SH","鲁信创投","卖出","19900","11.29","224671","1326.02 / 0.59%","292.07","普通成交"
"2018-02-26","2018-02-26 09:30:00.000","300560.SZ","中富通","卖出","5000","25.3","126500","-338.04 / -0.27%","164.45","普通成交"
"2018-02-26","2018-02-26 09:30:00.000","002782.SZ","可立克","买入","200","10.88","2176","--","5","普通成交"
"2018-02-26","2018-02-26 09:30:00.000","002654.SZ","万润科技","买入","700","5.77","4039","--","5","普通成交"
"2018-02-26","2018-02-26 09:30:00.000","002148.SZ","北纬科技","卖出","38900","7.53","292917","4192.41 / 1.45%","380.79","普通成交"
"2018-02-26","2018-02-26 09:30:00.000","002018.SZ","华信国际","卖出","37100","5.45","202195","8070.36 / 4.16%","262.85","普通成交"
"2018-02-23","2018-02-23 09:30:00.000","600783.SH","鲁信创投","买入","19900","11.22","223278","--","66.98","普通成交"
"2018-02-23","2018-02-23 09:30:00.000","300560.SZ","中富通","买入","5000","25.36","126800","--","38.04","普通成交"
"2018-02-23","2018-02-23 09:30:00.000","002782.SZ","可立克","买入","19900","10.87","216313","--","64.89","普通成交"
"2018-02-23","2018-02-23 09:30:00.000","002654.SZ","万润科技","买入","34200","5.8","198360","--","59.51","普通成交"
"2018-02-23","2018-02-23 09:30:00.000","002148.SZ","北纬科技","买入","38900","7.42","288638","--","86.59","普通成交"
"2018-02-23","2018-02-23 09:30:00.000","002018.SZ","华信国际","买入","36100","5.23","188803","--","56.64","普通成交"
"2018-02-23","2018-02-23 09:30:00.000","600620.SH","天宸股份","卖出","20000","8.3","166000","5952.0 / 3.72%","215.8","普通成交"
"2018-02-23","2018-02-23 09:30:00.000","000045.SZ","深纺织A","卖出","29200","7.63","222796","6922.71 / 3.21%","289.63","普通成交"
"2018-02-23","2018-02-23 09:30:00.000","300076.SZ","GQY视讯","卖出","43200","4.47","193104","2532.98 / 1.33%","251.04","普通成交"
"2018-02-23","2018-02-23 09:30:00.000","000753.SZ","漳州发展","卖出","76300","3.3","251790","9846.44 / 4.07%","327.33","普通成交"
"2018-02-23","2018-02-23 09:30:00.000","300028.SZ","金亚科技","卖出","51800","4.04","209272","5094.36 / 2.5%","272.05","普通成交"
"2018-02-23","2018-02-23 09:30:00.000","600775.SH","南京熊猫","卖出","31200","6.66","207792","11414.5 / 5.81%","270.13","普通成交"
"2018-02-22","2018-02-22 09:30:00.000","600775.SH","南京熊猫","买入","200","6.62","1324","--","5","普通成交"
"2018-02-22","2018-02-22 09:30:00.000","600620.SH","天宸股份","卖出","200","8.27","1654","53.52 / 3.34%","6.65","普通成交"
"2018-02-22","2018-02-22 09:30:00.000","002018.SZ","华信国际","买入","1000","5.26","5260","--","5","普通成交"
"2018-02-22","2018-02-22 09:30:00.000","000753.SZ","漳州发展","卖出","400","3.28","1312","43.62 / 3.44%","6.31","普通成交"
"2018-02-14","2018-02-14 09:30:00.000","600775.SH","南京熊猫","卖出","600","6.67","4002","226.87 / 6.01%","9","普通成交"
"2018-02-14","2018-02-14 09:30:00.000","300076.SZ","GQY视讯","买入","100","4.38","438","--","5","普通成交"
"2018-02-14","2018-02-14 09:30:00.000","300028.SZ","金亚科技","买入","500","3.98","1990","--","5","普通成交"
"2018-02-14","2018-02-14 09:30:00.000","000045.SZ","深纺织A","买入","200","7.47","1494","--","5","普通成交"
"2018-02-13","2018-02-13 09:30:00.000","600775.SH","南京熊猫","卖出","600","6.58","3948","172.87 / 4.58%","8.95","普通成交"
"2018-02-12","2018-02-12 09:30:00.000","600775.SH","南京熊猫","买入","32200","6.29","202538","--","60.76","普通成交"
"2018-02-12","2018-02-12 09:30:00.000","600620.SH","天宸股份","买入","20200","8","161600","--","48.48","普通成交"
"2018-02-12","2018-02-12 09:30:00.000","300076.SZ","GQY视讯","买入","43100","4.41","190071","--","57.02","普通成交"
"2018-02-12","2018-02-12 09:30:00.000","300028.SZ","金亚科技","买入","51300","3.94","202122","--","60.64","普通成交"
"2018-02-12","2018-02-12 09:30:00.000","000753.SZ","漳州发展","买入","76700","3.17","243139","--","72.94","普通成交"
"2018-02-12","2018-02-12 09:30:00.000","000045.SZ","深纺织A","买入","29000","7.39","214310","--","64.29","普通成交"
"2018-02-06","2018-02-06 09:30:00.000","603300.SH","华铁科技","卖出","31100","7.44","231384","-27656.77 / -10.68%","300.8","普通成交"
"2018-02-06","2018-02-06 09:30:00.000","600238.SH","海南椰岛","卖出","31900","8","255200","-6520.83 / -2.49%","331.76","普通成交"
"2018-02-06","2018-02-06 09:30:00.000","002719.SZ","麦趣尔","卖出","5500","26.42","145310","-9946.56 / -6.41%","188.9","普通成交"
"2018-02-06","2018-02-06 09:30:00.000","000810.SZ","创维数字","卖出","37000","6.31","233470","-34368.78 / -12.83%","303.51","普通成交"
"2018-02-06","2018-02-06 09:30:00.000","002316.SZ","键桥通讯","卖出","18400","9.66","177744","-3675.08 / -2.03%","231.07","普通成交"
"2018-02-06","2018-02-06 09:30:00.000","603519.SH","立霸股份","卖出","10700","16.12","172484","-48273.71 / -21.87%","224.23","普通成交"
"2018-02-05","2018-02-05 09:30:00.000","603519.SH","立霸股份","买入","700","16.05","11235","--","5","普通成交"
"2018-02-05","2018-02-05 09:30:00.000","603300.SH","华铁科技","卖出","1200","7.44","8928","-1067.14 / -10.68%","13.93","普通成交"
"2018-02-05","2018-02-05 09:30:00.000","600238.SH","海南椰岛","买入","600","8.39","5034","--","5","普通成交"
"2018-02-05","2018-02-05 09:30:00.000","002316.SZ","键桥通讯","卖出","300","9.82","2946","-11.92 / -0.4%","7.95","普通成交"
"2018-02-05","2018-02-05 09:30:00.000","000810.SZ","创维数字","卖出","700","6.49","4543","-524.22 / -10.35%","9.54","普通成交"
"2018-02-02","2018-02-02 09:30:00.000","603519.SH","立霸股份","买入","500","16.07","8035","--","5","普通成交"
"2018-02-02","2018-02-02 09:30:00.000","603300.SH","华铁科技","买入","800","7.38","5904","--","5","普通成交"
"2018-02-02","2018-02-02 09:30:00.000","600238.SH","海南椰岛","卖出","500","8.73","4365","264.65 / 6.45%","9.37","普通成交"
"2018-02-02","2018-02-02 09:30:00.000","002719.SZ","麦趣尔","卖出","100","26.99","2699","-123.85 / -4.39%","7.7","普通成交"
"2018-02-02","2018-02-02 09:30:00.000","002316.SZ","键桥通讯","卖出","700","9.9","6930","28.19 / 0.41%","11.93","普通成交"
"2018-02-02","2018-02-02 09:30:00.000","000810.SZ","创维数字","买入","200","6.46","1292","--","5","普通成交"
"2018-02-01","2018-02-01 09:30:00.000","603300.SH","华铁科技","卖出","100","7.94","794","-41.32 / -4.95%","5.79","普通成交"
"2018-02-01","2018-02-01 09:30:00.000","600238.SH","海南椰岛","买入","1500","8.97","13455","--","5","普通成交"
"2018-02-01","2018-02-01 09:30:00.000","002316.SZ","键桥通讯","卖出","700","9.92","6944","42.19 / 0.61%","11.94","普通成交"
"2018-01-31","2018-01-31 09:30:00.000","603519.SH","立霸股份","买入","300","20.4","6120","--","5","普通成交"
"2018-01-31","2018-01-31 09:30:00.000","603300.SH","华铁科技","买入","1300","8.13","10569","--","5","普通成交"
"2018-01-31","2018-01-31 09:30:00.000","600238.SH","海南椰岛","卖出","2500","9.48","23700","3293.88 / 16.14%","30.81","普通成交"
"2018-01-31","2018-01-31 09:30:00.000","002316.SZ","键桥通讯","买入","300","8.97","2691","--","5","普通成交"
"2018-01-31","2018-01-31 09:30:00.000","000810.SZ","创维数字","买入","1900","7.08","13452","--","5","普通成交"
"2018-01-30","2018-01-30 09:30:00.000","603519.SH","立霸股份","买入","300","20.85","6255","--","5","普通成交"
"2018-01-30","2018-01-30 09:30:00.000","603300.SH","华铁科技","买入","300","8.36","2508","--","5","普通成交"
"2018-01-30","2018-01-30 09:30:00.000","600238.SH","海南椰岛","卖出","2800","8.8","24640","1785.15 / 7.81%","32.03","普通成交"
"2018-01-30","2018-01-30 09:30:00.000","000810.SZ","创维数字","买入","200","7.1","1420","--","5","普通成交"
"2018-01-29","2018-01-29 09:30:00.000","603519.SH","立霸股份","买入","8900","21.24","189036","--","56.71","普通成交"
"2018-01-29","2018-01-29 09:30:00.000","603300.SH","华铁科技","买入","30000","8.36","250800","--","75.24","普通成交"
"2018-01-29","2018-01-29 09:30:00.000","600238.SH","海南椰岛","买入","35600","8.16","290496","--","87.15","普通成交"
"2018-01-29","2018-01-29 09:30:00.000","002719.SZ","麦趣尔","买入","5600","28.22","158032","--","47.41","普通成交"
"2018-01-29","2018-01-29 09:30:00.000","002316.SZ","键桥通讯","买入","19800","9.87","195426","--","58.63","普通成交"
"2018-01-29","2018-01-29 09:30:00.000","000810.SZ","创维数字","买入","35400","7.25","256650","--","77","普通成交"
"2018-01-09","2018-01-09 09:30:00.000","603300.SH","华铁科技","卖出","23000","8.1","186300","-781.01 / -0.42%","242.19","普通成交"
"2018-01-09","2018-01-09 09:30:00.000","000563.SZ","陕国投A","卖出","60700","4.3","261010","1738.76 / 0.67%","339.31","普通成交"
"2018-01-08","2018-01-08 09:30:00.000","603300.SH","华铁科技","买入","100","8.21","821","--","5","普通成交"
"2018-01-08","2018-01-08 09:30:00.000","600854.SH","春兰股份","卖出","32000","5.66","181120","4705.6 / 2.67%","235.46","普通成交"
"2018-01-08","2018-01-08 09:30:00.000","600381.SH","青海春天","卖出","22100","10.58","233818","130.56 / 0.06%","303.96","普通成交"
"2018-01-08","2018-01-08 09:30:00.000","000929.SZ","兰州黄河","卖出","17800","11.9","211820","1176.28 / 0.56%","275.37","普通成交"
"2018-01-08","2018-01-08 09:30:00.000","000801.SZ","四川九洲","卖出","45500","5.93","269815","9908.28 / 3.81%","350.76","普通成交"
"2018-01-05","2018-01-05 09:30:00.000","603300.SH","华铁科技","买入","100","8.18","818","--","5","普通成交"
"2018-01-05","2018-01-05 09:30:00.000","600854.SH","春兰股份","买入","200","5.61","1122","--","5","普通成交"
"2018-01-05","2018-01-05 09:30:00.000","000929.SZ","兰州黄河","卖出","100","12.18","1218","34.61 / 2.92%","6.22","普通成交"
"2018-01-05","2018-01-05 09:30:00.000","000801.SZ","四川九洲","卖出","100","5.9","590","18.78 / 3.29%","5.59","普通成交"
"2018-01-04","2018-01-04 09:30:00.000","603300.SH","华铁科技","卖出","200","8.27","1654","27.4 / 1.68%","6.65","普通成交"
"2018-01-04","2018-01-04 09:30:00.000","000929.SZ","兰州黄河","买入","100","11.81","1181","--","5","普通成交"
"2018-01-04","2018-01-04 09:30:00.000","000801.SZ","四川九洲","买入","100","5.9","590","--","5","普通成交"
"2018-01-03","2018-01-03 09:30:00.000","603300.SH","华铁科技","买入","200","8.17","1634","--","5","普通成交"
"2018-01-03","2018-01-03 09:30:00.000","600854.SH","春兰股份","买入","100","5.63","563","--","5","普通成交"
"2018-01-03","2018-01-03 09:30:00.000","600381.SH","青海春天","买入","200","10.65","2130","--","5","普通成交"
"2018-01-03","2018-01-03 09:30:00.000","000929.SZ","兰州黄河","买入","300","11.83","3549","--","5","普通成交"
"2018-01-03","2018-01-03 09:30:00.000","000801.SZ","四川九洲","卖出","800","5.9","4720","150.63 / 3.3%","9.72","普通成交"
"2018-01-03","2018-01-03 09:30:00.000","000563.SZ","陕国投A","买入","400","4.27","1708","--","5","普通成交"
"2018-01-02","2018-01-02 09:30:00.000","603300.SH","华铁科技","买入","22800","8.13","185364","--","55.61","普通成交"
"2018-01-02","2018-01-02 09:30:00.000","600854.SH","春兰股份","买入","31700","5.51","174667","--","52.4","普通成交"
"2018-01-02","2018-01-02 09:30:00.000","600381.SH","青海春天","买入","21900","10.57","231483","--","69.44","普通成交"
"2018-01-02","2018-01-02 09:30:00.000","000929.SZ","兰州黄河","买入","17500","11.83","207025","--","62.11","普通成交"
"2018-01-02","2018-01-02 09:30:00.000","000801.SZ","四川九洲","买入","46300","5.71","264373","--","79.31","普通成交"
"2018-01-02","2018-01-02 09:30:00.000","000563.SZ","陕国投A","买入","60300","4.27","257481","--","77.24","普通成交"
"2017-12-12","2017-12-12 09:30:00.000","600186.SH","莲花健康","卖出","82900","3.08","255332","-1559.64 / -0.61%","331.93","普通成交"
"2017-12-12","2017-12-12 09:30:00.000","300217.SZ","东方电热","卖出","69100","3.12","215592","-7143.77 / -3.21%","280.27","普通成交"
"2017-12-12","2017-12-12 09:30:00.000","600573.SH","惠泉啤酒","卖出","20300","9.2","186760","10383.11 / 5.89%","242.79","普通成交"
"2017-12-12","2017-12-12 09:30:00.000","600399.SH","抚顺特钢","卖出","40700","5.93","241351","16509.9 / 7.34%","313.76","普通成交"
"2017-12-12","2017-12-12 09:30:00.000","000521.SZ","美菱电器","卖出","44400","5.16","229104","872.39 / 0.38%","297.84","普通成交"
"2017-12-12","2017-12-12 09:30:00.000","000923.SZ","河北宣工","卖出","8600","23.26","200036","9712.63 / 5.1%","260.05","普通成交"
"2017-12-11","2017-12-11 09:30:00.000","600399.SH","抚顺特钢","买入","400","6.01","2404","--","5","普通成交"
"2017-12-11","2017-12-11 09:30:00.000","600186.SH","莲花健康","买入","2000","3.08","6160","--","5","普通成交"
"2017-12-11","2017-12-11 09:30:00.000","300217.SZ","东方电热","卖出","2000","3.11","6220","-226.77 / -3.52%","11.22","普通成交"
"2017-12-11","2017-12-11 09:30:00.000","000521.SZ","美菱电器","买入","400","5.15","2060","--","5","普通成交"
"2017-12-08","2017-12-08 09:30:00.000","600573.SH","惠泉啤酒","卖出","600","9.13","5478","264.89 / 5.08%","10.48","普通成交"
"2017-12-08","2017-12-08 09:30:00.000","600186.SH","莲花健康","买入","600","3.08","1848","--","5","普通成交"
"2017-12-08","2017-12-08 09:30:00.000","300217.SZ","东方电热","卖出","500","3","1500","-111.69 / -6.93%","6.5","普通成交"
"2017-12-08","2017-12-08 09:30:00.000","000521.SZ","美菱电器","买入","300","5.09","1527","--","5","普通成交"
"2017-12-07","2017-12-07 09:30:00.000","600573.SH","惠泉啤酒","卖出","200","8.73","1746","8.3 / 0.48%","6.75","普通成交"
"2017-12-06","2017-12-06 09:30:00.000","600573.SH","惠泉啤酒","买入","500","8.51","4255","--","5","普通成交"
"2017-12-06","2017-12-06 09:30:00.000","600399.SH","抚顺特钢","买入","100","5.71","571","--","5","普通成交"
"2017-12-06","2017-12-06 09:30:00.000","300217.SZ","东方电热","买入","1400","2.88","4032","--","5","普通成交"
"2017-12-06","2017-12-06 09:30:00.000","000521.SZ","美菱电器","买入","500","5.03","2515","--","5","普通成交"
"2017-12-05","2017-12-05 09:30:00.000","600573.SH","惠泉啤酒","买入","20600","8.69","179014","--","53.7","普通成交"
"2017-12-05","2017-12-05 09:30:00.000","600399.SH","抚顺特钢","卖出","900","5.91","5319","352.07 / 7.09%","10.32","普通成交"
"2017-12-05","2017-12-05 09:30:00.000","600186.SH","莲花健康","买入","67200","3.1","208320","--","62.5","普通成交"
"2017-12-05","2017-12-05 09:30:00.000","300217.SZ","东方电热","买入","1300","2.97","3861","--","5","普通成交"
"2017-12-05","2017-12-05 09:30:00.000","000923.SZ","河北宣工","买入","300","22.3","6690","--","5","普通成交"
"2017-12-05","2017-12-05 09:30:00.000","000521.SZ","美菱电器","买入","43200","5.14","222048","--","66.61","普通成交"
"2017-12-05","2017-12-05 09:30:00.000","300403.SZ","地尔汉宇","卖出","12300","14.85","182655","-1869.48 / -1.01%","237.45","普通成交"
"2017-12-05","2017-12-05 09:30:00.000","000929.SZ","兰州黄河","卖出","21700","12.5","271250","16522.02 / 6.49%","352.63","普通成交"
"2017-12-05","2017-12-05 09:30:00.000","002702.SZ","海欣食品","卖出","29600","5.85","173160","5619.26 / 3.35%","225.11","普通成交"
"2017-12-04","2017-12-04 09:30:00.000","600186.SH","莲花健康","买入","13100","3.09","40479","--","12.14","普通成交"
"2017-12-04","2017-12-04 09:30:00.000","300403.SZ","地尔汉宇","卖出","100","15.15","1515","14.8 / 0.99%","6.52","普通成交"
"2017-12-04","2017-12-04 09:30:00.000","300217.SZ","东方电热","卖出","12900","3.02","38958","-2773.45 / -6.65%","50.65","普通成交"
"2017-12-01","2017-12-01 09:30:00.000","600399.SH","抚顺特钢","买入","400","5.67","2268","--","5","普通成交"
"2017-12-01","2017-12-01 09:30:00.000","300403.SZ","地尔汉宇","买入","400","14.89","5956","--","5","普通成交"
"2017-12-01","2017-12-01 09:30:00.000","300217.SZ","东方电热","卖出","1100","2.97","3267","-291.5 / -8.19%","8.27","普通成交"
"2017-12-01","2017-12-01 09:30:00.000","002702.SZ","海欣食品","买入","100","5.68","568","--","5","普通成交"
"2017-12-01","2017-12-01 09:30:00.000","000923.SZ","河北宣工","买入","100","23.49","2349","--","5","普通成交"
"2017-11-30","2017-11-30 09:30:00.000","600399.SH","抚顺特钢","卖出","1200","5.8","6960","339.36 / 5.13%","11.96","普通成交"
"2017-11-30","2017-11-30 09:30:00.000","300217.SZ","东方电热","买入","1500","2.95","4425","--","5","普通成交"
"2017-11-30","2017-11-30 09:30:00.000","002702.SZ","海欣食品","卖出","400","5.72","2288","24.03 / 1.06%","7.29","普通成交"
"2017-11-30","2017-11-30 09:30:00.000","000929.SZ","兰州黄河","卖出","100","12.05","1205","31.14 / 2.65%","6.21","普通成交"
"2017-11-29","2017-11-29 09:30:00.000","600399.SH","抚顺特钢","卖出","300","5.65","1695","39.84 / 2.41%","6.7","普通成交"
"2017-11-29","2017-11-29 09:30:00.000","300217.SZ","东方电热","买入","800","3.01","2408","--","5","普通成交"
"2017-11-29","2017-11-29 09:30:00.000","000929.SZ","兰州黄河","买入","100","12.08","1208","--","5","普通成交"
"2017-11-28","2017-11-28 09:30:00.000","600399.SH","抚顺特钢","买入","32800","5.52","181056","--","54.32","普通成交"
"2017-11-28","2017-11-28 09:30:00.000","300403.SZ","地尔汉宇","买入","300","15.36","4608","--","5","普通成交"
"2017-11-28","2017-11-28 09:30:00.000","300217.SZ","东方电热","买入","1200","2.98","3576","--","5","普通成交"
"2017-11-28","2017-11-28 09:30:00.000","000929.SZ","兰州黄河","买入","20700","11.73","242811","--","72.84","普通成交"
"2017-11-28","2017-11-28 09:30:00.000","000923.SZ","河北宣工","卖出","700","23.5","16450","975.36 / 6.3%","21.45","普通成交"
"2017-11-28","2017-11-28 09:30:00.000","002478.SZ","常宝股份","卖出","39700","5.54","219938","19392.85 / 9.67%","285.92","普通成交"
"2017-11-28","2017-11-28 09:30:00.000","600573.SH","惠泉啤酒","卖出","23700","8.45","200265","-12350.16 / -5.81%","260.34","普通成交"
"2017-11-27","2017-11-27 09:30:00.000","600399.SH","抚顺特钢","买入","9400","5.5","51700","--","15.51","普通成交"
"2017-11-27","2017-11-27 09:30:00.000","300403.SZ","地尔汉宇","买入","200","15.62","3124","--","5","普通成交"
"2017-11-27","2017-11-27 09:30:00.000","300217.SZ","东方电热","卖出","1000","3.04","3040","-206.31 / -6.36%","8.04","普通成交"
"2017-11-27","2017-11-27 09:30:00.000","002702.SZ","海欣食品","卖出","9100","5.6","50960","-545.3 / -1.06%","66.25","普通成交"
"2017-11-27","2017-11-27 09:30:00.000","002478.SZ","常宝股份","卖出","100","5.54","554","48.85 / 9.67%","5.55","普通成交"
"2017-11-27","2017-11-27 09:30:00.000","000929.SZ","兰州黄河","买入","1000","11.8","11800","--","5","普通成交"
"2017-11-27","2017-11-27 09:30:00.000","000923.SZ","河北宣工","卖出","300","21.85","6555","-76.99 / -1.16%","11.56","普通成交"
"2017-11-24","2017-11-24 09:30:00.000","300217.SZ","东方电热","买入","300","3.07","921","--","5","普通成交"
"2017-11-24","2017-11-24 09:30:00.000","002702.SZ","海欣食品","买入","300","5.46","1638","--","5","普通成交"
"2017-11-24","2017-11-24 09:30:00.000","002478.SZ","常宝股份","卖出","1400","5.42","7588","515.88 / 7.29%","12.59","普通成交"
"2017-11-23","2017-11-23 09:30:00.000","600573.SH","惠泉啤酒","买入","500","8.88","4440","--","5","普通成交"
"2017-11-23","2017-11-23 09:30:00.000","300217.SZ","东方电热","买入","1700","3.14","5338","--","5","普通成交"
"2017-11-23","2017-11-23 09:30:00.000","002702.SZ","海欣食品","买入","200","5.67","1134","--","5","普通成交"
"2017-11-23","2017-11-23 09:30:00.000","002478.SZ","常宝股份","卖出","2100","5.48","11508","899.82 / 8.48%","16.51","普通成交"
"2017-11-22","2017-11-22 09:30:00.000","300217.SZ","东方电热","买入","1000","3.15","3150","--","5","普通成交"
"2017-11-22","2017-11-22 09:30:00.000","002478.SZ","常宝股份","卖出","200","5.16","1032","21.7 / 2.15%","6.03","普通成交"
"2017-11-21","2017-11-21 09:30:00.000","600573.SH","惠泉啤酒","买入","100","8.96","896","--","5","普通成交"
"2017-11-21","2017-11-21 09:30:00.000","300403.SZ","地尔汉宇","卖出","200","15.88","3176","179.1 / 5.98%","8.18","普通成交"
"2017-11-21","2017-11-21 09:30:00.000","300217.SZ","东方电热","买入","1000","3.2","3200","--","5","普通成交"
"2017-11-21","2017-11-21 09:30:00.000","002702.SZ","海欣食品","买入","800","5.63","4504","--","5","普通成交"
"2017-11-21","2017-11-21 09:30:00.000","002478.SZ","常宝股份","卖出","200","5.13","1026","15.7 / 1.55%","6.03","普通成交"
"2017-11-20","2017-11-20 09:30:00.000","600573.SH","惠泉啤酒","买入","23100","8.97","207207","--","62.16","普通成交"
"2017-11-20","2017-11-20 09:30:00.000","300403.SZ","地尔汉宇","买入","11700","14.98","175266","--","52.58","普通成交"
"2017-11-20","2017-11-20 09:30:00.000","300217.SZ","东方电热","买入","76400","3.25","248300","--","74.49","普通成交"
"2017-11-20","2017-11-20 09:30:00.000","002702.SZ","海欣食品","买入","37700","5.66","213382","--","64.01","普通成交"
"2017-11-20","2017-11-20 09:30:00.000","002478.SZ","常宝股份","买入","43700","5.05","220685","--","66.21","普通成交"
"2017-11-20","2017-11-20 09:30:00.000","000923.SZ","河北宣工","买入","9200","22.1","203320","--","61","普通成交"
"2017-09-19","2017-09-19 09:30:00.000","600052.SH","浙江广厦","卖出","47800","4.91","234698","3748.66 / 1.62%","305.11","普通成交"
"2017-09-19","2017-09-19 09:30:00.000","300437.SZ","清水源","卖出","13500","18.3","247050","-2561.32 / -1.03%","321.17","普通成交"
"2017-09-19","2017-09-19 09:30:00.000","002591.SZ","恒大高新","卖出","14700","13.13","193011","10086.36 / 5.51%","250.91","普通成交"
"2017-09-19","2017-09-19 09:30:00.000","002687.SZ","乔治白","卖出","17200","7.67","131924","5082.56 / 4.01%","171.5","普通成交"
"2017-09-19","2017-09-19 09:30:00.000","600137.SH","浪莎股份","卖出","7600","38.05","289180","-4759.71 / -1.62%","375.93","普通成交"
"2017-09-18","2017-09-18 09:30:00.000","600137.SH","浪莎股份","买入","100","38.28","3828","--","5","普通成交"
"2017-09-18","2017-09-18 09:30:00.000","600052.SH","浙江广厦","卖出","500","4.94","2470","54.21 / 2.24%","7.47","普通成交"
"2017-09-18","2017-09-18 09:30:00.000","300385.SZ","雪浪环境","卖出","6600","27.12","178992","2096.0 / 1.18%","232.69","普通成交"
"2017-09-15","2017-09-15 09:30:00.000","600052.SH","浙江广厦","卖出","100","4.85","485","1.84 / 0.38%","5.49","普通成交"
"2017-09-15","2017-09-15 09:30:00.000","300437.SZ","清水源","买入","100","18.14","1814","--","5","普通成交"
"2017-09-15","2017-09-15 09:30:00.000","300385.SZ","雪浪环境","卖出","100","27.55","2755","74.76 / 2.79%","7.76","普通成交"
"2017-09-15","2017-09-15 09:30:00.000","002687.SZ","乔治白","卖出","100","7.72","772","34.55 / 4.69%","5.77","普通成交"
"2017-09-14","2017-09-14 09:30:00.000","600137.SH","浪莎股份","买入","100","38.25","3825","--","5","普通成交"
"2017-09-14","2017-09-14 09:30:00.000","002687.SZ","乔治白","卖出","400","7.77","3108","158.2 / 5.36%","8.11","普通成交"
"2017-09-14","2017-09-14 09:30:00.000","002591.SZ","恒大高新","买入","100","12.82","1282","--","5","普通成交"
"2017-09-13","2017-09-13 09:30:00.000","600052.SH","浙江广厦","买入","200","4.87","974","--","5","普通成交"
"2017-09-13","2017-09-13 09:30:00.000","300385.SZ","雪浪环境","买入","100","26.63","2663","--","5","普通成交"
"2017-09-13","2017-09-13 09:30:00.000","002687.SZ","乔治白","买入","200","7.55","1510","--","5","普通成交"
"2017-09-13","2017-09-13 09:30:00.000","002591.SZ","恒大高新","卖出","400","12.89","5156","179.63 / 3.61%","10.16","普通成交"
"2017-09-12","2017-09-12 09:30:00.000","600137.SH","浪莎股份","买入","7300","38.68","282364","--","84.71","普通成交"
"2017-09-12","2017-09-12 09:30:00.000","300437.SZ","清水源","买入","7300","18.45","134685","--","40.41","普通成交"
"2017-09-12","2017-09-12 09:30:00.000","300385.SZ","雪浪环境","买入","100","27.16","2716","--","5","普通成交"
"2017-09-12","2017-09-12 09:30:00.000","002687.SZ","乔治白","卖出","200","7.65","1530","55.56 / 3.77%","6.53","普通成交"
"2017-09-12","2017-09-12 09:30:00.000","002591.SZ","恒大高新","买入","300","12.65","3795","--","5","普通成交"
"2017-09-12","2017-09-12 09:30:00.000","000005.SZ","世纪星源","卖出","39400","5.48","215912","23973.93 / 12.49%","280.69","普通成交"
"2017-09-12","2017-09-12 09:30:00.000","601368.SH","绿城水务","卖出","21100","9.95","209945","1237.88 / 0.59%","272.93","普通成交"
"2017-09-11","2017-09-11 09:30:00.000","601368.SH","绿城水务","买入","100","9.82","982","--","5","普通成交"
"2017-09-11","2017-09-11 09:30:00.000","600137.SH","浪莎股份","买入","100","38.23","3823","--","5","普通成交"
"2017-09-11","2017-09-11 09:30:00.000","600052.SH","浙江广厦","卖出","1000","4.84","4840","8.69 / 0.18%","9.84","普通成交"
"2017-09-11","2017-09-11 09:30:00.000","300437.SZ","清水源","买入","6100","18.53","113033","--","33.91","普通成交"
"2017-09-11","2017-09-11 09:30:00.000","300385.SZ","雪浪环境","买入","6500","26.79","174135","--","52.24","普通成交"
"2017-09-11","2017-09-11 09:30:00.000","002687.SZ","乔治白","卖出","13100","7.51","98381","1805.04 / 1.87%","127.9","普通成交"
"2017-09-11","2017-09-11 09:30:00.000","002591.SZ","恒大高新","买入","900","12.73","11457","--","5","普通成交"
"2017-09-11","2017-09-11 09:30:00.000","000005.SZ","世纪星源","卖出","3100","5.45","16895","1793.27 / 11.87%","21.96","普通成交"
"2017-09-08","2017-09-08 09:30:00.000","601368.SH","绿城水务","买入","100","9.78","978","--","5","普通成交"
"2017-09-08","2017-09-08 09:30:00.000","600052.SH","浙江广厦","卖出","100","4.82","482","-1.13 / -0.23%","5.48","普通成交"
"2017-09-07","2017-09-07 09:30:00.000","600052.SH","浙江广厦","卖出","100","4.82","482","-1.13 / -0.23%","5.48","普通成交"
"2017-09-07","2017-09-07 09:30:00.000","002591.SZ","恒大高新","买入","100","12.79","1279","--","5","普通成交"
"2017-09-07","2017-09-07 09:30:00.000","000005.SZ","世纪星源","卖出","100","4.9","490","2.85 / 0.59%","5.49","普通成交"
"2017-09-06","2017-09-06 09:30:00.000","600052.SH","浙江广厦","买入","100","4.79","479","--","5","普通成交"
"2017-09-05","2017-09-05 09:30:00.000","601368.SH","绿城水务","买入","300","9.79","2937","--","5","普通成交"
"2017-09-05","2017-09-05 09:30:00.000","600052.SH","浙江广厦","买入","400","4.8","1920","--","5","普通成交"
"2017-09-05","2017-09-05 09:30:00.000","002687.SZ","乔治白","卖出","100","7.43","743","5.78 / 0.78%","5.74","普通成交"
"2017-09-05","2017-09-05 09:30:00.000","000005.SZ","世纪星源","买入","200","4.86","972","--","5","普通成交"
"2017-09-04","2017-09-04 09:30:00.000","601368.SH","绿城水务","买入","20600","9.89","203734","--","61.12","普通成交"
"2017-09-04","2017-09-04 09:30:00.000","600052.SH","浙江广厦","买入","48900","4.83","236187","--","70.86","普通成交"
"2017-09-04","2017-09-04 09:30:00.000","002687.SZ","乔治白","买入","30900","7.37","227733","--","68.32","普通成交"
"2017-09-04","2017-09-04 09:30:00.000","002591.SZ","恒大高新","买入","13700","12.41","170017","--","51.01","普通成交"
"2017-09-04","2017-09-04 09:30:00.000","000005.SZ","世纪星源","买入","42400","4.87","206488","--","61.95","普通成交"
"2017-08-25","2017-08-25 09:30:00.000","600193.SH","创兴资源","卖出","31700","7.45","236165","-1459.14 / -0.61%","307.01","普通成交"
"2017-08-08","2017-08-08 09:30:00.000","002593.SZ","日上集团","卖出","50600","5.23","264638","2411.71 / 0.92%","344.03","普通成交"
"2017-08-08","2017-08-08 09:30:00.000","300247.SZ","乐金健康","卖出","44400","6.03","267732","1652.67 / 0.62%","348.05","普通成交"
"2017-08-08","2017-08-08 09:30:00.000","002789.SZ","建艺集团","卖出","2900","44.68","129572","-386.98 / -0.3%","168.44","普通成交"
"2017-08-08","2017-08-08 09:30:00.000","600126.SH","杭钢股份","卖出","600","8.41","5046","353.0 / 7.52%","10.05","普通成交"
"2017-08-08","2017-08-08 09:30:00.000","002318.SZ","久立特材","卖出","23000","8.66","199180","19035.97 / 10.57%","258.93","普通成交"
"2017-08-08","2017-08-08 09:30:00.000","002052.SZ","同洲电子","卖出","21400","6.23","133322","4799.2 / 3.73%","173.32","普通成交"
"2017-08-07","2017-08-07 09:30:00.000","600126.SH","杭钢股份","买入","100","8.19","819","--","5","普通成交"
"2017-08-07","2017-08-07 09:30:00.000","300247.SZ","乐金健康","买入","300","6.01","1803","--","5","普通成交"
"2017-08-07","2017-08-07 09:30:00.000","002593.SZ","日上集团","卖出","400","5.21","2084","11.06 / 0.53%","7.08","普通成交"
"2017-08-07","2017-08-07 09:30:00.000","002318.SZ","久立特材","卖出","100","8.53","853","69.77 / 8.91%","5.85","普通成交"
"2017-08-04","2017-08-04 09:30:00.000","300247.SZ","乐金健康","买入","100","6","600","--","5","普通成交"
"2017-08-04","2017-08-04 09:30:00.000","002318.SZ","久立特材","卖出","100","8.39","839","55.77 / 7.12%","5.84","普通成交"
"2017-08-02","2017-08-02 09:30:00.000","300247.SZ","乐金健康","买入","100","6.02","602","--","5","普通成交"
"2017-08-02","2017-08-02 09:30:00.000","002593.SZ","日上集团","卖出","100","5.17","517","-1.23 / -0.24%","5.52","普通成交"
"2017-08-01","2017-08-01 09:30:00.000","600126.SH","杭钢股份","买入","200","7.84","1568","--","5","普通成交"
"2017-08-01","2017-08-01 09:30:00.000","002789.SZ","建艺集团","买入","2900","44.8","129920","--","38.98","普通成交"
"2017-08-01","2017-08-01 09:30:00.000","002593.SZ","日上集团","买入","49200","5.18","254856","--","76.46","普通成交"
"2017-08-01","2017-08-01 09:30:00.000","002318.SZ","久立特材","卖出","400","8.47","3388","255.06 / 8.14%","8.39","普通成交"
"2017-08-01","2017-08-01 09:30:00.000","002052.SZ","同洲电子","买入","400","6.2","2480","--","5","普通成交"
"2017-08-01","2017-08-01 09:30:00.000","002200.SZ","云投生态","卖出","11100","17.29","191919","-9450.35 / -4.69%","249.49","普通成交"
"2017-08-01","2017-08-01 09:30:00.000","300500.SZ","启迪设计","卖出","7600","25.51","193876","2075.79 / 1.08%","252.04","普通成交"
"2017-07-31","2017-07-31 09:30:00.000","600126.SH","杭钢股份","买入","100","7.65","765","--","5","普通成交"
"2017-07-31","2017-07-31 09:30:00.000","300247.SZ","乐金健康","卖出","200","6.16","1232","33.55 / 2.8%","6.23","普通成交"
"2017-07-31","2017-07-31 09:30:00.000","002593.SZ","日上集团","买入","1900","5.2","9880","--","5","普通成交"
"2017-07-31","2017-07-31 09:30:00.000","002318.SZ","久立特材","卖出","1200","8.23","9876","477.18 / 5.08%","14.88","普通成交"
"2017-07-28","2017-07-28 09:30:00.000","600126.SH","杭钢股份","买入","100","7.6","760","--","5","普通成交"
"2017-07-28","2017-07-28 09:30:00.000","300500.SZ","启迪设计","买入","200","25.81","5162","--","5","普通成交"
"2017-07-28","2017-07-28 09:30:00.000","300247.SZ","乐金健康","卖出","900","6.24","5616","222.98 / 4.13%","10.62","普通成交"
"2017-07-27","2017-07-27 09:30:00.000","300500.SZ","启迪设计","买入","100","25.4","2540","--","5","普通成交"
"2017-07-27","2017-07-27 09:30:00.000","300247.SZ","乐金健康","买入","500","6","3000","--","5","普通成交"
"2017-07-27","2017-07-27 09:30:00.000","002318.SZ","久立特材","卖出","700","8.06","5642","159.36 / 2.91%","10.64","普通成交"
"2017-07-27","2017-07-27 09:30:00.000","002200.SZ","云投生态","买入","200","17.35","3470","--","5","普通成交"
"2017-07-27","2017-07-27 09:30:00.000","002052.SZ","同洲电子","卖出","600","6.13","3678","76.92 / 2.14%","8.68","普通成交"
"2017-07-25","2017-07-25 09:30:00.000","300247.SZ","乐金健康","买入","100","6.05","605","--","5","普通成交"
"2017-07-24","2017-07-24 09:30:00.000","600126.SH","杭钢股份","买入","100","7.56","756","--","5","普通成交"
"2017-07-24","2017-07-24 09:30:00.000","300500.SZ","启迪设计","买入","7300","25.21","184033","--","55.21","普通成交"
"2017-07-24","2017-07-24 09:30:00.000","300247.SZ","乐金健康","买入","44400","5.99","265956","--","79.79","普通成交"
"2017-07-24","2017-07-24 09:30:00.000","002318.SZ","久立特材","买入","25500","7.83","199665","--","59.9","普通成交"
"2017-07-24","2017-07-24 09:30:00.000","002200.SZ","云投生态","买入","10900","18.15","197835","--","59.35","普通成交"
"2017-07-24","2017-07-24 09:30:00.000","002052.SZ","同洲电子","买入","21600","6","129600","--","38.88","普通成交"
"2017-07-04","2017-07-04 09:30:00.000","300447.SZ","全信股份","卖出","5900","21.82","128738","-5370.88 / -4.0%","167.36","普通成交"
"2017-07-04","2017-07-04 09:30:00.000","002124.SZ","天邦股份","卖出","25100","8.88","222888","14244.43 / 6.83%","289.75","普通成交"
"2017-07-04","2017-07-04 09:30:00.000","600784.SH","鲁银投资","卖出","1000","6.79","6790","54.0 / 0.8%","11.79","普通成交"
"2017-07-04","2017-07-04 09:30:00.000","000833.SZ","贵糖股份","卖出","32100","7.39","237219","3781.99 / 1.62%","308.38","普通成交"
"2017-07-04","2017-07-04 09:30:00.000","002772.SZ","众兴菌业","卖出","13300","13.49","179417","632.82 / 0.35%","233.24","普通成交"
"2017-07-04","2017-07-04 09:30:00.000","002189.SZ","利达光电","卖出","12100","16.93","204853","11558.03 / 5.98%","266.31","普通成交"
"2017-07-03","2017-07-03 09:30:00.000","600784.SH","鲁银投资","买入","100","6.67","667","--","5","普通成交"
"2017-07-03","2017-07-03 09:30:00.000","300447.SZ","全信股份","买入","100","21.75","2175","--","5","普通成交"
"2017-07-03","2017-07-03 09:30:00.000","002772.SZ","众兴菌业","卖出","100","13.3","1330","-14.24 / -1.06%","6.33","普通成交"
"2017-07-03","2017-07-03 09:30:00.000","002124.SZ","天邦股份","卖出","200","8.65","1730","67.5 / 4.06%","6.73","普通成交"
"2017-06-27","2017-06-27 09:30:00.000","600784.SH","鲁银投资","买入","300","6.75","2025","--","5","普通成交"
"2017-06-27","2017-06-27 09:30:00.000","300447.SZ","全信股份","买入","100","22.17","2217","--","5","普通成交"
"2017-06-27","2017-06-27 09:30:00.000","002124.SZ","天邦股份","卖出","500","8.55","4275","118.75 / 2.86%","9.28","普通成交"
"2017-06-26","2017-06-26 09:30:00.000","600784.SH","鲁银投资","买入","200","6.64","1328","--","5","普通成交"
"2017-06-26","2017-06-26 09:30:00.000","300447.SZ","全信股份","买入","400","22.18","8872","--","5","普通成交"
"2017-06-26","2017-06-26 09:30:00.000","002189.SZ","利达光电","卖出","600","16.43","9858","273.13 / 2.85%","14.86","普通成交"
"2017-06-22","2017-06-22 09:30:00.000","600784.SH","鲁银投资","买入","100","6.68","668","--","5","普通成交"
"2017-06-22","2017-06-22 09:30:00.000","002772.SZ","众兴菌业","买入","200","13.24","2648","--","5","普通成交"
"2017-06-22","2017-06-22 09:30:00.000","002189.SZ","利达光电","卖出","200","17.13","3426","231.04 / 7.23%","8.43","普通成交"
"2017-06-21","2017-06-21 09:30:00.000","600784.SH","鲁银投资","买入","100","6.7","670","--","5","普通成交"
"2017-06-21","2017-06-21 09:30:00.000","300447.SZ","全信股份","买入","200","22.55","4510","--","5","普通成交"
"2017-06-21","2017-06-21 09:30:00.000","002772.SZ","众兴菌业","买入","100","13.36","1336","--","5","普通成交"
"2017-06-21","2017-06-21 09:30:00.000","002189.SZ","利达光电","卖出","400","16.74","6696","306.08 / 4.79%","11.7","普通成交"
"2017-06-20","2017-06-20 09:30:00.000","600784.SH","鲁银投资","买入","200","6.74","1348","--","5","普通成交"
"2017-06-20","2017-06-20 09:30:00.000","002772.SZ","众兴菌业","买入","100","13.57","1357","--","5","普通成交"
"2017-06-20","2017-06-20 09:30:00.000","002189.SZ","利达光电","卖出","100","16.34","1634","36.52 / 2.29%","6.63","普通成交"
"2017-06-20","2017-06-20 09:30:00.000","000833.SZ","贵糖股份","卖出","100","7.38","738","10.78 / 1.48%","5.74","普通成交"
"2017-06-19","2017-06-19 09:30:00.000","300447.SZ","全信股份","买入","5100","22.8","116280","--","34.88","普通成交"
"2017-06-19","2017-06-19 09:30:00.000","002772.SZ","众兴菌业","买入","13000","13.44","174720","--","52.42","普通成交"
"2017-06-19","2017-06-19 09:30:00.000","002189.SZ","利达光电","买入","13400","15.97","213998","--","64.2","普通成交"
"2017-06-19","2017-06-19 09:30:00.000","002124.SZ","天邦股份","买入","25800","8.31","214398","--","64.32","普通成交"
"2017-06-19","2017-06-19 09:30:00.000","000833.SZ","贵糖股份","买入","32200","7.27","234094","--","70.23","普通成交"
"2017-06-13","2017-06-13 09:30:00.000","002047.SZ","宝鹰股份","卖出","30100","8.7","261870","53515.51 / 25.68%","340.43","普通成交"
"2017-06-13","2017-06-13 09:30:00.000","600336.SH","澳柯玛","卖出","41300","5.53","228389","4428.28 / 1.98%","296.91","普通成交"
"2017-06-13","2017-06-13 09:30:00.000","002789.SZ","建艺集团","卖出","2500","50.57","126425","16523.14 / 15.03%","164.35","普通成交"
"2017-06-13","2017-06-13 09:30:00.000","600530.SH","交大昂立","卖出","9200","5.47","50324","673.43 / 1.36%","65.42","普通成交"
"2017-06-13","2017-06-13 09:30:00.000","600419.SH","天润乳业","卖出","2600","49.4","128440","19857.43 / 18.29%","166.97","普通成交"
"2017-06-13","2017-06-13 09:30:00.000","002052.SZ","同洲电子","卖出","25200","6.35","160020","13859.46 / 9.48%","208.03","普通成交"
"2017-06-12","2017-06-12 09:30:00.000","600530.SH","交大昂立","买入","800","5.59","4472","--","5","普通成交"
"2017-06-12","2017-06-12 09:30:00.000","600336.SH","澳柯玛","买入","400","5.65","2260","--","5","普通成交"
"2017-06-12","2017-06-12 09:30:00.000","002789.SZ","建艺集团","卖出","100","52.97","5297","900.93 / 20.49%","10.3","普通成交"
"2017-06-12","2017-06-12 09:30:00.000","002052.SZ","同洲电子","买入","900","6.41","5769","--","5","普通成交"
"2017-06-12","2017-06-12 09:30:00.000","002047.SZ","宝鹰股份","卖出","800","8.66","6928","1390.34 / 25.11%","11.93","普通成交"
"2017-06-09","2017-06-09 09:30:00.000","600530.SH","交大昂立","买入","600","5.56","3336","--","5","普通成交"
"2017-06-09","2017-06-09 09:30:00.000","600336.SH","澳柯玛","买入","1600","5.66","9056","--","5","普通成交"
"2017-06-09","2017-06-09 09:30:00.000","002052.SZ","同洲电子","买入","800","6.52","5216","--","5","普通成交"
"2017-06-09","2017-06-09 09:30:00.000","002047.SZ","宝鹰股份","卖出","2000","8.8","17600","3755.85 / 27.13%","22.88","普通成交"
"2017-06-08","2017-06-08 09:30:00.000","600530.SH","交大昂立","买入","1500","5.55","8325","--","5","普通成交"
"2017-06-08","2017-06-08 09:30:00.000","600419.SH","天润乳业","卖出","100","48.32","4832","655.75 / 15.7%","9.83","普通成交"
"2017-06-08","2017-06-08 09:30:00.000","600336.SH","澳柯玛","买入","1100","5.7","6270","--","5","普通成交"
"2017-06-08","2017-06-08 09:30:00.000","002047.SZ","宝鹰股份","卖出","1200","8.44","10128","1821.51 / 21.93%","15.13","普通成交"
"2017-06-07","2017-06-07 09:30:00.000","600530.SH","交大昂立","买入","900","5.47","4923","--","5","普通成交"
"2017-06-07","2017-06-07 09:30:00.000","600336.SH","澳柯玛","买入","100","5.53","553","--","5","普通成交"
"2017-06-07","2017-06-07 09:30:00.000","002789.SZ","建艺集团","买入","100","45.1","4510","--","5","普通成交"
"2017-06-07","2017-06-07 09:30:00.000","002052.SZ","同洲电子","卖出","1500","6.6","9900","1272.41 / 14.75%","14.9","普通成交"
"2017-06-05","2017-06-05 09:30:00.000","600530.SH","交大昂立","买入","5400","5.29","28566","--","8.57","普通成交"
"2017-06-05","2017-06-05 09:30:00.000","600419.SH","天润乳业","买入","2700","41.75","112725","--","33.82","普通成交"
"2017-06-05","2017-06-05 09:30:00.000","600336.SH","澳柯玛","买入","38100","5.4","205740","--","61.72","普通成交"
"2017-06-05","2017-06-05 09:30:00.000","002789.SZ","建艺集团","买入","2500","43.9","109750","--","32.93","普通成交"
"2017-06-05","2017-06-05 09:30:00.000","002052.SZ","同洲电子","买入","25000","5.75","143750","--","43.13","普通成交"
"2017-06-05","2017-06-05 09:30:00.000","002047.SZ","宝鹰股份","买入","34100","6.92","235972","--","70.79","普通成交"
"2017-06-01","2017-06-01 09:30:00.000","300217.SZ","东方电热","卖出","54700","3.74","204578","18375.12 / 9.87%","265.95","普通成交"
"2017-06-01","2017-06-01 09:30:00.000","300093.SZ","金刚玻璃","卖出","9500","16.59","157605","-13923.87 / -8.12%","204.89","普通成交"
"2017-06-01","2017-06-01 09:30:00.000","002723.SZ","金莱特","卖出","7800","18.62","145236","-199.62 / -0.14%","188.81","普通成交"
"2017-06-01","2017-06-01 09:30:00.000","600876.SH","洛阳玻璃","卖出","12600","15.1","190260","-30600.0 / -13.85%","247.34","普通成交"
"2017-05-31","2017-05-31 09:30:00.000","600876.SH","洛阳玻璃","买入","100","15.4","1540","--","5","普通成交"
"2017-05-31","2017-05-31 09:30:00.000","600193.SH","创兴资源","买入","400","6.9","2760","--","5","普通成交"
"2017-05-31","2017-05-31 09:30:00.000","300217.SZ","东方电热","卖出","500","3.8","1900","197.96 / 11.63%","6.9","普通成交"
"2017-05-31","2017-05-31 09:30:00.000","002789.SZ","建艺集团","卖出","3000","46.88","140640","-1760.06 / -1.24%","182.83","普通成交"
"2017-05-26","2017-05-26 09:30:00.000","600876.SH","洛阳玻璃","买入","100","15.32","1532","--","5","普通成交"
"2017-05-26","2017-05-26 09:30:00.000","600193.SH","创兴资源","买入","100","6.91","691","--","5","普通成交"
"2017-05-26","2017-05-26 09:30:00.000","300217.SZ","东方电热","卖出","700","3.79","2653","270.15 / 11.34%","7.65","普通成交"
"2017-05-26","2017-05-26 09:30:00.000","002789.SZ","建艺集团","买入","100","44.2","4420","--","5","普通成交"
"2017-05-25","2017-05-25 09:30:00.000","600876.SH","洛阳玻璃","买入","600","15.2","9120","--","5","普通成交"
"2017-05-25","2017-05-25 09:30:00.000","600193.SH","创兴资源","买入","300","6.86","2058","--","5","普通成交"
"2017-05-25","2017-05-25 09:30:00.000","300217.SZ","东方电热","卖出","4000","3.8","15200","1583.7 / 11.63%","20.2","普通成交"
"2017-05-24","2017-05-24 09:30:00.000","600876.SH","洛阳玻璃","买入","400","15.52","6208","--","5","普通成交"
"2017-05-24","2017-05-24 09:30:00.000","600193.SH","创兴资源","卖出","100","6.77","677","-74.13 / -9.87%","5.68","普通成交"
"2017-05-24","2017-05-24 09:30:00.000","300217.SZ","东方电热","卖出","200","3.34","668","-12.81 / -1.88%","5.67","普通成交"
"2017-05-24","2017-05-24 09:30:00.000","300093.SZ","金刚玻璃","卖出","200","16.12","3224","-387.13 / -10.72%","8.22","普通成交"
"2017-05-24","2017-05-24 09:30:00.000","002789.SZ","建艺集团","买入","100","43.98","4398","--","5","普通成交"
"2017-05-23","2017-05-23 09:30:00.000","600876.SH","洛阳玻璃","买入","800","17.09","13672","--","5","普通成交"
"2017-05-23","2017-05-23 09:30:00.000","600193.SH","创兴资源","买入","2300","7.15","16445","--","5","普通成交"
"2017-05-23","2017-05-23 09:30:00.000","300217.SZ","东方电热","卖出","1000","3.53","3530","125.93 / 3.7%","8.53","普通成交"
"2017-05-23","2017-05-23 09:30:00.000","300093.SZ","金刚玻璃","买入","200","16.89","3378","--","5","普通成交"
"2017-05-23","2017-05-23 09:30:00.000","002789.SZ","建艺集团","买入","2800","47.69","133532","--","40.06","普通成交"
"2017-05-23","2017-05-23 09:30:00.000","002723.SZ","金莱特","买入","7800","18.64","145392","--","43.62","普通成交"
"2017-05-23","2017-05-23 09:30:00.000","002519.SZ","银河电子","卖出","9800","15.13","148274","2471.01 / 1.69%","192.76","普通成交"
"2017-05-23","2017-05-23 09:30:00.000","000628.SZ","高新发展","卖出","18000","9.41","169380","-2318.51 / -1.35%","220.19","普通成交"
"2017-05-22","2017-05-22 09:30:00.000","600193.SH","创兴资源","买入","2600","7.32","19032","--","5.71","普通成交"
"2017-05-22","2017-05-22 09:30:00.000","300217.SZ","东方电热","卖出","2200","3.58","7876","387.04 / 5.17%","12.88","普通成交"
"2017-05-22","2017-05-22 09:30:00.000","300093.SZ","金刚玻璃","卖出","600","18","10800","-47.81 / -0.44%","15.8","普通成交"
"2017-05-22","2017-05-22 09:30:00.000","000628.SZ","高新发展","买入","100","9.6","960","--","5","普通成交"
"2017-05-19","2017-05-19 09:30:00.000","600876.SH","洛阳玻璃","买入","100","17.8","1780","--","5","普通成交"
"2017-05-19","2017-05-19 09:30:00.000","600193.SH","创兴资源","卖出","300","7.45","2235","-33.55 / -1.48%","7.24","普通成交"
"2017-05-19","2017-05-19 09:30:00.000","300217.SZ","东方电热","买入","500","3.5","1750","--","5","普通成交"
"2017-05-19","2017-05-19 09:30:00.000","300093.SZ","金刚玻璃","卖出","100","17.9","1790","-17.97 / -0.99%","6.79","普通成交"
"2017-05-18","2017-05-18 09:30:00.000","300217.SZ","东方电热","买入","1900","3.48","6612","--","5","普通成交"
"2017-05-18","2017-05-18 09:30:00.000","300093.SZ","金刚玻璃","卖出","400","17.48","6992","-239.87 / -3.32%","11.99","普通成交"
"2017-05-18","2017-05-18 09:30:00.000","002519.SZ","银河电子","买入","400","15.21","6084","--","5","普通成交"
"2017-05-18","2017-05-18 09:30:00.000","000628.SZ","高新发展","买入","200","9.63","1926","--","5","普通成交"
"2017-05-17","2017-05-17 09:30:00.000","600876.SH","洛阳玻璃","买入","200","17.89","3578","--","5","普通成交"
"2017-05-17","2017-05-17 09:30:00.000","600193.SH","创兴资源","买入","300","7.35","2205","--","5","普通成交"
"2017-05-17","2017-05-17 09:30:00.000","300217.SZ","东方电热","卖出","3800","3.65","13870","947.13 / 7.33%","18.87","普通成交"
"2017-05-17","2017-05-17 09:30:00.000","000628.SZ","高新发展","买入","100","9.65","965","--","5","普通成交"
"2017-05-16","2017-05-16 09:30:00.000","600876.SH","洛阳玻璃","买入","10300","17.8","183340","--","55","普通成交"
"2017-05-16","2017-05-16 09:30:00.000","600193.SH","创兴资源","买入","500","7.16","3580","--","5","普通成交"
"2017-05-16","2017-05-16 09:30:00.000","300217.SZ","东方电热","买入","200","3.29","658","--","5","普通成交"
"2017-05-16","2017-05-16 09:30:00.000","002519.SZ","银河电子","买入","200","15.24","3048","--","5","普通成交"
"2017-05-16","2017-05-16 09:30:00.000","000628.SZ","高新发展","买入","17300","9.54","165042","--","49.51","普通成交"
"2017-05-16","2017-05-16 09:30:00.000","002593.SZ","日上集团","卖出","34800","5.23","182004","-9763.08 / -5.09%","236.61","普通成交"
"2017-05-16","2017-05-16 09:30:00.000","002201.SZ","九鼎新材","卖出","13000","13.47","175110","-8803.71 / -4.79%","227.64","普通成交"
"2017-05-15","2017-05-15 09:30:00.000","600193.SH","创兴资源","买入","1300","7.19","9347","--","5","普通成交"
"2017-05-15","2017-05-15 09:30:00.000","300217.SZ","东方电热","卖出","1100","3.25","3575","-166.12 / -4.44%","8.58","普通成交"
"2017-05-15","2017-05-15 09:30:00.000","300093.SZ","金刚玻璃","卖出","300","16.35","4905","-518.91 / -9.57%","9.91","普通成交"
"2017-05-15","2017-05-15 09:30:00.000","002593.SZ","日上集团","卖出","200","5.21","1042","-60.11 / -5.45%","6.04","普通成交"
"2017-05-15","2017-05-15 09:30:00.000","000628.SZ","高新发展","买入","300","9.12","2736","--","5","普通成交"
"2017-05-12","2017-05-12 09:30:00.000","600193.SH","创兴资源","卖出","200","7.15","1430","-88.4 / -5.82%","6.43","普通成交"
"2017-05-12","2017-05-12 09:30:00.000","300217.SZ","东方电热","卖出","100","3.31","331","-9.1 / -2.68%","5.33","普通成交"
"2017-05-12","2017-05-12 09:30:00.000","300093.SZ","金刚玻璃","买入","100","16.44","1644","--","5","普通成交"
"2017-05-12","2017-05-12 09:30:00.000","002519.SZ","银河电子","卖出","200","15.02","3004","33.11 / 1.11%","8","普通成交"
"2017-05-12","2017-05-12 09:30:00.000","002201.SZ","九鼎新材","买入","100","13.2","1320","--","5","普通成交"
"2017-05-11","2017-05-11 09:30:00.000","600193.SH","创兴资源","买入","300","7.13","2139","--","5","普通成交"
"2017-05-11","2017-05-11 09:30:00.000","300217.SZ","东方电热","卖出","200","3.37","674","-6.2 / -0.91%","5.67","普通成交"
"2017-05-11","2017-05-11 09:30:00.000","002201.SZ","九鼎新材","买入","100","13.38","1338","--","5","普通成交"
"2017-05-10","2017-05-10 09:30:00.000","600193.SH","创兴资源","卖出","100","7.53","753","-6.75 / -0.89%","5.75","普通成交"
"2017-05-10","2017-05-10 09:30:00.000","300217.SZ","东方电热","卖出","800","3.45","2760","39.18 / 1.44%","7.76","普通成交"
"2017-05-10","2017-05-10 09:30:00.000","300093.SZ","金刚玻璃","买入","100","17.2","1720","--","5","普通成交"
"2017-05-10","2017-05-10 09:30:00.000","002593.SZ","日上集团","买入","100","5.42","542","--","5","普通成交"
"2017-05-10","2017-05-10 09:30:00.000","002519.SZ","银河电子","卖出","100","15.36","1536","50.55 / 3.4%","6.54","普通成交"
"2017-05-09","2017-05-09 09:30:00.000","600193.SH","创兴资源","买入","500","7.36","3680","--","5","普通成交"
"2017-05-09","2017-05-09 09:30:00.000","300093.SZ","金刚玻璃","买入","100","17.72","1772","--","5","普通成交"
"2017-05-09","2017-05-09 09:30:00.000","002593.SZ","日上集团","买入","300","5.38","1614","--","5","普通成交"
"2017-05-09","2017-05-09 09:30:00.000","002519.SZ","银河电子","卖出","100","15","1500","14.55 / 0.98%","6.5","普通成交"
"2017-05-09","2017-05-09 09:30:00.000","002201.SZ","九鼎新材","买入","400","13.7","5480","--","5","普通成交"
"2017-05-08","2017-05-08 09:30:00.000","600193.SH","创兴资源","买入","23800","7.6","180880","--","54.26","普通成交"
"2017-05-08","2017-05-08 09:30:00.000","300217.SZ","东方电热","买入","66700","3.4","226780","--","68.03","普通成交"
"2017-05-08","2017-05-08 09:30:00.000","300093.SZ","金刚玻璃","买入","10600","18.1","191860","--","57.56","普通成交"
"2017-05-08","2017-05-08 09:30:00.000","002593.SZ","日上集团","买入","34600","5.51","190646","--","57.19","普通成交"
"2017-05-08","2017-05-08 09:30:00.000","002519.SZ","银河电子","买入","9600","14.85","142560","--","42.77","普通成交"
"2017-05-08","2017-05-08 09:30:00.000","002201.SZ","九鼎新材","买入","12400","14.17","175708","--","52.71","普通成交"
"2017-04-18","2017-04-18 09:30:00.000","002582.SZ","好想你","卖出","6400","26.58","170112","-2881.11 / -1.67%","221.15","普通成交"
"2017-04-18","2017-04-18 09:30:00.000","002473.SZ","圣莱达","卖出","7400","23.08","170792","-9964.57 / -5.51%","222.03","普通成交"
"2017-04-18","2017-04-18 09:30:00.000","600530.SH","交大昂立","卖出","31500","6.55","206325","-10728.49 / -4.94%","268.22","普通成交"
"2017-04-17","2017-04-17 09:30:00.000","600530.SH","交大昂立","买入","200","6.66","1332","--","5","普通成交"
"2017-04-17","2017-04-17 09:30:00.000","600193.SH","创兴资源","卖出","18800","9.09","170892","-5650.4 / -3.2%","222.16","普通成交"
"2017-04-17","2017-04-17 09:30:00.000","300217.SZ","东方电热","卖出","51400","3.89","199946","-4687.37 / -2.29%","259.93","普通成交"
"2017-04-17","2017-04-17 09:30:00.000","002593.SZ","日上集团","卖出","31200","6.52","203424","-8156.05 / -3.85%","264.45","普通成交"
"2017-04-17","2017-04-17 09:30:00.000","002473.SZ","圣莱达","卖出","100","23.75","2375","-67.66 / -2.77%","7.38","普通成交"
"2017-04-14","2017-04-14 09:30:00.000","600530.SH","交大昂立","买入","100","6.79","679","--","5","普通成交"
"2017-04-14","2017-04-14 09:30:00.000","600193.SH","创兴资源","买入","100","9.05","905","--","5","普通成交"
"2017-04-14","2017-04-14 09:30:00.000","002593.SZ","日上集团","买入","200","6.66","1332","--","5","普通成交"
"2017-04-13","2017-04-13 09:30:00.000","600530.SH","交大昂立","卖出","300","6.81","2043","-24.62 / -1.19%","7.04","普通成交"
"2017-04-13","2017-04-13 09:30:00.000","300217.SZ","东方电热","卖出","100","3.91","391","-7.12 / -1.79%","5.39","普通成交"
"2017-04-13","2017-04-13 09:30:00.000","002593.SZ","日上集团","卖出","100","6.75","675","-3.2 / -0.47%","5.68","普通成交"
"2017-04-13","2017-04-13 09:30:00.000","002473.SZ","圣莱达","买入","100","23.58","2358","--","5","普通成交"
"2017-04-12","2017-04-12 09:30:00.000","002593.SZ","日上集团","卖出","100","6.7","670","-8.2 / -1.21%","5.67","普通成交"
"2017-04-11","2017-04-11 09:30:00.000","600530.SH","交大昂立","卖出","100","6.77","677","-12.21 / -1.77%","5.68","普通成交"
"2017-04-11","2017-04-11 09:30:00.000","600193.SH","创兴资源","买入","100","9.21","921","--","5","普通成交"
"2017-04-11","2017-04-11 09:30:00.000","300217.SZ","东方电热","卖出","200","3.89","778","-18.24 / -2.29%","5.78","普通成交"
"2017-04-11","2017-04-11 09:30:00.000","002593.SZ","日上集团","卖出","100","6.76","676","-2.2 / -0.32%","5.68","普通成交"
"2017-04-11","2017-04-11 09:30:00.000","002582.SZ","好想你","买入","100","25.85","2585","--","5","普通成交"
"2017-04-10","2017-04-10 09:30:00.000","600530.SH","交大昂立","买入","31600","6.89","217724","--","65.32","普通成交"
"2017-04-10","2017-04-10 09:30:00.000","600193.SH","创兴资源","买入","18600","9.39","174654","--","52.4","普通成交"
"2017-04-10","2017-04-10 09:30:00.000","300217.SZ","东方电热","买入","51700","3.98","205766","--","61.73","普通成交"
"2017-04-10","2017-04-10 09:30:00.000","002593.SZ","日上集团","买入","31300","6.78","212214","--","63.66","普通成交"
"2017-04-10","2017-04-10 09:30:00.000","002582.SZ","好想你","买入","6300","27.04","170352","--","51.11","普通成交"
"2017-04-10","2017-04-10 09:30:00.000","002473.SZ","圣莱达","买入","7400","24.43","180782","--","54.23","普通成交"
"2017-03-28","2017-03-28 09:30:00.000","002519.SZ","银河电子","卖出","10400","20.76","215904","-3689.23 / -1.68%","280.68","普通成交"
"2017-03-28","2017-03-28 09:30:00.000","600530.SH","交大昂立","卖出","26700","6.94","185298","-5640.2 / -2.95%","240.89","普通成交"
"2017-03-28","2017-03-28 09:30:00.000","600186.SH","莲花健康","卖出","41500","4.88","202520","-1692.44 / -0.83%","263.28","普通成交"
"2017-03-27","2017-03-27 09:30:00.000","600186.SH","莲花健康","卖出","100","4.85","485","-7.08 / -1.44%","5.49","普通成交"
"2017-03-27","2017-03-27 09:30:00.000","300196.SZ","长海股份","卖出","6000","36.9","221400","6115.43 / 2.84%","287.82","普通成交"
"2017-03-27","2017-03-27 09:30:00.000","002718.SZ","友邦吊顶","卖出","2400","70.47","169128","-320.75 / -0.19%","219.87","普通成交"
"2017-03-24","2017-03-24 09:30:00.000","600530.SH","交大昂立","买入","300","7.06","2118","--","5","普通成交"
"2017-03-24","2017-03-24 09:30:00.000","600186.SH","莲花健康","买入","100","4.84","484","--","5","普通成交"
"2017-03-24","2017-03-24 09:30:00.000","300196.SZ","长海股份","卖出","200","37.01","7402","225.85 / 3.15%","12.4","普通成交"
"2017-03-24","2017-03-24 09:30:00.000","002519.SZ","银河电子","买入","100","20.9","2090","--","5","普通成交"
"2017-03-23","2017-03-23 09:30:00.000","600530.SH","交大昂立","买入","200","7.12","1424","--","5","普通成交"
"2017-03-23","2017-03-23 09:30:00.000","600186.SH","莲花健康","买入","300","4.83","1449","--","5","普通成交"
"2017-03-22","2017-03-22 09:30:00.000","600186.SH","莲花健康","买入","200","4.88","976","--","5","普通成交"
"2017-03-21","2017-03-21 09:30:00.000","600530.SH","交大昂立","卖出","100","7.18","718","2.79 / 0.39%","5.72","普通成交"
"2017-03-21","2017-03-21 09:30:00.000","002718.SZ","友邦吊顶","买入","100","69","6900","--","5","普通成交"
"2017-03-20","2017-03-20 09:30:00.000","600530.SH","交大昂立","买入","26300","7.15","188045","--","56.41","普通成交"
"2017-03-20","2017-03-20 09:30:00.000","600186.SH","莲花健康","买入","41000","4.92","201720","--","60.52","普通成交"
"2017-03-20","2017-03-20 09:30:00.000","300196.SZ","长海股份","买入","6200","35.87","222394","--","66.72","普通成交"
"2017-03-20","2017-03-20 09:30:00.000","002718.SZ","友邦吊顶","买入","2300","70.65","162495","--","48.75","普通成交"
"2017-03-20","2017-03-20 09:30:00.000","002519.SZ","银河电子","买入","10300","21.11","217433","--","65.23","普通成交"
"2017-02-14","2017-02-14 09:30:00.000","002742.SZ","三圣股份","卖出","10400","22.73","236392","18654.69 / 8.57%","307.31","普通成交"
"2017-02-14","2017-02-14 09:30:00.000","002626.SZ","金达威","卖出","15300","14.14","216342","2084.41 / 0.97%","281.24","普通成交"
"2017-02-14","2017-02-14 09:30:00.000","600882.SH","广泽股份","卖出","15900","10.77","171243","1345.7 / 0.79%","222.62","普通成交"
"2017-02-14","2017-02-14 09:30:00.000","002717.SZ","岭南园林","卖出","7800","24.29","189462","1014.21 / 0.54%","246.3","普通成交"
"2017-02-14","2017-02-14 09:30:00.000","300374.SZ","恒通科技","卖出","8200","19.1","156620","9784.65 / 6.66%","203.61","普通成交"
"2017-02-14","2017-02-14 09:30:00.000","002504.SZ","弘高创意","卖出","24500","8.15","199675","12963.19 / 6.94%","259.58","普通成交"
"2017-02-13","2017-02-13 09:30:00.000","600882.SH","广泽股份","买入","100","10.79","1079","--","5","普通成交"
"2017-02-13","2017-02-13 09:30:00.000","002626.SZ","金达威","买入","200","13.85","2770","--","5","普通成交"
"2017-02-13","2017-02-13 09:30:00.000","002504.SZ","弘高创意","卖出","500","7.88","3940","129.55 / 3.4%","8.94","普通成交"
"2017-02-10","2017-02-10 09:30:00.000","600882.SH","广泽股份","买入","100","10.82","1082","--","5","普通成交"
"2017-02-10","2017-02-10 09:30:00.000","002717.SZ","岭南园林","买入","100","24.32","2432","--","5","普通成交"
"2017-02-10","2017-02-10 09:30:00.000","002626.SZ","金达威","买入","100","14.01","1401","--","5","普通成交"
"2017-02-10","2017-02-10 09:30:00.000","002504.SZ","弘高创意","卖出","400","7.7","3080","31.64 / 1.04%","8.08","普通成交"
"2017-02-09","2017-02-09 09:30:00.000","002742.SZ","三圣股份","卖出","200","22.15","4430","242.74 / 5.8%","9.43","普通成交"
"2017-02-09","2017-02-09 09:30:00.000","002626.SZ","金达威","买入","100","13.8","1380","--","5","普通成交"
"2017-02-08","2017-02-08 09:30:00.000","300374.SZ","恒通科技","卖出","100","18.21","1821","30.32 / 1.69%","6.82","普通成交"
"2017-02-08","2017-02-08 09:30:00.000","002504.SZ","弘高创意","买入","200","7.42","1484","--","5","普通成交"
"2017-02-07","2017-02-07 09:30:00.000","600882.SH","广泽股份","买入","15700","10.68","167676","--","50.3","普通成交"
"2017-02-07","2017-02-07 09:30:00.000","300374.SZ","恒通科技","买入","100","17.97","1797","--","5","普通成交"
"2017-02-07","2017-02-07 09:30:00.000","002742.SZ","三圣股份","卖出","100","21.58","2158","64.37 / 3.07%","7.16","普通成交"
"2017-02-07","2017-02-07 09:30:00.000","002717.SZ","岭南园林","买入","7700","24.15","185955","--","55.79","普通成交"
"2017-02-07","2017-02-07 09:30:00.000","002626.SZ","金达威","买入","1300","13.85","18005","--","5.4","普通成交"
"2017-02-07","2017-02-07 09:30:00.000","002062.SZ","宏润建设","卖出","25000","6.49","162250","2952.22 / 1.85%","210.93","普通成交"
"2017-02-07","2017-02-07 09:30:00.000","600530.SH","交大昂立","卖出","29600","7.1","210160","1417.4 / 0.68%","273.21","普通成交"
"2017-02-06","2017-02-06 09:30:00.000","002626.SZ","金达威","买入","1900","13.81","26239","--","7.87","普通成交"
"2017-02-06","2017-02-06 09:30:00.000","002504.SZ","弘高创意","卖出","2700","7.48","20196","-384.17 / -1.87%","26.25","普通成交"
"2017-02-06","2017-02-06 09:30:00.000","002062.SZ","宏润建设","卖出","100","6.4","640","2.81 / 0.44%","5.64","普通成交"
"2017-02-03","2017-02-03 09:30:00.000","600530.SH","交大昂立","买入","29600","7.05","208680","--","62.6","普通成交"
"2017-02-03","2017-02-03 09:30:00.000","300374.SZ","恒通科技","买入","8200","17.9","146780","--","44.03","普通成交"
"2017-02-03","2017-02-03 09:30:00.000","002742.SZ","三圣股份","买入","10700","20.93","223951","--","67.19","普通成交"
"2017-02-03","2017-02-03 09:30:00.000","002626.SZ","金达威","买入","11700","14.05","164385","--","49.32","普通成交"
"2017-02-03","2017-02-03 09:30:00.000","002504.SZ","弘高创意","买入","27900","7.62","212598","--","63.78","普通成交"
"2017-02-03","2017-02-03 09:30:00.000","002062.SZ","宏润建设","买入","25100","6.37","159887","--","47.97","普通成交"
"2017-01-17","2017-01-17 09:30:00.000","002135.SZ","东南网架","卖出","30000","6.91","207300","-15078.58 / -6.78%","269.49","普通成交"
"2017-01-17","2017-01-17 09:30:00.000","002302.SZ","西部建设","卖出","28000","8.58","240240","25034.44 / 11.63%","312.31","普通成交"
"2017-01-17","2017-01-17 09:30:00.000","002568.SZ","百润股份","卖出","8800","20.05","176440","-1151.09 / -0.65%","229.37","普通成交"
"2017-01-17","2017-01-17 09:30:00.000","603601.SH","再升科技","卖出","7500","17.01","127575","-3517.34 / -2.68%","165.85","普通成交"
"2017-01-17","2017-01-17 09:30:00.000","002504.SZ","弘高创意","卖出","22300","7.13","158999","-23672.43 / -12.96%","206.7","普通成交"
"2017-01-16","2017-01-16 09:30:00.000","603601.SH","再升科技","卖出","500","18.12","9060","320.51 / 3.67%","14.06","普通成交"
"2017-01-16","2017-01-16 09:30:00.000","600530.SH","交大昂立","卖出","28000","7.32","204960","-9279.51 / -4.33%","266.45","普通成交"
"2017-01-16","2017-01-16 09:30:00.000","002302.SZ","西部建设","买入","400","8.52","3408","--","5","普通成交"
"2017-01-13","2017-01-13 09:30:00.000","603601.SH","再升科技","买入","100","17.07","1707","--","5","普通成交"
"2017-01-13","2017-01-13 09:30:00.000","002568.SZ","百润股份","卖出","200","21.04","4208","171.84 / 4.26%","9.21","普通成交"
"2017-01-13","2017-01-13 09:30:00.000","002504.SZ","弘高创意","买入","300","7.87","2361","--","5","普通成交"
"2017-01-13","2017-01-13 09:30:00.000","002302.SZ","西部建设","卖出","300","9.3","2790","487.91 / 21.19%","7.79","普通成交"
"2017-01-13","2017-01-13 09:30:00.000","002135.SZ","东南网架","买入","400","7.31","2924","--","5","普通成交"
"2017-01-12","2017-01-12 09:30:00.000","603601.SH","再升科技","买入","300","17.01","5103","--","5","普通成交"
"2017-01-12","2017-01-12 09:30:00.000","600530.SH","交大昂立","买入","800","7.59","6072","--","5","普通成交"
"2017-01-12","2017-01-12 09:30:00.000","002568.SZ","百润股份","买入","100","20.34","2034","--","5","普通成交"
"2017-01-12","2017-01-12 09:30:00.000","002504.SZ","弘高创意","买入","800","8","6400","--","5","普通成交"
"2017-01-12","2017-01-12 09:30:00.000","002302.SZ","西部建设","卖出","2500","9","22500","3315.89 / 17.28%","29.25","普通成交"
"2017-01-12","2017-01-12 09:30:00.000","002135.SZ","东南网架","买入","700","7.45","5215","--","5","普通成交"
"2017-01-11","2017-01-11 09:30:00.000","603601.SH","再升科技","买入","200","17.71","3542","--","5","普通成交"
"2017-01-11","2017-01-11 09:30:00.000","600530.SH","交大昂立","买入","400","7.69","3076","--","5","普通成交"
"2017-01-11","2017-01-11 09:30:00.000","002568.SZ","百润股份","买入","100","20.34","2034","--","5","普通成交"
"2017-01-11","2017-01-11 09:30:00.000","002504.SZ","弘高创意","买入","600","8.2","4920","--","5","普通成交"
"2017-01-11","2017-01-11 09:30:00.000","002302.SZ","西部建设","卖出","2200","8.78","19316","2433.98 / 14.42%","25.11","普通成交"
"2017-01-11","2017-01-11 09:30:00.000","002135.SZ","东南网架","买入","300","7.45","2235","--","5","普通成交"
"2017-01-10","2017-01-10 09:30:00.000","603601.SH","再升科技","卖出","100","18","1800","50.48 / 2.89%","6.8","普通成交"
"2017-01-10","2017-01-10 09:30:00.000","002504.SZ","弘高创意","买入","100","8.2","820","--","5","普通成交"
"2017-01-10","2017-01-10 09:30:00.000","002302.SZ","西部建设","买入","100","8.06","806","--","5","普通成交"
"2017-01-09","2017-01-09 09:30:00.000","603601.SH","再升科技","买入","7500","17.49","131175","--","39.35","普通成交"
"2017-01-09","2017-01-09 09:30:00.000","600530.SH","交大昂立","买入","26800","7.65","205020","--","61.51","普通成交"
"2017-01-09","2017-01-09 09:30:00.000","002568.SZ","百润股份","买入","8800","20.17","177496","--","53.25","普通成交"
"2017-01-09","2017-01-09 09:30:00.000","002504.SZ","弘高创意","买入","20500","8.2","168100","--","50.43","普通成交"
"2017-01-09","2017-01-09 09:30:00.000","002302.SZ","西部建设","买入","32500","7.67","249275","--","74.78","普通成交"
"2017-01-09","2017-01-09 09:30:00.000","002135.SZ","东南网架","买入","28600","7.41","211926","--","63.58","普通成交"
"2016-11-15","2016-11-15 09:30:00.000","300342.SZ","天银机电","卖出","8000","24.61","196880","-1339.45 / -0.68%","255.94","普通成交"
"2016-11-15","2016-11-15 09:30:00.000","600983.SH","惠而浦","卖出","16500","11.21","184965","115.9 / 0.06%","240.45","普通成交"
"2016-11-14","2016-11-14 09:30:00.000","300196.SZ","长海股份","卖出","5500","39.66","218130","2520.34 / 1.17%","283.57","普通成交"
"2016-11-14","2016-11-14 09:30:00.000","002596.SZ","海南瑞泽","卖出","5400","29.4","158760","-7069.73 / -4.26%","206.39","普通成交"
"2016-11-14","2016-11-14 09:30:00.000","002557.SZ","洽洽食品","卖出","11600","17.49","202884","-60.34 / -0.03%","263.75","普通成交"
"2016-11-14","2016-11-14 09:30:00.000","000869.SZ","张裕A","卖出","4800","38.08","182784","2874.04 / 1.6%","237.62","普通成交"
"2016-11-11","2016-11-11 09:30:00.000","600983.SH","惠而浦","买入","100","11.09","1109","--","5","普通成交"
"2016-11-08","2016-11-08 09:30:00.000","002557.SZ","洽洽食品","买入","100","17.44","1744","--","5","普通成交"
"2016-11-07","2016-11-07 09:30:00.000","600983.SH","惠而浦","买入","16400","11.2","183680","--","55.1","普通成交"
"2016-11-07","2016-11-07 09:30:00.000","300342.SZ","天银机电","买入","8000","24.77","198160","--","59.45","普通成交"
"2016-11-07","2016-11-07 09:30:00.000","300196.SZ","长海股份","买入","5500","39.19","215545","--","64.66","普通成交"
"2016-11-07","2016-11-07 09:30:00.000","002596.SZ","海南瑞泽","买入","5400","30.7","165780","--","49.73","普通成交"
"2016-11-07","2016-11-07 09:30:00.000","002557.SZ","洽洽食品","买入","11500","17.49","201135","--","60.34","普通成交"
"2016-11-07","2016-11-07 09:30:00.000","000869.SZ","张裕A","买入","4800","37.47","179856","--","53.96","普通成交"
"2016-11-01","2016-11-01 09:30:00.000","300389.SZ","艾比森","卖出","8900","23.12","205768","-7263.18 / -3.41%","267.5","普通成交"
"2016-11-01","2016-11-01 09:30:00.000","300162.SZ","雷曼股份","卖出","9900","17.64","174636","-4467.12 / -2.49%","227.03","普通成交"
"2016-10-31","2016-10-31 09:30:00.000","300342.SZ","天银机电","卖出","6500","25.45","165425","-2000.22 / -1.19%","215.05","普通成交"
"2016-10-31","2016-10-31 09:30:00.000","300162.SZ","雷曼股份","买入","100","17.72","1772","--","5","普通成交"
"2016-10-31","2016-10-31 09:30:00.000","002557.SZ","洽洽食品","卖出","11100","17.39","193029","-7792.1 / -3.88%","250.94","普通成交"
"2016-10-31","2016-10-31 09:30:00.000","002403.SZ","爱仕达","卖出","14800","14.74","218152","-4042.13 / -1.82%","283.6","普通成交"
"2016-10-31","2016-10-31 09:30:00.000","000869.SZ","张裕A","卖出","5200","37.49","194948","-110.5 / -0.06%","253.43","普通成交"
"2016-10-28","2016-10-28 09:30:00.000","002403.SZ","爱仕达","买入","100","14.89","1489","--","5","普通成交"
"2016-10-27","2016-10-27 09:30:00.000","300162.SZ","雷曼股份","卖出","100","18.08","1808","-1.45 / -0.08%","6.81","普通成交"
"2016-10-26","2016-10-26 09:30:00.000","300389.SZ","艾比森","买入","100","23.79","2379","--","5","普通成交"
"2016-10-26","2016-10-26 09:30:00.000","300342.SZ","天银机电","卖出","100","26.19","2619","43.23 / 1.68%","7.62","普通成交"
"2016-10-26","2016-10-26 09:30:00.000","002403.SZ","爱仕达","买入","100","15.08","1508","--","5","普通成交"
"2016-10-25","2016-10-25 09:30:00.000","300389.SZ","艾比森","买入","8800","23.93","210584","--","63.18","普通成交"
"2016-10-25","2016-10-25 09:30:00.000","300162.SZ","雷曼股份","买入","1500","17.8","26700","--","8.01","普通成交"
"2016-10-25","2016-10-25 09:30:00.000","002557.SZ","洽洽食品","买入","100","17.41","1741","--","5","普通成交"
"2016-10-25","2016-10-25 09:30:00.000","002403.SZ","爱仕达","卖出","100","15.17","1517","15.72 / 1.05%","6.52","普通成交"
"2016-10-25","2016-10-25 09:30:00.000","002119.SZ","康强电子","卖出","12000","19.89","238680","1969.0 / 0.83%","310.28","普通成交"
"2016-10-24","2016-10-24 09:30:00.000","002557.SZ","洽洽食品","买入","100","17.25","1725","--","5","普通成交"
"2016-10-21","2016-10-21 09:30:00.000","300162.SZ","雷曼股份","卖出","100","18","1800","-14.61 / -0.81%","6.8","普通成交"
"2016-10-21","2016-10-21 09:30:00.000","002557.SZ","洽洽食品","买入","100","17.95","1795","--","5","普通成交"
"2016-10-21","2016-10-21 09:30:00.000","002403.SZ","爱仕达","买入","100","14.9","1490","--","5","普通成交"
"2016-10-21","2016-10-21 09:30:00.000","002119.SZ","康强电子","卖出","200","20.01","4002","56.82 / 1.44%","9","普通成交"
"2016-10-20","2016-10-20 09:30:00.000","300162.SZ","雷曼股份","买入","100","18.1","1810","--","5","普通成交"
"2016-10-20","2016-10-20 09:30:00.000","002557.SZ","洽洽食品","买入","100","18.12","1812","--","5","普通成交"
"2016-10-20","2016-10-20 09:30:00.000","002403.SZ","爱仕达","卖出","100","15.02","1502","0.68 / 0.05%","6.5","普通成交"
"2016-10-19","2016-10-19 09:30:00.000","300162.SZ","雷曼股份","买入","100","18.15","1815","--","5","普通成交"
"2016-10-19","2016-10-19 09:30:00.000","002557.SZ","洽洽食品","卖出","100","18.38","1838","27.46 / 1.52%","6.84","普通成交"
"2016-10-18","2016-10-18 09:30:00.000","002403.SZ","爱仕达","买入","100","14.78","1478","--","5","普通成交"
"2016-10-17","2016-10-17 09:30:00.000","300342.SZ","天银机电","买入","6600","25.75","169950","--","50.99","普通成交"
"2016-10-17","2016-10-17 09:30:00.000","300162.SZ","雷曼股份","买入","8300","18.14","150562","--","45.17","普通成交"
"2016-10-17","2016-10-17 09:30:00.000","002557.SZ","洽洽食品","买入","10800","18.1","195480","--","58.64","普通成交"
"2016-10-17","2016-10-17 09:30:00.000","002403.SZ","爱仕达","买入","14600","15.01","219146","--","65.74","普通成交"
"2016-10-17","2016-10-17 09:30:00.000","002119.SZ","康强电子","买入","12200","19.72","240584","--","72.18","普通成交"
"2016-10-17","2016-10-17 09:30:00.000","000869.SZ","张裕A","买入","5200","37.5","195000","--","58.5","普通成交"
"2016-10-11","2016-10-11 09:30:00.000","000807.SZ","云铝股份","卖出","38800","6.24","242112","3410.06 / 1.43%","314.75","普通成交"
"2016-10-11","2016-10-11 09:30:00.000","002240.SZ","威华股份","卖出","12900","11.91","153639","16728.94 / 12.22%","199.73","普通成交"
"2016-10-10","2016-10-10 09:30:00.000","300342.SZ","天银机电","卖出","8600","24.78","213108","2162.21 / 1.03%","277.04","普通成交"
"2016-10-10","2016-10-10 09:30:00.000","300162.SZ","雷曼股份","卖出","9900","17.41","172359","-6384.5 / -3.57%","224.07","普通成交"
"2016-10-10","2016-10-10 09:30:00.000","002420.SZ","毅昌股份","卖出","18800","9.37","176156","5961.82 / 3.5%","229","普通成交"
"2016-10-10","2016-10-10 09:30:00.000","002240.SZ","威华股份","卖出","200","11.76","2352","229.36 / 10.81%","7.35","普通成交"
"2016-10-10","2016-10-10 09:30:00.000","002119.SZ","康强电子","卖出","11400","19.01","216714","-1010.57 / -0.46%","281.73","普通成交"
"2016-10-10","2016-10-10 09:30:00.000","000807.SZ","云铝股份","买入","300","6.14","1842","--","5","普通成交"
"2016-09-30","2016-09-30 09:30:00.000","002240.SZ","威华股份","卖出","200","11.45","2290","167.36 / 7.88%","7.29","普通成交"
"2016-09-30","2016-09-30 09:30:00.000","000807.SZ","云铝股份","买入","200","6.11","1222","--","5","普通成交"
"2016-09-29","2016-09-29 09:30:00.000","300162.SZ","雷曼股份","买入","200","16.91","3382","--","5","普通成交"
"2016-09-29","2016-09-29 09:30:00.000","002420.SZ","毅昌股份","买入","100","9.12","912","--","5","普通成交"
"2016-09-29","2016-09-29 09:30:00.000","002240.SZ","威华股份","卖出","300","11.2","3360","176.05 / 5.53%","8.36","普通成交"
"2016-09-28","2016-09-28 09:30:00.000","002420.SZ","毅昌股份","卖出","100","9.23","923","17.77 / 1.96%","5.92","普通成交"
"2016-09-27","2016-09-27 09:30:00.000","300342.SZ","天银机电","买入","1700","24.35","41395","--","12.42","普通成交"
"2016-09-27","2016-09-27 09:30:00.000","300162.SZ","雷曼股份","买入","300","17.16","5148","--","5","普通成交"
"2016-09-27","2016-09-27 09:30:00.000","002420.SZ","毅昌股份","买入","18200","9.05","164710","--","49.41","普通成交"
"2016-09-27","2016-09-27 09:30:00.000","002240.SZ","威华股份","卖出","100","10.8","1080","18.68 / 1.76%","6.08","普通成交"
"2016-09-27","2016-09-27 09:30:00.000","000807.SZ","云铝股份","买入","400","6.08","2432","--","5","普通成交"
"2016-09-27","2016-09-27 09:30:00.000","000801.SZ","四川九洲","卖出","18800","11.39","214132","5898.19 / 2.83%","278.37","普通成交"
"2016-09-26","2016-09-26 09:30:00.000","002420.SZ","毅昌股份","买入","600","9.03","5418","--","5","普通成交"
"2016-09-26","2016-09-26 09:30:00.000","002240.SZ","威华股份","卖出","500","11.08","5540","233.41 / 4.4%","10.54","普通成交"
"2016-09-26","2016-09-26 09:30:00.000","002119.SZ","康强电子","买入","100","19.09","1909","--","5","普通成交"
"2016-09-26","2016-09-26 09:30:00.000","000807.SZ","云铝股份","买入","300","6.22","1866","--","5","普通成交"
"2016-09-26","2016-09-26 09:30:00.000","000801.SZ","四川九洲","卖出","100","11.73","1173","65.37 / 5.9%","6.17","普通成交"
"2016-09-23","2016-09-23 09:30:00.000","002240.SZ","威华股份","卖出","100","10.87","1087","25.68 / 2.42%","6.09","普通成交"
"2016-09-23","2016-09-23 09:30:00.000","000807.SZ","云铝股份","卖出","200","6.27","1254","23.57 / 1.92%","6.25","普通成交"
"2016-09-22","2016-09-22 09:30:00.000","000801.SZ","四川九洲","买入","100","11.58","1158","--","5","普通成交"
"2016-09-21","2016-09-21 09:30:00.000","300342.SZ","天银机电","买入","200","24.66","4932","--","5","普通成交"
"2016-09-21","2016-09-21 09:30:00.000","300162.SZ","雷曼股份","买入","100","18.18","1818","--","5","普通成交"
"2016-09-21","2016-09-21 09:30:00.000","002119.SZ","康强电子","买入","100","19.29","1929","--","5","普通成交"
"2016-09-21","2016-09-21 09:30:00.000","000807.SZ","云铝股份","买入","200","6.18","1236","--","5","普通成交"
"2016-09-21","2016-09-21 09:30:00.000","000801.SZ","四川九洲","卖出","700","11.6","8120","368.68 / 4.76%","13.12","普通成交"
"2016-09-20","2016-09-20 09:30:00.000","002240.SZ","威华股份","卖出","200","10.65","2130","7.36 / 0.35%","7.13","普通成交"
"2016-09-20","2016-09-20 09:30:00.000","002119.SZ","康强电子","买入","100","19.09","1909","--","5","普通成交"
"2016-09-19","2016-09-19 09:30:00.000","300342.SZ","天银机电","买入","6700","24.56","164552","--","49.37","普通成交"
"2016-09-19","2016-09-19 09:30:00.000","300162.SZ","雷曼股份","买入","9300","18.1","168330","--","50.5","普通成交"
"2016-09-19","2016-09-19 09:30:00.000","002240.SZ","威华股份","买入","14500","10.61","153845","--","46.15","普通成交"
"2016-09-19","2016-09-19 09:30:00.000","002119.SZ","康强电子","买入","11100","19.09","211899","--","63.57","普通成交"
"2016-09-19","2016-09-19 09:30:00.000","000807.SZ","云铝股份","买入","37600","6.15","231240","--","69.37","普通成交"
"2016-09-19","2016-09-19 09:30:00.000","000801.SZ","四川九洲","买入","19500","11.07","215865","--","64.76","普通成交"
"2016-08-23","2016-08-23 09:30:00.000","600575.SH","皖江物流","卖出","48800","4.43","216184","8190.33 / 3.94%","281.04","普通成交"
"2016-08-23","2016-08-23 09:30:00.000","600136.SH","当代明诚","卖出","8900","20.62","183518","-3939.31 / -2.1%","238.57","普通成交"
"2016-08-23","2016-08-23 09:30:00.000","600753.SH","东方银星","卖出","6000","27.86","167160","377.83 / 0.23%","217.31","普通成交"
"2016-08-22","2016-08-22 09:30:00.000","600986.SH","科达股份","卖出","15700","15.42","242094","6209.26 / 2.63%","314.72","普通成交"
"2016-08-22","2016-08-22 09:30:00.000","600575.SH","皖江物流","买入","100","4.35","435","--","5","普通成交"
"2016-08-22","2016-08-22 09:30:00.000","600136.SH","当代明诚","买入","200","21.18","4236","--","5","普通成交"
"2016-08-22","2016-08-22 09:30:00.000","300063.SZ","天龙集团","卖出","5100","27.69","141219","5263.23 / 3.87%","183.58","普通成交"
"2016-08-22","2016-08-22 09:30:00.000","000613.SZ","大东海A","卖出","14500","14","203000","13686.84 / 7.23%","263.9","普通成交"
"2016-08-19","2016-08-19 09:30:00.000","600575.SH","皖江物流","卖出","100","4.35","435","8.81 / 2.07%","5.44","普通成交"
"2016-08-19","2016-08-19 09:30:00.000","000613.SZ","大东海A","卖出","100","13.55","1355","49.39 / 3.78%","6.36","普通成交"
"2016-08-18","2016-08-18 09:30:00.000","600575.SH","皖江物流","买入","100","4.34","434","--","5","普通成交"
"2016-08-18","2016-08-18 09:30:00.000","600136.SH","当代明诚","买入","100","21.27","2127","--","5","普通成交"
"2016-08-16","2016-08-16 09:30:00.000","600753.SH","东方银星","买入","100","28.26","2826","--","5","普通成交"
"2016-08-16","2016-08-16 09:30:00.000","600575.SH","皖江物流","买入","300","4.3","1290","--","5","普通成交"
"2016-08-16","2016-08-16 09:30:00.000","000613.SZ","大东海A","买入","100","13.32","1332","--","5","普通成交"
"2016-08-15","2016-08-15 09:30:00.000","600986.SH","科达股份","买入","15700","15.02","235814","--","70.74","普通成交"
"2016-08-15","2016-08-15 09:30:00.000","600753.SH","东方银星","买入","5900","27.78","163902","--","49.17","普通成交"
"2016-08-15","2016-08-15 09:30:00.000","600575.SH","皖江物流","买入","48400","4.26","206184","--","61.86","普通成交"
"2016-08-15","2016-08-15 09:30:00.000","600136.SH","当代明诚","买入","8600","21.05","181030","--","54.31","普通成交"
"2016-08-15","2016-08-15 09:30:00.000","300063.SZ","天龙集团","买入","5100","26.65","135915","--","40.77","普通成交"
"2016-08-15","2016-08-15 09:30:00.000","000613.SZ","大东海A","买入","14500","13.05","189225","--","56.77","普通成交"
"2016-08-09","2016-08-09 09:30:00.000","002461.SZ","珠江啤酒","卖出","14900","12.23","182227","1889.01 / 1.05%","236.9","普通成交"
"2016-08-09","2016-08-09 09:30:00.000","300132.SZ","青松股份","卖出","23300","7.92","184536","-8298.25 / -4.3%","239.9","普通成交"
"2016-08-09","2016-08-09 09:30:00.000","600238.SH","海南椰岛","卖出","16900","11.4","192660","-9822.74 / -4.85%","250.46","普通成交"
"2016-08-09","2016-08-09 09:30:00.000","002160.SZ","常铝股份","卖出","21900","8.95","196005","-1829.94 / -0.92%","254.81","普通成交"
"2016-08-09","2016-08-09 09:30:00.000","600249.SH","两面针","卖出","24100","7.87","189667","13028.15 / 7.38%","246.57","普通成交"
"2016-08-09","2016-08-09 09:30:00.000","600615.SH","丰华股份","卖出","9400","18.85","177190","-7411.77 / -4.02%","230.35","普通成交"
"2016-08-08","2016-08-08 09:30:00.000","600249.SH","两面针","买入","500","7.87","3935","--","5","普通成交"
"2016-08-08","2016-08-08 09:30:00.000","600238.SH","海南椰岛","卖出","100","11.35","1135","-63.12 / -5.27%","6.14","普通成交"
"2016-08-08","2016-08-08 09:30:00.000","300132.SZ","青松股份","卖出","100","7.78","778","-49.61 / -5.99%","5.78","普通成交"
"2016-08-08","2016-08-08 09:30:00.000","002461.SZ","珠江啤酒","卖出","100","12.1","1210","-0.32 / -0.03%","6.21","普通成交"
"2016-08-05","2016-08-05 09:30:00.000","600249.SH","两面针","买入","200","8","1600","--","5","普通成交"
"2016-08-05","2016-08-05 09:30:00.000","600238.SH","海南椰岛","买入","200","11.33","2266","--","5","普通成交"
"2016-08-05","2016-08-05 09:30:00.000","300132.SZ","青松股份","卖出","200","7.84","1568","-87.23 / -5.27%","6.57","普通成交"
"2016-08-05","2016-08-05 09:30:00.000","002160.SZ","常铝股份","卖出","100","8.88","888","-15.36 / -1.7%","5.89","普通成交"
"2016-08-04","2016-08-04 09:30:00.000","600615.SH","丰华股份","买入","100","19.04","1904","--","5","普通成交"
"2016-08-04","2016-08-04 09:30:00.000","600249.SH","两面针","卖出","500","8.09","4045","389.15 / 10.64%","9.05","普通成交"
"2016-08-04","2016-08-04 09:30:00.000","600238.SH","海南椰岛","买入","400","11.3","4520","--","5","普通成交"
"2016-08-04","2016-08-04 09:30:00.000","300132.SZ","青松股份","买入","500","7.78","3890","--","5","普通成交"
"2016-08-04","2016-08-04 09:30:00.000","002461.SZ","珠江啤酒","卖出","100","12.09","1209","-1.32 / -0.11%","6.21","普通成交"
"2016-08-03","2016-08-03 09:30:00.000","600249.SH","两面针","卖出","900","7.8","7020","439.47 / 6.68%","12.02","普通成交"
"2016-08-03","2016-08-03 09:30:00.000","002461.SZ","珠江啤酒","买入","100","11.7","1170","--","5","普通成交"
"2016-08-03","2016-08-03 09:30:00.000","002160.SZ","常铝股份","买入","100","8.68","868","--","5","普通成交"
"2016-08-02","2016-08-02 09:30:00.000","600249.SH","两面针","买入","500","7.32","3660","--","5","普通成交"
"2016-08-02","2016-08-02 09:30:00.000","300132.SZ","青松股份","买入","900","7.69","6921","--","5","普通成交"
"2016-08-02","2016-08-02 09:30:00.000","002461.SZ","珠江啤酒","买入","200","11.69","2338","--","5","普通成交"
"2016-08-02","2016-08-02 09:30:00.000","002160.SZ","常铝股份","卖出","200","8.56","1712","-94.99 / -5.26%","6.71","普通成交"
"2016-08-01","2016-08-01 09:30:00.000","600249.SH","两面针","卖出","1000","7.68","7680","368.67 / 5.04%","12.68","普通成交"
"2016-08-01","2016-08-01 09:30:00.000","600238.SH","海南椰岛","卖出","500","11.7","5850","-152.59 / -2.54%","10.85","普通成交"
"2016-08-01","2016-08-01 09:30:00.000","300132.SZ","青松股份","买入","100","7.85","785","--","5","普通成交"
"2016-08-01","2016-08-01 09:30:00.000","002461.SZ","珠江啤酒","买入","600","11.8","7080","--","5","普通成交"
"2016-08-01","2016-08-01 09:30:00.000","002160.SZ","常铝股份","买入","300","8.68","2604","--","5","普通成交"
"2016-07-29","2016-07-29 09:30:00.000","600615.SH","丰华股份","买入","100","19.37","1937","--","5","普通成交"
"2016-07-29","2016-07-29 09:30:00.000","600249.SH","两面针","卖出","1600","7.4","11840","141.88 / 1.21%","16.84","普通成交"
"2016-07-29","2016-07-29 09:30:00.000","002160.SZ","常铝股份","买入","500","8.67","4335","--","5","普通成交"
"2016-07-28","2016-07-28 09:30:00.000","600615.SH","丰华股份","卖出","200","19.51","3902","-27.36 / -0.7%","8.9","普通成交"
"2016-07-28","2016-07-28 09:30:00.000","600249.SH","两面针","买入","200","7.25","1450","--","5","普通成交"
"2016-07-28","2016-07-28 09:30:00.000","600238.SH","海南椰岛","卖出","200","11.75","2350","-51.03 / -2.13%","7.35","普通成交"
"2016-07-28","2016-07-28 09:30:00.000","002160.SZ","常铝股份","买入","200","8.53","1706","--","5","普通成交"
"2016-07-27","2016-07-27 09:30:00.000","600615.SH","丰华股份","卖出","100","20.02","2002","37.32 / 1.9%","7","普通成交"
"2016-07-27","2016-07-27 09:30:00.000","600238.SH","海南椰岛","买入","100","12.12","1212","--","5","普通成交"
"2016-07-26","2016-07-26 09:30:00.000","600615.SH","丰华股份","买入","200","19.2","3840","--","5","普通成交"
"2016-07-26","2016-07-26 09:30:00.000","600249.SH","两面针","买入","400","7.26","2904","--","5","普通成交"
"2016-07-26","2016-07-26 09:30:00.000","600238.SH","海南椰岛","买入","200","12.03","2406","--","5","普通成交"
"2016-07-26","2016-07-26 09:30:00.000","300132.SZ","青松股份","卖出","100","8.28","828","-3.25 / -0.39%","5.83","普通成交"
"2016-07-26","2016-07-26 09:30:00.000","002160.SZ","常铝股份","卖出","300","9.1","2730","14.19 / 0.52%","7.73","普通成交"
"2016-07-25","2016-07-25 09:30:00.000","600615.SH","丰华股份","买入","9300","19.65","182745","--","54.82","普通成交"
"2016-07-25","2016-07-25 09:30:00.000","600249.SH","两面针","买入","26300","7.31","192253","--","57.68","普通成交"
"2016-07-25","2016-07-25 09:30:00.000","600238.SH","海南椰岛","买入","16800","12","201600","--","60.48","普通成交"
"2016-07-25","2016-07-25 09:30:00.000","300132.SZ","青松股份","买入","22200","8.31","184482","--","55.34","普通成交"
"2016-07-25","2016-07-25 09:30:00.000","002461.SZ","珠江啤酒","买入","14200","12.12","172104","--","51.63","普通成交"
"2016-07-25","2016-07-25 09:30:00.000","002160.SZ","常铝股份","买入","21400","9.05","193670","--","58.1","普通成交"
"2016-07-19","2016-07-19 09:30:00.000","600371.SH","万向德农","卖出","10000","16.2","162000","472.88 / 0.29%","210.6","普通成交"
"2016-07-19","2016-07-19 09:30:00.000","600191.SH","华资实业","卖出","15800","13.56","214248","-7429.65 / -3.35%","278.52","普通成交"
"2016-07-18","2016-07-18 09:30:00.000","600615.SH","丰华股份","卖出","9900","19.07","188793","3995.39 / 2.16%","245.43","普通成交"
"2016-07-18","2016-07-18 09:30:00.000","600371.SH","万向德农","卖出","300","16.65","4995","149.19 / 3.08%","10","普通成交"
"2016-07-18","2016-07-18 09:30:00.000","600238.SH","海南椰岛","卖出","16100","12.45","200445","9568.55 / 5.01%","260.58","普通成交"
"2016-07-18","2016-07-18 09:30:00.000","600191.SH","华资实业","买入","300","13.42","4026","--","5","普通成交"
"2016-07-18","2016-07-18 09:30:00.000","002461.SZ","珠江啤酒","卖出","14600","12.26","178996","822.56 / 0.46%","232.69","普通成交"
"2016-07-18","2016-07-18 09:30:00.000","002160.SZ","常铝股份","卖出","19300","9.48","182964","-54.89 / -0.03%","237.85","普通成交"
"2016-07-15","2016-07-15 09:30:00.000","600615.SH","丰华股份","卖出","300","19.23","5769","169.07 / 3.02%","10.77","普通成交"
"2016-07-15","2016-07-15 09:30:00.000","600371.SH","万向德农","买入","100","16.11","1611","--","5","普通成交"
"2016-07-15","2016-07-15 09:30:00.000","600238.SH","海南椰岛","卖出","200","12.45","2490","118.86 / 5.01%","7.49","普通成交"
"2016-07-14","2016-07-14 09:30:00.000","600615.SH","丰华股份","买入","100","18.7","1870","--","5","普通成交"
"2016-07-13","2016-07-13 09:30:00.000","600238.SH","海南椰岛","买入","100","12.15","1215","--","5","普通成交"
"2016-07-13","2016-07-13 09:30:00.000","600191.SH","华资实业","买入","200","13.58","2716","--","5","普通成交"
"2016-07-13","2016-07-13 09:30:00.000","002461.SZ","珠江啤酒","卖出","200","12.25","2450","9.27 / 0.38%","7.45","普通成交"
"2016-07-12","2016-07-12 09:30:00.000","600371.SH","万向德农","买入","100","15.88","1588","--","5","普通成交"
"2016-07-12","2016-07-12 09:30:00.000","600238.SH","海南椰岛","卖出","400","12.2","4880","138.58 / 2.92%","9.88","普通成交"
"2016-07-12","2016-07-12 09:30:00.000","600191.SH","华资实业","买入","200","13.51","2702","--","5","普通成交"
"2016-07-12","2016-07-12 09:30:00.000","002160.SZ","常铝股份","卖出","100","9.7","970","21.72 / 2.29%","5.97","普通成交"
"2016-07-11","2016-07-11 09:30:00.000","600615.SH","丰华股份","买入","10100","18.66","188466","--","56.54","普通成交"
"2016-07-11","2016-07-11 09:30:00.000","600371.SH","万向德农","买入","10100","16.15","163115","--","48.93","普通成交"
"2016-07-11","2016-07-11 09:30:00.000","600238.SH","海南椰岛","买入","16600","11.85","196710","--","59.01","普通成交"
"2016-07-11","2016-07-11 09:30:00.000","600191.SH","华资实业","买入","15100","14.05","212155","--","63.65","普通成交"
"2016-07-11","2016-07-11 09:30:00.000","002461.SZ","珠江啤酒","买入","14800","12.2","180560","--","54.17","普通成交"
"2016-07-11","2016-07-11 09:30:00.000","002160.SZ","常铝股份","买入","19400","9.48","183912","--","55.17","普通成交"
"2016-06-28","2016-06-28 09:30:00.000","600371.SH","万向德农","卖出","10800","15","162000","852.49 / 0.53%","210.6","普通成交"
"2016-06-28","2016-06-28 09:30:00.000","002216.SZ","三全食品","卖出","25600","8.59","219904","15894.96 / 7.79%","285.88","普通成交"
"2016-06-28","2016-06-28 09:30:00.000","600191.SH","华资实业","卖出","16700","13.12","219104","10251.55 / 4.91%","284.84","普通成交"
"2016-06-27","2016-06-27 09:30:00.000","601998.SH","中信银行","卖出","31100","5.56","172916","1379.91 / 0.8%","224.79","普通成交"
"2016-06-27","2016-06-27 09:30:00.000","601818.SH","光大银行","卖出","55900","3.62","202358","4735.98 / 2.4%","263.07","普通成交"
"2016-06-27","2016-06-27 09:30:00.000","600371.SH","万向德农","买入","100","14.53","1453","--","5","普通成交"
"2016-06-27","2016-06-27 09:30:00.000","600191.SH","华资实业","买入","400","13.1","5240","--","5","普通成交"
"2016-06-27","2016-06-27 09:30:00.000","002732.SZ","燕塘乳业","卖出","5800","25.37","147146","-1082.12 / -0.73%","191.29","普通成交"
"2016-06-27","2016-06-27 09:30:00.000","002216.SZ","三全食品","卖出","1000","8.57","8570","600.9 / 7.54%","13.57","普通成交"
"2016-06-24","2016-06-24 09:30:00.000","601998.SH","中信银行","买入","600","5.63","3378","--","5","普通成交"
"2016-06-24","2016-06-24 09:30:00.000","601818.SH","光大银行","买入","1300","3.67","4771","--","5","普通成交"
"2016-06-24","2016-06-24 09:30:00.000","600371.SH","万向德农","买入","200","14.94","2988","--","5","普通成交"
"2016-06-24","2016-06-24 09:30:00.000","600191.SH","华资实业","卖出","1100","13.59","14949","1208.62 / 8.8%","19.95","普通成交"
"2016-06-23","2016-06-23 09:30:00.000","601818.SH","光大银行","买入","100","3.68","368","--","5","普通成交"
"2016-06-23","2016-06-23 09:30:00.000","600191.SH","华资实业","买入","200","12.38","2476","--","5","普通成交"
"2016-06-23","2016-06-23 09:30:00.000","002216.SZ","三全食品","买入","100","8.29","829","--","5","普通成交"
"2016-06-22","2016-06-22 09:30:00.000","601998.SH","中信银行","卖出","200","5.57","1114","11.36 / 1.03%","6.11","普通成交"
"2016-06-22","2016-06-22 09:30:00.000","601818.SH","光大银行","卖出","700","3.64","2548","75.87 / 3.07%","7.55","普通成交"
"2016-06-21","2016-06-21 09:30:00.000","601818.SH","光大银行","买入","100","3.64","364","--","5","普通成交"
"2016-06-21","2016-06-21 09:30:00.000","600191.SH","华资实业","买入","16500","12.49","206085","--","61.83","普通成交"
"2016-06-21","2016-06-21 09:30:00.000","002216.SZ","三全食品","买入","1100","8.35","9185","--","5","普通成交"
"2016-06-21","2016-06-21 09:30:00.000","300175.SZ","朗源股份","卖出","20500","8.41","172405","14781.7 / 9.38%","224.13","普通成交"
"2016-06-20","2016-06-20 09:30:00.000","601998.SH","中信银行","买入","200","5.57","1114","--","5","普通成交"
"2016-06-20","2016-06-20 09:30:00.000","600371.SH","万向德农","卖出","2900","15.09","43761","482.91 / 1.12%","56.89","普通成交"
"2016-06-20","2016-06-20 09:30:00.000","600191.SH","华资实业","买入","700","12.45","8715","--","5","普通成交"
"2016-06-20","2016-06-20 09:30:00.000","300175.SZ","朗源股份","买入","100","8.25","825","--","5","普通成交"
"2016-06-20","2016-06-20 09:30:00.000","002732.SZ","燕塘乳业","卖出","400","26.3","10520","297.37 / 2.91%","15.52","普通成交"
"2016-06-20","2016-06-20 09:30:00.000","002216.SZ","三全食品","买入","500","8.3","4150","--","5","普通成交"
"2016-06-20","2016-06-20 00:00:00.000","600371.SH","万向德农","卖出","0","15","278.72","--","69.68","除权除息"
"2016-06-17","2016-06-17 09:30:00.000","601998.SH","中信银行","买入","600","5.57","3342","--","5","普通成交"
"2016-06-17","2016-06-17 09:30:00.000","601818.SH","光大银行","买入","700","3.63","2541","--","5","普通成交"
"2016-06-17","2016-06-17 09:30:00.000","600371.SH","万向德农","买入","100","14.97","1497","--","5","普通成交"
"2016-06-17","2016-06-17 09:30:00.000","300175.SZ","朗源股份","卖出","700","8.28","5796","415.84 / 7.73%","10.8","普通成交"
"2016-06-17","2016-06-17 09:30:00.000","002732.SZ","燕塘乳业","卖出","200","26","5200","88.69 / 1.74%","10.2","普通成交"
"2016-06-16","2016-06-16 09:30:00.000","601818.SH","光大银行","买入","700","3.64","2548","--","5","普通成交"
"2016-06-16","2016-06-16 09:30:00.000","300175.SZ","朗源股份","卖出","300","8.2","2460","154.22 / 6.69%","7.46","普通成交"
"2016-06-15","2016-06-15 09:30:00.000","601998.SH","中信银行","买入","100","5.51","551","--","5","普通成交"
"2016-06-15","2016-06-15 09:30:00.000","601818.SH","光大银行","买入","500","3.62","1810","--","5","普通成交"
"2016-06-15","2016-06-15 09:30:00.000","600371.SH","万向德农","买入","100","14.59","1459","--","5","普通成交"
"2016-06-15","2016-06-15 09:30:00.000","300175.SZ","朗源股份","买入","700","7.7","5390","--","5","普通成交"
"2016-06-15","2016-06-15 09:30:00.000","002216.SZ","三全食品","卖出","500","8.12","4060","88.13 / 2.22%","9.06","普通成交"
"2016-06-14","2016-06-14 09:30:00.000","601998.SH","中信银行","卖出","200","5.52","1104","1.76 / 0.16%","6.1","普通成交"
"2016-06-14","2016-06-14 09:30:00.000","601818.SH","光大银行","卖出","1100","3.63","3993","112.77 / 2.91%","8.99","普通成交"
"2016-06-14","2016-06-14 09:30:00.000","002216.SZ","三全食品","买入","2400","7.81","18744","--","5.62","普通成交"
"2016-06-13","2016-06-13 09:30:00.000","601998.SH","中信银行","卖出","1100","5.66","6226","163.68 / 2.7%","11.23","普通成交"
"2016-06-13","2016-06-13 09:30:00.000","601818.SH","光大银行","买入","1200","3.68","4416","--","5","普通成交"
"2016-06-13","2016-06-13 09:30:00.000","600371.SH","万向德农","卖出","200","15.01","3002","10.96 / 0.37%","8","普通成交"
"2016-06-13","2016-06-13 09:30:00.000","300175.SZ","朗源股份","买入","400","8.13","3252","--","5","普通成交"
"2016-06-13","2016-06-13 09:30:00.000","002732.SZ","燕塘乳业","卖出","700","25.2","17640","-249.6 / -1.4%","22.93","普通成交"
"2016-06-13","2016-06-13 09:30:00.000","002216.SZ","三全食品","买入","200","8.06","1612","--","5","普通成交"
"2016-06-08","2016-06-08 09:30:00.000","601998.SH","中信银行","买入","100","5.69","569","--","5","普通成交"
"2016-06-08","2016-06-08 09:30:00.000","601818.SH","光大银行","买入","100","3.7","370","--","5","普通成交"
"2016-06-07","2016-06-07 09:30:00.000","600371.SH","万向德农","买入","400","15.5","6200","--","5","普通成交"
"2016-06-07","2016-06-07 09:30:00.000","300175.SZ","朗源股份","买入","100","8.11","811","--","5","普通成交"
"2016-06-07","2016-06-07 09:30:00.000","002732.SZ","燕塘乳业","买入","7000","25.55","178850","--","53.66","普通成交"
"2016-06-07","2016-06-07 09:30:00.000","002216.SZ","三全食品","卖出","300","8.3","2490","103.1 / 4.32%","7.49","普通成交"
"2016-06-07","2016-06-07 09:30:00.000","002461.SZ","珠江啤酒","卖出","15600","11.91","185796","6799.37 / 3.8%","241.53","普通成交"
"2016-06-06","2016-06-06 09:30:00.000","601998.SH","中信银行","买入","2100","5.72","12012","--","5","普通成交"
"2016-06-06","2016-06-06 09:30:00.000","601818.SH","光大银行","卖出","3100","3.71","11501","578.1 / 5.29%","16.5","普通成交"
"2016-06-06","2016-06-06 09:30:00.000","600371.SH","万向德农","买入","700","15.6","10920","--","5","普通成交"
"2016-06-06","2016-06-06 09:30:00.000","300175.SZ","朗源股份","卖出","1300","8.24","10712","736.03 / 7.38%","15.71","普通成交"
"2016-06-06","2016-06-06 09:30:00.000","002732.SZ","燕塘乳业","买入","100","25.43","2543","--","5","普通成交"
"2016-06-06","2016-06-06 09:30:00.000","002461.SZ","珠江啤酒","卖出","300","12.08","3624","181.76 / 5.28%","8.62","普通成交"
"2016-06-03","2016-06-03 09:30:00.000","601998.SH","中信银行","买入","100","5.73","573","--","5","普通成交"
"2016-06-03","2016-06-03 09:30:00.000","601818.SH","光大银行","买入","400","3.69","1476","--","5","普通成交"
"2016-06-03","2016-06-03 09:30:00.000","600371.SH","万向德农","卖出","100","15.75","1575","85.0 / 5.7%","6.58","普通成交"
"2016-06-02","2016-06-02 09:30:00.000","002216.SZ","三全食品","卖出","100","8.03","803","7.37 / 0.93%","5.8","普通成交"
"2016-06-01","2016-06-01 09:30:00.000","601818.SH","光大银行","买入","100","3.7","370","--","5","普通成交"
"2016-06-01","2016-06-01 09:30:00.000","300175.SZ","朗源股份","买入","200","8.3","1660","--","5","普通成交"
"2016-05-31","2016-05-31 09:30:00.000","601818.SH","光大银行","卖出","400","3.59","1436","27.27 / 1.94%","6.44","普通成交"
"2016-05-31","2016-05-31 09:30:00.000","300175.SZ","朗源股份","买入","700","8.03","5621","--","5","普通成交"
"2016-05-31","2016-05-31 09:30:00.000","002461.SZ","珠江啤酒","买入","300","11.37","3411","--","5","普通成交"
"2016-05-31","2016-05-31 09:30:00.000","002216.SZ","三全食品","买入","300","7.8","2340","--","5","普通成交"
"2016-05-31","2016-05-31 00:00:00.000","002216.SZ","三全食品","卖出","0","7.75","238.16","--","59.54","除权除息"
"2016-05-30","2016-05-30 09:30:00.000","601998.SH","中信银行","买入","100","5.53","553","--","5","普通成交"
"2016-05-30","2016-05-30 09:30:00.000","601818.SH","光大银行","卖出","300","3.55","1065","8.45 / 0.8%","6.07","普通成交"
"2016-05-30","2016-05-30 09:30:00.000","600371.SH","万向德农","卖出","700","15.07","10549","119.02 / 1.14%","15.55","普通成交"
"2016-05-30","2016-05-30 00:00:00.000","002461.SZ","珠江啤酒","卖出","0","11.47","624","--","156","除权除息"
"2016-05-27","2016-05-27 09:30:00.000","600371.SH","万向德农","买入","200","15","3000","--","5","普通成交"
"2016-05-27","2016-05-27 09:30:00.000","002461.SZ","珠江啤酒","卖出","100","11.46","1146","-6.59 / -0.57%","6.15","普通成交"
"2016-05-27","2016-05-27 09:30:00.000","002216.SZ","三全食品","买入","100","7.77","777","--","5","普通成交"
"2016-05-26","2016-05-26 09:30:00.000","601998.SH","中信银行","卖出","100","5.47","547","-2.38 / -0.43%","5.55","普通成交"
"2016-05-26","2016-05-26 09:30:00.000","601818.SH","光大银行","卖出","500","3.55","1775","14.09 / 0.8%","6.78","普通成交"
"2016-05-26","2016-05-26 09:30:00.000","300175.SZ","朗源股份","买入","200","7.76","1552","--","5","普通成交"
"2016-05-26","2016-05-26 09:30:00.000","002216.SZ","三全食品","买入","400","7.82","3128","--","5","普通成交"
"2016-05-25","2016-05-25 09:30:00.000","601998.SH","中信银行","买入","300","5.51","1653","--","5","普通成交"
"2016-05-25","2016-05-25 09:30:00.000","600371.SH","万向德农","卖出","400","15.31","6124","164.79 / 2.77%","11.12","普通成交"
"2016-05-25","2016-05-25 09:30:00.000","300175.SZ","朗源股份","买入","100","7.88","788","--","5","普通成交"
"2016-05-25","2016-05-25 09:30:00.000","002461.SZ","珠江啤酒","卖出","100","11.51","1151","-1.59 / -0.14%","6.15","普通成交"
"2016-05-24","2016-05-24 09:30:00.000","601998.SH","中信银行","买入","100","5.53","553","--","5","普通成交"
"2016-05-24","2016-05-24 09:30:00.000","601818.SH","光大银行","买入","200","3.54","708","--","5","普通成交"
"2016-05-24","2016-05-24 09:30:00.000","002461.SZ","珠江啤酒","卖出","100","11.36","1136","-16.59 / -1.44%","6.14","普通成交"
"2016-05-24","2016-05-24 09:30:00.000","002216.SZ","三全食品","买入","22200","7.97","176934","--","53.08","普通成交"
"2016-05-24","2016-05-24 09:30:00.000","002732.SZ","燕塘乳业","卖出","7000","24.39","170730","-3324.48 / -1.91%","221.95","普通成交"
"2016-05-23","2016-05-23 09:30:00.000","601998.SH","中信银行","买入","300","5.51","1653","--","5","普通成交"
"2016-05-23","2016-05-23 09:30:00.000","601818.SH","光大银行","买入","100","3.53","353","--","5","普通成交"
"2016-05-23","2016-05-23 09:30:00.000","600371.SH","万向德农","买入","100","14.97","1497","--","5","普通成交"
"2016-05-23","2016-05-23 09:30:00.000","300175.SZ","朗源股份","卖出","600","7.85","4710","118.49 / 2.58%","9.71","普通成交"
"2016-05-23","2016-05-23 09:30:00.000","002461.SZ","珠江啤酒","卖出","500","11.32","5660","-102.93 / -1.79%","10.66","普通成交"
"2016-05-23","2016-05-23 09:30:00.000","002216.SZ","三全食品","买入","200","7.85","1570","--","5","普通成交"
"2016-05-20","2016-05-20 09:30:00.000","601998.SH","中信银行","买入","100","5.48","548","--","5","普通成交"
"2016-05-20","2016-05-20 09:30:00.000","600371.SH","万向德农","买入","400","14.54","5816","--","5","普通成交"
"2016-05-20","2016-05-20 09:30:00.000","002732.SZ","燕塘乳业","买入","100","23.95","2395","--","5","普通成交"
"2016-05-19","2016-05-19 09:30:00.000","601998.SH","中信银行","卖出","800","5.5","4400","5.9 / 0.13%","9.4","普通成交"
"2016-05-19","2016-05-19 09:30:00.000","601818.SH","光大银行","卖出","1600","3.51","5616","-18.51 / -0.33%","10.62","普通成交"
"2016-05-19","2016-05-19 09:30:00.000","300175.SZ","朗源股份","买入","100","7.65","765","--","5","普通成交"
"2016-05-19","2016-05-19 09:30:00.000","002461.SZ","珠江啤酒","买入","100","11.2","1120","--","5","普通成交"
"2016-05-18","2016-05-18 09:30:00.000","600371.SH","万向德农","买入","100","15.29","1529","--","5","普通成交"
"2016-05-18","2016-05-18 09:30:00.000","300175.SZ","朗源股份","卖出","300","7.85","2355","59.31 / 2.58%","7.36","普通成交"
"2016-05-18","2016-05-18 09:30:00.000","002461.SZ","珠江啤酒","买入","100","11.5","1150","--","5","普通成交"
"2016-05-17","2016-05-17 09:30:00.000","601998.SH","中信银行","买入","400","5.55","2220","--","5","普通成交"
"2016-05-17","2016-05-17 09:30:00.000","601818.SH","光大银行","买入","1300","3.54","4602","--","5","普通成交"
"2016-05-17","2016-05-17 09:30:00.000","600371.SH","万向德农","卖出","400","15.81","6324","362.21 / 6.08%","11.32","普通成交"
"2016-05-17","2016-05-17 09:30:00.000","300175.SZ","朗源股份","卖出","200","7.93","1586","55.54 / 3.63%","6.59","普通成交"
"2016-05-17","2016-05-17 09:30:00.000","002461.SZ","珠江啤酒","买入","300","11.72","3516","--","5","普通成交"
"2016-05-16","2016-05-16 09:30:00.000","601998.SH","中信银行","买入","28400","5.49","155916","--","46.77","普通成交"
"2016-05-16","2016-05-16 09:30:00.000","601818.SH","光大银行","买入","56800","3.52","199936","--","59.98","普通成交"
"2016-05-16","2016-05-16 09:30:00.000","600371.SH","万向德农","买入","13100","14.9","195190","--","58.56","普通成交"
"2016-05-16","2016-05-16 09:30:00.000","300175.SZ","朗源股份","买入","21300","7.65","162945","--","48.88","普通成交"
"2016-05-16","2016-05-16 09:30:00.000","002732.SZ","燕塘乳业","买入","6900","24.87","171603","--","51.48","普通成交"
"2016-05-16","2016-05-16 09:30:00.000","002461.SZ","珠江啤酒","买入","15900","11.52","183168","--","54.95","普通成交"
"2016-04-18","2016-04-18 09:30:00.000","600881.SH","亚泰集团","卖出","29700","5.87","174339","17110.76 / 10.88%","226.64","普通成交"
"2016-04-06","2016-04-06 09:30:00.000","600805.SH","悦达投资","卖出","21100","8.72","183992","3577.93 / 1.98%","239.19","普通成交"
"2016-04-06","2016-04-06 09:30:00.000","300413.SZ","快乐购","卖出","6200","30","186000","8192.67 / 4.61%","241.8","普通成交"
"2016-04-06","2016-04-06 09:30:00.000","000158.SZ","常山股份","卖出","13900","12.88","179032","5999.57 / 3.47%","232.74","普通成交"
"2016-04-06","2016-04-06 09:30:00.000","000529.SZ","广弘控股","卖出","17600","10.18","179168","24619.43 / 15.93%","232.92","普通成交"
"2016-04-06","2016-04-06 09:30:00.000","600850.SH","华东电脑","卖出","4500","38.16","171720","5620.18 / 3.38%","223.24","普通成交"
"2016-04-05","2016-04-05 09:30:00.000","600805.SH","悦达投资","买入","800","8.49","6792","--","5","普通成交"
"2016-04-05","2016-04-05 09:30:00.000","300413.SZ","快乐购","卖出","100","29.61","2961","93.14 / 3.25%","7.96","普通成交"
"2016-04-05","2016-04-05 09:30:00.000","000529.SZ","广弘控股","卖出","500","9.39","4695","304.42 / 6.93%","9.7","普通成交"
"2016-04-05","2016-04-05 09:30:00.000","000158.SZ","常山股份","买入","100","12.19","1219","--","5","普通成交"
"2016-04-01","2016-04-01 09:30:00.000","600881.SH","亚泰集团","买入","300","5.46","1638","--","5","普通成交"
"2016-04-01","2016-04-01 09:30:00.000","600805.SH","悦达投资","卖出","100","8.66","866","10.74 / 1.26%","5.87","普通成交"
"2016-04-01","2016-04-01 09:30:00.000","000158.SZ","常山股份","买入","300","12.26","3678","--","5","普通成交"
"2016-03-31","2016-03-31 09:30:00.000","600881.SH","亚泰集团","买入","300","5.48","1644","--","5","普通成交"
"2016-03-31","2016-03-31 09:30:00.000","000529.SZ","广弘控股","买入","100","8.75","875","--","5","普通成交"
"2016-03-30","2016-03-30 09:30:00.000","600881.SH","亚泰集团","卖出","1600","5.39","8624","160.15 / 1.89%","13.62","普通成交"
"2016-03-30","2016-03-30 09:30:00.000","000529.SZ","广弘控股","买入","100","8.45","845","--","5","普通成交"
"2016-03-29","2016-03-29 09:30:00.000","600881.SH","亚泰集团","买入","400","5.15","2060","--","5","普通成交"
"2016-03-29","2016-03-29 09:30:00.000","000529.SZ","广弘控股","卖出","200","8.7","1740","-16.53 / -0.94%","6.74","普通成交"
"2016-03-29","2016-03-29 09:30:00.000","000158.SZ","常山股份","卖出","100","12.23","1223","-22.37 / -1.8%","6.22","普通成交"
"2016-03-28","2016-03-28 09:30:00.000","600881.SH","亚泰集团","买入","30300","5.29","160287","--","48.09","普通成交"
"2016-03-28","2016-03-28 09:30:00.000","600850.SH","华东电脑","买入","4500","36.9","166050","--","49.82","普通成交"
"2016-03-28","2016-03-28 09:30:00.000","600805.SH","悦达投资","买入","20400","8.55","174420","--","52.33","普通成交"
"2016-03-28","2016-03-28 09:30:00.000","300413.SZ","快乐购","买入","6300","28.67","180621","--","54.19","普通成交"
"2016-03-28","2016-03-28 09:30:00.000","000529.SZ","广弘控股","买入","18100","8.78","158918","--","47.68","普通成交"
"2016-03-28","2016-03-28 09:30:00.000","000158.SZ","常山股份","买入","13600","12.45","169320","--","50.8","普通成交"
"2016-01-26","2016-01-26 09:30:00.000","600629.SH","华建集团","卖出","9800","16.6","162680","10515.32 / 6.91%","211.48","普通成交"
"2016-01-26","2016-01-26 09:30:00.000","002469.SZ","三维工程","卖出","13800","12.52","172776","18385.27 / 11.91%","224.61","普通成交"
"2016-01-25","2016-01-25 09:30:00.000","600180.SH","瑞茂通","卖出","10900","15.75","171675","8288.91 / 5.07%","223.18","普通成交"
"2016-01-25","2016-01-25 09:30:00.000","300397.SZ","天和防务","卖出","2800","59.93","167804","15049.93 / 9.85%","218.15","普通成交"
"2016-01-25","2016-01-25 09:30:00.000","002469.SZ","三维工程","买入","500","12.55","6275","--","5","普通成交"
"2016-01-25","2016-01-25 09:30:00.000","002414.SZ","高德红外","卖出","7700","21.79","167783","12217.62 / 7.85%","218.12","普通成交"
"2016-01-25","2016-01-25 09:30:00.000","000755.SZ","山西三维","卖出","24300","6.76","164268","9626.88 / 6.23%","213.55","普通成交"
"2016-01-22","2016-01-22 09:30:00.000","600629.SH","华建集团","买入","100","16.12","1612","--","5","普通成交"
"2016-01-22","2016-01-22 09:30:00.000","600180.SH","瑞茂通","买入","100","15.48","1548","--","5","普通成交"
"2016-01-22","2016-01-22 09:30:00.000","300397.SZ","天和防务","买入","100","57.98","5798","--","5","普通成交"
"2016-01-22","2016-01-22 09:30:00.000","002469.SZ","三维工程","卖出","1500","12.75","19125","2420.78 / 14.49%","24.86","普通成交"
"2016-01-22","2016-01-22 09:30:00.000","000755.SZ","山西三维","买入","500","6.57","3285","--","5","普通成交"
"2016-01-21","2016-01-21 09:30:00.000","600629.SH","华建集团","买入","100","16.38","1638","--","5","普通成交"
"2016-01-21","2016-01-21 09:30:00.000","600180.SH","瑞茂通","买入","100","15.89","1589","--","5","普通成交"
"2016-01-21","2016-01-21 09:30:00.000","002414.SZ","高德红外","卖出","100","21.6","2160","139.67 / 6.91%","7.16","普通成交"
"2016-01-21","2016-01-21 09:30:00.000","000755.SZ","山西三维","卖出","100","6.87","687","51.07 / 8.03%","5.69","普通成交"
"2016-01-20","2016-01-20 09:30:00.000","600180.SH","瑞茂通","买入","100","16.4","1640","--","5","普通成交"
"2016-01-20","2016-01-20 09:30:00.000","002469.SZ","三维工程","买入","200","12.04","2408","--","5","普通成交"
"2016-01-20","2016-01-20 09:30:00.000","000755.SZ","山西三维","卖出","400","6.9","2760","216.28 / 8.5%","7.76","普通成交"
"2016-01-19","2016-01-19 09:30:00.000","600629.SH","华建集团","买入","200","16.25","3250","--","5","普通成交"
"2016-01-19","2016-01-19 09:30:00.000","600180.SH","瑞茂通","买入","100","15.67","1567","--","5","普通成交"
"2016-01-19","2016-01-19 09:30:00.000","002469.SZ","三维工程","买入","500","11.68","5840","--","5","普通成交"
"2016-01-19","2016-01-19 09:30:00.000","002414.SZ","高德红外","买入","400","21.25","8500","--","5","普通成交"
"2016-01-19","2016-01-19 09:30:00.000","000755.SZ","山西三维","买入","800","6.57","5256","--","5","普通成交"
"2016-01-18","2016-01-18 09:30:00.000","600629.SH","华建集团","买入","9400","15.49","145606","--","43.68","普通成交"
"2016-01-18","2016-01-18 09:30:00.000","600180.SH","瑞茂通","买入","10500","14.95","156975","--","47.09","普通成交"
"2016-01-18","2016-01-18 09:30:00.000","300397.SZ","天和防务","买入","2700","54.41","146907","--","44.07","普通成交"
"2016-01-18","2016-01-18 09:30:00.000","002469.SZ","三维工程","买入","14100","11.1","156510","--","46.95","普通成交"
"2016-01-18","2016-01-18 09:30:00.000","002414.SZ","高德红外","买入","7400","20.14","149036","--","44.71","普通成交"
"2016-01-18","2016-01-18 09:30:00.000","000755.SZ","山西三维","买入","23500","6.35","149225","--","44.77","普通成交"
"2015-12-22","2015-12-22 09:30:00.000","300167.SZ","迪威视讯","卖出","5800","22.49","130442","2819.7 / 2.21%","169.57","普通成交"
"2015-12-22","2015-12-22 09:30:00.000","600612.SH","老凤祥","卖出","3700","46.12","170644","16794.61 / 10.92%","221.84","普通成交"
"2015-12-22","2015-12-22 09:30:00.000","600966.SH","博汇纸业","卖出","49200","4.01","197292","8370.38 / 4.43%","256.48","普通成交"
"2015-12-22","2015-12-22 09:30:00.000","002374.SZ","丽鹏股份","卖出","6100","18.04","110044","4291.55 / 4.06%","143.06","普通成交"
"2015-12-22","2015-12-22 09:30:00.000","603003.SH","龙宇燃油","卖出","7600","23.88","181488","19635.46 / 12.13%","235.93","普通成交"
"2015-12-22","2015-12-22 09:30:00.000","600987.SH","航民股份","卖出","11300","12.73","143849","8498.54 / 6.28%","187","普通成交"
"2015-12-21","2015-12-21 09:30:00.000","600966.SH","博汇纸业","买入","300","3.96","1188","--","5","普通成交"
"2015-12-21","2015-12-21 09:30:00.000","300167.SZ","迪威视讯","卖出","100","22.5","2250","49.62 / 2.26%","7.25","普通成交"
"2015-12-18","2015-12-18 09:30:00.000","600987.SH","航民股份","买入","300","12.62","3786","--","5","普通成交"
"2015-12-18","2015-12-18 09:30:00.000","600966.SH","博汇纸业","卖出","600","3.99","2394","90.58 / 3.93%","7.39","普通成交"
"2015-12-17","2015-12-17 09:30:00.000","603003.SH","龙宇燃油","卖出","100","22.54","2254","124.36 / 5.84%","7.25","普通成交"
"2015-12-17","2015-12-17 09:30:00.000","600966.SH","博汇纸业","买入","400","3.84","1536","--","5","普通成交"
"2015-12-16","2015-12-16 09:30:00.000","600966.SH","博汇纸业","买入","300","3.83","1149","--","5","普通成交"
"2015-12-15","2015-12-15 09:30:00.000","603003.SH","龙宇燃油","买入","7700","21.29","163933","--","49.18","普通成交"
"2015-12-15","2015-12-15 09:30:00.000","600987.SH","航民股份","买入","7400","12.12","89688","--","26.91","普通成交"
"2015-12-15","2015-12-15 09:30:00.000","600966.SH","博汇纸业","卖出","200","3.79","758","-9.77 / -1.27%","5.76","普通成交"
"2015-12-15","2015-12-15 09:30:00.000","002374.SZ","丽鹏股份","买入","100","16.94","1694","--","5","普通成交"
"2015-12-15","2015-12-15 09:30:00.000","300348.SZ","长亮科技","卖出","1900","72","136800","4120.21 / 3.11%","177.84","普通成交"
"2015-12-15","2015-12-15 09:30:00.000","002656.SZ","卡奴迪路","卖出","4800","25.01","120048","23065.33 / 23.78%","156.06","普通成交"
"2015-12-14","2015-12-14 09:30:00.000","600987.SH","航民股份","买入","3600","11.62","41832","--","12.55","普通成交"
"2015-12-14","2015-12-14 09:30:00.000","600966.SH","博汇纸业","卖出","600","3.66","2196","-107.32 / -4.66%","7.2","普通成交"
"2015-12-14","2015-12-14 09:30:00.000","600612.SH","老凤祥","卖出","300","40.88","12264","-210.28 / -1.69%","17.26","普通成交"
"2015-12-14","2015-12-14 09:30:00.000","300167.SZ","迪威视讯","卖出","1400","20.1","28140","-2665.38 / -8.65%","36.58","普通成交"
"2015-12-11","2015-12-11 09:30:00.000","600966.SH","博汇纸业","买入","700","3.7","2590","--","5","普通成交"
"2015-12-11","2015-12-11 09:30:00.000","300167.SZ","迪威视讯","卖出","100","20.4","2040","-160.38 / -7.29%","7.04","普通成交"
"2015-12-11","2015-12-11 09:30:00.000","002656.SZ","卡奴迪路","买入","200","23.6","4720","--","5","普通成交"
"2015-12-10","2015-12-10 09:30:00.000","300167.SZ","迪威视讯","买入","200","20.01","4002","--","5","普通成交"
"2015-12-10","2015-12-10 09:30:00.000","002656.SZ","卡奴迪路","卖出","300","24.27","7281","1264.2 / 21.01%","12.28","普通成交"
"2015-12-10","2015-12-10 09:30:00.000","002374.SZ","丽鹏股份","买入","200","16.2","3240","--","5","普通成交"
"2015-12-09","2015-12-09 09:30:00.000","600966.SH","博汇纸业","买入","300","3.75","1125","--","5","普通成交"
"2015-12-09","2015-12-09 09:30:00.000","300167.SZ","迪威视讯","买入","100","20.24","2024","--","5","普通成交"
"2015-12-09","2015-12-09 09:30:00.000","002656.SZ","卡奴迪路","卖出","300","23.4","7020","1003.2 / 16.67%","12.02","普通成交"
"2015-12-09","2015-12-09 09:30:00.000","002374.SZ","丽鹏股份","买入","100","16.35","1635","--","5","普通成交"
"2015-12-08","2015-12-08 09:30:00.000","600966.SH","博汇纸业","买入","47000","3.84","180480","--","54.14","普通成交"
"2015-12-08","2015-12-08 09:30:00.000","300348.SZ","长亮科技","买入","1500","69.8","104700","--","31.41","普通成交"
"2015-12-08","2015-12-08 09:30:00.000","300167.SZ","迪威视讯","买入","100","21.35","2135","--","5","普通成交"
"2015-12-08","2015-12-08 09:30:00.000","002656.SZ","卡奴迪路","卖出","300","22.7","6810","793.2 / 13.18%","11.81","普通成交"
"2015-12-08","2015-12-08 09:30:00.000","000663.SZ","永安林业","卖出","7600","17.9","136040","12035.74 / 9.71%","176.85","普通成交"
"2015-12-08","2015-12-08 09:30:00.000","603003.SH","龙宇燃油","卖出","6800","21.73","147764","6.59 / 0.0%","192.09","普通成交"
"2015-12-07","2015-12-07 09:30:00.000","600966.SH","博汇纸业","买入","1600","3.84","6144","--","5","普通成交"
"2015-12-07","2015-12-07 09:30:00.000","300348.SZ","长亮科技","买入","400","69.85","27940","--","8.38","普通成交"
"2015-12-07","2015-12-07 09:30:00.000","300167.SZ","迪威视讯","买入","1100","21.2","23320","--","7","普通成交"
"2015-12-07","2015-12-07 09:30:00.000","002374.SZ","丽鹏股份","卖出","3000","17.37","52110","-83.92 / -0.16%","67.74","普通成交"
"2015-12-07","2015-12-07 09:30:00.000","000663.SZ","永安林业","卖出","300","17.6","5280","385.09 / 7.87%","10.28","普通成交"
"2015-12-04","2015-12-04 09:30:00.000","002374.SZ","丽鹏股份","买入","100","17.14","1714","--","5","普通成交"
"2015-12-03","2015-12-03 09:30:00.000","603003.SH","龙宇燃油","卖出","100","22.23","2223","50.1 / 2.31%","7.22","普通成交"
"2015-12-03","2015-12-03 09:30:00.000","002374.SZ","丽鹏股份","买入","100","16.94","1694","--","5","普通成交"
"2015-12-02","2015-12-02 09:30:00.000","603003.SH","龙宇燃油","买入","100","21.85","2185","--","5","普通成交"
"2015-12-02","2015-12-02 09:30:00.000","600612.SH","老凤祥","买入","100","40.3","4030","--","5","普通成交"
"2015-12-02","2015-12-02 09:30:00.000","300167.SZ","迪威视讯","买入","100","21.34","2134","--","5","普通成交"
"2015-12-02","2015-12-02 09:30:00.000","002656.SZ","卡奴迪路","卖出","100","21.73","2173","167.4 / 8.35%","7.17","普通成交"
"2015-12-02","2015-12-02 09:30:00.000","002374.SZ","丽鹏股份","卖出","100","17.45","1745","4.48 / 0.26%","6.75","普通成交"
"2015-12-01","2015-12-01 09:30:00.000","603003.SH","龙宇燃油","卖出","100","22.2","2220","47.35 / 2.18%","7.22","普通成交"
"2015-12-01","2015-12-01 09:30:00.000","300167.SZ","迪威视讯","买入","200","21.6","4320","--","5","普通成交"
"2015-12-01","2015-12-01 09:30:00.000","002656.SZ","卡奴迪路","卖出","200","21.1","4220","208.8 / 5.21%","9.22","普通成交"
"2015-12-01","2015-12-01 09:30:00.000","000663.SZ","永安林业","买入","100","16.38","1638","--","5","普通成交"
"2015-11-30","2015-11-30 09:30:00.000","603003.SH","龙宇燃油","买入","6900","21.72","149868","--","44.96","普通成交"
"2015-11-30","2015-11-30 09:30:00.000","600612.SH","老凤祥","买入","3900","41.6","162240","--","48.67","普通成交"
"2015-11-30","2015-11-30 09:30:00.000","300167.SZ","迪威视讯","买入","5600","22.29","124824","--","37.45","普通成交"
"2015-11-30","2015-11-30 09:30:00.000","002656.SZ","卡奴迪路","买入","5800","20.05","116290","--","34.89","普通成交"
"2015-11-30","2015-11-30 09:30:00.000","002374.SZ","丽鹏股份","买入","8600","17.4","149640","--","44.89","普通成交"
"2015-11-30","2015-11-30 09:30:00.000","000663.SZ","永安林业","买入","7800","16.31","127218","--","38.17","普通成交"
"2015-11-03","2015-11-03 09:30:00.000","002593.SZ","日上集团","卖出","6100","21.91","133651","29611.26 / 28.46%","173.75","普通成交"
"2015-11-03","2015-11-03 09:30:00.000","600548.SH","深高速","卖出","27200","6.83","185776","11779.1 / 6.77%","241.51","普通成交"
"2015-11-03","2015-11-03 09:30:00.000","000906.SZ","物产中拓","卖出","6100","14.8","90280","13962.36 / 18.3%","117.36","普通成交"
"2015-11-03","2015-11-03 09:30:00.000","603003.SH","龙宇燃油","卖出","6600","18.01","118866","-5415.23 / -4.36%","154.53","普通成交"
"2015-11-03","2015-11-03 09:30:00.000","002713.SZ","东易日盛","卖出","7200","20.19","145368","12719.64 / 9.59%","188.98","普通成交"
"2015-11-03","2015-11-03 09:30:00.000","300202.SZ","聚龙股份","卖出","5900","27.5","162250","35648.69 / 28.16%","210.93","普通成交"
"2015-11-02","2015-11-02 09:30:00.000","603003.SH","龙宇燃油","买入","100","18.29","1829","--","5","普通成交"
"2015-11-02","2015-11-02 09:30:00.000","600548.SH","深高速","买入","500","6.61","3305","--","5","普通成交"
"2015-11-02","2015-11-02 09:30:00.000","300202.SZ","聚龙股份","卖出","100","24.25","2425","279.22 / 13.01%","7.43","普通成交"
"2015-11-02","2015-11-02 09:30:00.000","002593.SZ","日上集团","卖出","100","21.4","2140","434.43 / 25.47%","7.14","普通成交"
"2015-10-30","2015-10-30 09:30:00.000","603003.SH","龙宇燃油","买入","200","20.58","4116","--","5","普通成交"
"2015-10-30","2015-10-30 09:30:00.000","600548.SH","深高速","卖出","600","6.88","4128","292.34 / 7.62%","9.13","普通成交"
"2015-10-30","2015-10-30 09:30:00.000","300202.SZ","聚龙股份","买入","200","25.1","5020","--","5","普通成交"
"2015-10-30","2015-10-30 09:30:00.000","002713.SZ","东易日盛","买入","200","20.93","4186","--","5","普通成交"
"2015-10-30","2015-10-30 09:30:00.000","002593.SZ","日上集团","卖出","300","21.5","6450","1333.29 / 26.06%","11.45","普通成交"
"2015-10-30","2015-10-30 09:30:00.000","000906.SZ","物产中拓","卖出","100","16.2","1620","368.89 / 29.49%","6.62","普通成交"
"2015-10-29","2015-10-29 09:30:00.000","603003.SH","龙宇燃油","买入","200","21.18","4236","--","5","普通成交"
"2015-10-29","2015-10-29 09:30:00.000","600548.SH","深高速","卖出","900","6.6","5940","186.51 / 3.24%","10.94","普通成交"
"2015-10-29","2015-10-29 09:30:00.000","002713.SZ","东易日盛","买入","300","21","6300","--","5","普通成交"
"2015-10-29","2015-10-29 09:30:00.000","002593.SZ","日上集团","卖出","100","20.08","2008","302.43 / 17.73%","7.01","普通成交"
"2015-10-29","2015-10-29 09:30:00.000","000906.SZ","物产中拓","卖出","200","15.8","3160","657.78 / 26.29%","8.16","普通成交"
"2015-10-28","2015-10-28 09:30:00.000","603003.SH","龙宇燃油","卖出","100","21.18","2118","247.75 / 13.25%","7.12","普通成交"
"2015-10-28","2015-10-28 09:30:00.000","600548.SH","深高速","买入","400","6.36","2544","--","5","普通成交"
"2015-10-28","2015-10-28 09:30:00.000","300202.SZ","聚龙股份","买入","100","24.81","2481","--","5","普通成交"
"2015-10-28","2015-10-28 09:30:00.000","002713.SZ","东易日盛","买入","200","21.8","4360","--","5","普通成交"
"2015-10-28","2015-10-28 09:30:00.000","000906.SZ","物产中拓","卖出","300","15.61","4683","929.67 / 24.77%","9.68","普通成交"
"2015-10-27","2015-10-27 09:30:00.000","603003.SH","龙宇燃油","卖出","200","20.74","4148","407.5 / 10.89%","9.15","普通成交"
"2015-10-27","2015-10-27 09:30:00.000","600548.SH","深高速","买入","400","6.44","2576","--","5","普通成交"
"2015-10-27","2015-10-27 09:30:00.000","300202.SZ","聚龙股份","买入","200","25.36","5072","--","5","普通成交"
"2015-10-27","2015-10-27 09:30:00.000","002713.SZ","东易日盛","卖出","300","22.3","6690","1253.66 / 23.06%","11.69","普通成交"
"2015-10-27","2015-10-27 09:30:00.000","002593.SZ","日上集团","买入","100","19","1900","--","5","普通成交"
"2015-10-27","2015-10-27 09:30:00.000","000906.SZ","物产中拓","买入","100","14","1400","--","5","普通成交"
"2015-10-26","2015-10-26 09:30:00.000","603003.SH","龙宇燃油","买入","100","19.99","1999","--","5","普通成交"
"2015-10-26","2015-10-26 09:30:00.000","600548.SH","深高速","买入","900","6.53","5877","--","5","普通成交"
"2015-10-26","2015-10-26 09:30:00.000","300202.SZ","聚龙股份","卖出","300","26.61","7983","1647.05 / 26.0%","12.98","普通成交"
"2015-10-26","2015-10-26 09:30:00.000","002713.SZ","东易日盛","卖出","200","21.89","4378","753.77 / 20.8%","9.38","普通成交"
"2015-10-23","2015-10-23 09:30:00.000","600548.SH","深高速","买入","300","6.35","1905","--","5","普通成交"
"2015-10-23","2015-10-23 09:30:00.000","002593.SZ","日上集团","买入","200","18.15","3630","--","5","普通成交"
"2015-10-22","2015-10-22 09:30:00.000","603003.SH","龙宇燃油","买入","200","18.15","3630","--","5","普通成交"
"2015-10-22","2015-10-22 09:30:00.000","600548.SH","深高速","卖出","700","6.17","4319","-152.29 / -3.41%","9.32","普通成交"
"2015-10-22","2015-10-22 09:30:00.000","300202.SZ","聚龙股份","卖出","200","22.8","4560","336.03 / 7.96%","9.56","普通成交"
"2015-10-22","2015-10-22 09:30:00.000","002593.SZ","日上集团","买入","100","17.15","1715","--","5","普通成交"
"2015-10-21","2015-10-21 09:30:00.000","600548.SH","深高速","买入","100","6.49","649","--","5","普通成交"
"2015-10-21","2015-10-21 09:30:00.000","002713.SZ","东易日盛","卖出","100","21.11","2111","298.89 / 16.49%","7.11","普通成交"
"2015-10-20","2015-10-20 09:30:00.000","603003.SH","龙宇燃油","买入","200","19.2","3840","--","5","普通成交"
"2015-10-20","2015-10-20 09:30:00.000","600548.SH","深高速","买入","17400","6.35","110490","--","33.15","普通成交"
"2015-10-20","2015-10-20 09:30:00.000","002713.SZ","东易日盛","卖出","200","20.16","4032","407.77 / 11.25%","9.03","普通成交"
"2015-10-20","2015-10-20 09:30:00.000","002593.SZ","日上集团","卖出","200","19.48","3896","498.98 / 14.69%","8.9","普通成交"
"2015-10-20","2015-10-20 09:30:00.000","000906.SZ","物产中拓","买入","100","14","1400","--","5","普通成交"
"2015-10-20","2015-10-20 09:30:00.000","300350.SZ","华鹏飞","卖出","3100","35.16","108996","20557.47 / 23.24%","141.69","普通成交"
"2015-10-19","2015-10-19 09:30:00.000","600548.SH","深高速","买入","9400","6.45","60630","--","18.19","普通成交"
"2015-10-19","2015-10-19 09:30:00.000","300350.SZ","华鹏飞","卖出","100","36.91","3691","838.14 / 29.38%","8.69","普通成交"
"2015-10-19","2015-10-19 09:30:00.000","300202.SZ","聚龙股份","卖出","100","24","2400","288.02 / 13.64%","7.4","普通成交"
"2015-10-19","2015-10-19 09:30:00.000","002713.SZ","东易日盛","买入","700","20.3","14210","--","5","普通成交"
"2015-10-19","2015-10-19 09:30:00.000","002593.SZ","日上集团","卖出","600","19","11400","1208.94 / 11.86%","16.4","普通成交"
"2015-10-19","2015-10-19 09:30:00.000","000906.SZ","物产中拓","卖出","3800","14.88","56544","9181.8 / 19.39%","73.51","普通成交"
"2015-10-16","2015-10-16 09:30:00.000","603003.SH","龙宇燃油","买入","100","19.9","1990","--","5","普通成交"
"2015-10-16","2015-10-16 09:30:00.000","300202.SZ","聚龙股份","卖出","100","23.85","2385","273.02 / 12.93%","7.39","普通成交"
"2015-10-16","2015-10-16 09:30:00.000","002713.SZ","东易日盛","买入","100","19.5","1950","--","5","普通成交"
"2015-10-15","2015-10-15 09:30:00.000","603003.SH","龙宇燃油","买入","100","19","1900","--","5","普通成交"
"2015-10-15","2015-10-15 09:30:00.000","300202.SZ","聚龙股份","买入","200","21.5","4300","--","5","普通成交"
"2015-10-15","2015-10-15 09:30:00.000","002713.SZ","东易日盛","买入","100","18.35","1835","--","5","普通成交"
"2015-10-15","2015-10-15 09:30:00.000","000906.SZ","物产中拓","卖出","400","13.7","5480","494.5 / 9.92%","10.48","普通成交"
"2015-10-14","2015-10-14 09:30:00.000","603003.SH","龙宇燃油","买入","300","19.45","5835","--","5","普通成交"
"2015-10-14","2015-10-14 09:30:00.000","300350.SZ","华鹏飞","卖出","300","35.48","10644","2085.43 / 24.37%","15.64","普通成交"
"2015-10-13","2015-10-13 09:30:00.000","603003.SH","龙宇燃油","买入","200","19.11","3822","--","5","普通成交"
"2015-10-13","2015-10-13 09:30:00.000","300202.SZ","聚龙股份","卖出","100","22.29","2229","118.37 / 5.61%","7.23","普通成交"
"2015-10-13","2015-10-13 09:30:00.000","000906.SZ","物产中拓","卖出","100","13","1300","53.63 / 4.3%","6.3","普通成交"
"2015-10-12","2015-10-12 09:30:00.000","603003.SH","龙宇燃油","买入","5200","18.58","96616","--","28.98","普通成交"
"2015-10-12","2015-10-12 09:30:00.000","300350.SZ","华鹏飞","买入","3500","28.52","99820","--","29.95","普通成交"
"2015-10-12","2015-10-12 09:30:00.000","300202.SZ","聚龙股份","买入","6100","21.1","128710","--","38.61","普通成交"
"2015-10-12","2015-10-12 09:30:00.000","002713.SZ","东易日盛","买入","6400","17.85","114240","--","34.27","普通成交"
"2015-10-12","2015-10-12 09:30:00.000","002593.SZ","日上集团","买入","7000","16.98","118860","--","35.66","普通成交"
"2015-10-12","2015-10-12 09:30:00.000","000906.SZ","物产中拓","买入","10800","12.46","134568","--","40.37","普通成交"
"2015-10-09","2015-10-09 09:30:00.000","300329.SZ","海伦钢琴","卖出","5100","23.5","119850","23657.48 / 24.59%","155.81","普通成交"
"2015-10-09","2015-10-09 09:30:00.000","002374.SZ","丽鹏股份","卖出","9300","12.3","114390","8223.54 / 7.75%","148.71","普通成交"
"2015-10-08","2015-10-08 09:30:00.000","300350.SZ","华鹏飞","卖出","3600","27.02","97272","3823.97 / 4.09%","126.45","普通成交"
"2015-10-08","2015-10-08 09:30:00.000","300329.SZ","海伦钢琴","买入","200","22.16","4432","--","5","普通成交"
"2015-10-08","2015-10-08 09:30:00.000","002713.SZ","东易日盛","卖出","6500","16.59","107835","3650.24 / 3.5%","140.19","普通成交"
"2015-10-08","2015-10-08 09:30:00.000","002593.SZ","日上集团","卖出","7200","16.33","117576","13072.66 / 12.51%","152.85","普通成交"
"2015-10-08","2015-10-08 09:30:00.000","002374.SZ","丽鹏股份","买入","100","12.5","1250","--","5","普通成交"
"2015-10-08","2015-10-08 09:30:00.000","000906.SZ","物产中拓","卖出","10900","11.9","129710","4546.18 / 3.63%","168.62","普通成交"
"2015-09-30","2015-09-30 09:30:00.000","300329.SZ","海伦钢琴","卖出","600","22.6","13560","2324.63 / 20.69%","18.56","普通成交"
"2015-09-30","2015-09-30 09:30:00.000","000906.SZ","物产中拓","买入","200","11.53","2306","--","5","普通成交"
"2015-09-29","2015-09-29 09:30:00.000","300329.SZ","海伦钢琴","卖出","100","21.2","2120","247.44 / 13.21%","7.12","普通成交"
"2015-09-29","2015-09-29 09:30:00.000","002713.SZ","东易日盛","买入","100","16.21","1621","--","5","普通成交"
"2015-09-29","2015-09-29 09:30:00.000","002593.SZ","日上集团","卖出","100","15.5","1550","98.56 / 6.79%","6.55","普通成交"
"2015-09-29","2015-09-29 09:30:00.000","000906.SZ","物产中拓","买入","300","11.4","3420","--","5","普通成交"
"2015-09-28","2015-09-28 09:30:00.000","300350.SZ","华鹏飞","买入","3600","25.95","93420","--","28.03","普通成交"
"2015-09-28","2015-09-28 09:30:00.000","300329.SZ","海伦钢琴","买入","5600","18.72","104832","--","31.45","普通成交"
"2015-09-28","2015-09-28 09:30:00.000","002713.SZ","东易日盛","买入","6400","16.02","102528","--","30.76","普通成交"
"2015-09-28","2015-09-28 09:30:00.000","002593.SZ","日上集团","买入","7300","14.51","105923","--","31.78","普通成交"
"2015-09-28","2015-09-28 09:30:00.000","002374.SZ","丽鹏股份","买入","9200","11.4","104880","--","31.46","普通成交"
"2015-09-28","2015-09-28 09:30:00.000","000906.SZ","物产中拓","买入","10400","11.48","119392","--","35.82","普通成交"
"2015-08-18","2015-08-18 09:30:00.000","002541.SZ","鸿路钢构","卖出","4900","20.01","98049","16772.24 / 20.64%","127.46","普通成交"
"2015-08-18","2015-08-18 09:30:00.000","002469.SZ","三维工程","卖出","5700","18.41","104937","8294.62 / 8.58%","136.42","普通成交"
"2015-08-18","2015-08-18 09:30:00.000","000906.SZ","物产中拓","卖出","4500","19.35","87075","13162.84 / 17.81%","113.2","普通成交"
"2015-08-18","2015-08-18 09:30:00.000","600279.SH","重庆港九","卖出","9000","14.07","126630","17133.49 / 15.65%","164.62","普通成交"
"2015-08-18","2015-08-18 09:30:00.000","002189.SZ","利达光电","卖出","3800","28.32","107616","19581.6 / 22.24%","139.9","普通成交"
"2015-08-18","2015-08-18 09:30:00.000","000576.SZ","广东甘化","卖出","7400","14.46","107004","15936.37 / 17.5%","139.11","普通成交"
"2015-08-17","2015-08-17 09:30:00.000","600279.SH","重庆港九","卖出","200","13.36","2672","238.74 / 9.81%","7.67","普通成交"
"2015-08-17","2015-08-17 09:30:00.000","002469.SZ","三维工程","买入","100","17.8","1780","--","5","普通成交"
"2015-08-17","2015-08-17 09:30:00.000","000906.SZ","物产中拓","卖出","100","18.8","1880","237.51 / 14.46%","6.88","普通成交"
"2015-08-14","2015-08-14 09:30:00.000","600279.SH","重庆港九","买入","300","13.12","3936","--","5","普通成交"
"2015-08-14","2015-08-14 09:30:00.000","002541.SZ","鸿路钢构","买入","100","20.48","2048","--","5","普通成交"
"2015-08-14","2015-08-14 09:30:00.000","002469.SZ","三维工程","买入","100","18.29","1829","--","5","普通成交"
"2015-08-14","2015-08-14 09:30:00.000","000576.SZ","广东甘化","卖出","200","14.2","2840","378.71 / 15.39%","7.84","普通成交"
"2015-08-13","2015-08-13 09:30:00.000","600279.SH","重庆港九","买入","100","12.51","1251","--","5","普通成交"
"2015-08-13","2015-08-13 09:30:00.000","002541.SZ","鸿路钢构","卖出","300","19.78","5934","982.51 / 19.84%","10.93","普通成交"
"2015-08-13","2015-08-13 09:30:00.000","002469.SZ","三维工程","买入","100","17.31","1731","--","5","普通成交"
"2015-08-13","2015-08-13 09:30:00.000","002189.SZ","利达光电","卖出","100","25.6","2560","243.31 / 10.5%","7.56","普通成交"
"2015-08-13","2015-08-13 09:30:00.000","000576.SZ","广东甘化","买入","300","12.6","3780","--","5","普通成交"
"2015-08-12","2015-08-12 09:30:00.000","600279.SH","重庆港九","买入","100","12.68","1268","--","5","普通成交"
"2015-08-12","2015-08-12 09:30:00.000","002541.SZ","鸿路钢构","卖出","300","20.88","6264","1312.51 / 26.51%","11.26","普通成交"
"2015-08-11","2015-08-11 09:30:00.000","600279.SH","重庆港九","买入","500","12.41","6205","--","5","普通成交"
"2015-08-11","2015-08-11 09:30:00.000","002541.SZ","鸿路钢构","卖出","100","17.64","1764","113.5 / 6.88%","6.76","普通成交"
"2015-08-11","2015-08-11 09:30:00.000","002189.SZ","利达光电","卖出","100","25.5","2550","233.31 / 10.07%","7.55","普通成交"
"2015-08-11","2015-08-11 09:30:00.000","000906.SZ","物产中拓","卖出","100","17.09","1709","66.51 / 4.05%","6.71","普通成交"
"2015-08-10","2015-08-10 09:30:00.000","600279.SH","重庆港九","买入","8200","12.1","99220","--","29.77","普通成交"
"2015-08-10","2015-08-10 09:30:00.000","002541.SZ","鸿路钢构","买入","5500","16.5","90750","--","27.23","普通成交"
"2015-08-10","2015-08-10 09:30:00.000","002469.SZ","三维工程","买入","5400","16.9","91260","--","27.38","普通成交"
"2015-08-10","2015-08-10 09:30:00.000","002189.SZ","利达光电","买入","4000","23.16","92640","--","27.79","普通成交"
"2015-08-10","2015-08-10 09:30:00.000","000906.SZ","物产中拓","买入","4700","16.42","77174","--","23.15","普通成交"
"2015-08-10","2015-08-10 09:30:00.000","000576.SZ","广东甘化","买入","7300","12.29","89717","--","26.92","普通成交"
"2015-07-20","2015-07-20 09:30:00.000","002200.SZ","云投生态","卖出","3000","21.92","65760","-15963.64 / -19.53%","85.49","普通成交"
"2015-06-30","2015-06-30 09:30:00.000","300132.SZ","青松股份","卖出","5500","10.43","57365","-22735.16 / -28.38%","74.57","普通成交"
"2015-06-30","2015-06-30 09:30:00.000","600315.SH","上海家化","卖出","2800","40.82","114296","-30579.04 / -21.11%","148.58","普通成交"
"2015-06-29","2015-06-29 09:30:00.000","601998.SH","中信银行","卖出","3100","7.39","22909","-2952.3 / -11.42%","29.78","普通成交"
"2015-06-29","2015-06-29 09:30:00.000","601628.SH","中国人寿","卖出","3700","29.3","108410","-24378.77 / -18.36%","140.93","普通成交"
"2015-06-29","2015-06-29 09:30:00.000","601288.SH","农业银行","卖出","29200","3.6","105120","-10162.65 / -8.82%","136.66","普通成交"
"2015-06-29","2015-06-29 09:30:00.000","300132.SZ","青松股份","买入","200","12.05","2410","--","5","普通成交"
"2015-06-29","2015-06-29 09:30:00.000","000712.SZ","锦龙股份","卖出","1900","36.79","69901","-8117.4 / -10.4%","90.87","普通成交"
"2015-06-26","2015-06-26 09:30:00.000","601998.SH","中信银行","买入","100","7.48","748","--","5","普通成交"
"2015-06-26","2015-06-26 09:30:00.000","601288.SH","农业银行","卖出","200","3.64","728","-61.61 / -7.8%","5.73","普通成交"
"2015-06-25","2015-06-25 09:30:00.000","601998.SH","中信银行","买入","300","8.17","2451","--","5","普通成交"
"2015-06-25","2015-06-25 09:30:00.000","300132.SZ","青松股份","卖出","200","13.49","2698","-233.52 / -7.97%","7.7","普通成交"
"2015-06-24","2015-06-24 09:30:00.000","601628.SH","中国人寿","买入","800","32.1","25680","--","7.7","普通成交"
"2015-06-24","2015-06-24 09:30:00.000","601288.SH","农业银行","买入","500","3.71","1855","--","5","普通成交"
"2015-06-24","2015-06-24 09:30:00.000","600315.SH","上海家化","买入","100","46.98","4698","--","5","普通成交"
"2015-06-24","2015-06-24 09:30:00.000","300132.SZ","青松股份","卖出","100","13.2","1320","-145.76 / -9.94%","6.32","普通成交"
"2015-06-24","2015-06-24 09:30:00.000","000712.SZ","锦龙股份","买入","1900","41.05","77995","--","23.4","普通成交"
"2015-06-24","2015-06-24 09:30:00.000","000728.SZ","国元证券","卖出","2800","38.99","109172","10582.43 / 10.73%","141.92","普通成交"
"2015-06-23","2015-06-23 09:30:00.000","601288.SH","农业银行","买入","700","3.59","2513","--","5","普通成交"
"2015-06-23","2015-06-23 09:30:00.000","300132.SZ","青松股份","买入","400","11.81","4724","--","5","普通成交"
"2015-06-23","2015-06-23 09:30:00.000","000728.SZ","国元证券","卖出","200","35.7","7140","97.89 / 1.39%","12.14","普通成交"
"2015-06-19","2015-06-19 09:30:00.000","601998.SH","中信银行","买入","100","7.87","787","--","5","普通成交"
"2015-06-19","2015-06-19 09:30:00.000","300132.SZ","青松股份","买入","200","12.88","2576","--","5","普通成交"
"2015-06-19","2015-06-19 09:30:00.000","000728.SZ","国元证券","卖出","100","34.4","3440","-81.06 / -2.3%","8.44","普通成交"
"2015-06-18","2015-06-18 09:30:00.000","601288.SH","农业银行","买入","100","3.84","384","--","5","普通成交"
"2015-06-17","2015-06-17 09:30:00.000","601998.SH","中信银行","买入","100","8.49","849","--","5","普通成交"
"2015-06-17","2015-06-17 09:30:00.000","601628.SH","中国人寿","买入","100","34.93","3493","--","5","普通成交"
"2015-06-17","2015-06-17 09:30:00.000","601288.SH","农业银行","买入","100","3.87","387","--","5","普通成交"
"2015-06-17","2015-06-17 09:30:00.000","600315.SH","上海家化","卖出","100","51.77","5177","-14.56 / -0.28%","10.18","普通成交"
"2015-06-15","2015-06-15 09:30:00.000","601998.SH","中信银行","买入","2500","8.4","21000","--","6.3","普通成交"
"2015-06-15","2015-06-15 09:30:00.000","601628.SH","中国人寿","买入","2800","36.99","103572","--","31.07","普通成交"
"2015-06-15","2015-06-15 09:30:00.000","601288.SH","农业银行","买入","28000","3.96","110880","--","33.26","普通成交"
"2015-06-15","2015-06-15 09:30:00.000","600315.SH","上海家化","买入","2800","51.9","145320","--","43.6","普通成交"
"2015-06-15","2015-06-15 09:30:00.000","300132.SZ","青松股份","买入","5000","14.95","74750","--","22.43","普通成交"
"2015-06-15","2015-06-15 09:30:00.000","000728.SZ","国元证券","买入","3100","35.2","109120","--","32.74","普通成交"
"2015-06-09","2015-06-09 09:30:00.000","002214.SZ","大立科技","卖出","3600","19.66","70776","2403.68 / 3.52%","92.01","普通成交"
"2015-06-09","2015-06-09 09:30:00.000","000519.SZ","江南红箭","卖出","5300","24.05","127465","4627.16 / 3.77%","165.7","普通成交"
"2015-06-09","2015-06-09 09:30:00.000","600476.SH","湘邮科技","卖出","1200","41.96","50352","5456.77 / 12.15%","65.46","普通成交"
"2015-06-09","2015-06-09 09:30:00.000","000498.SZ","山东路桥","卖出","9500","11.11","105545","17814.02 / 20.31%","137.21","普通成交"
"2015-06-09","2015-06-09 09:30:00.000","600131.SH","岷江水电","卖出","9200","13.5","124200","30180.16 / 32.1%","161.46","普通成交"
"2015-06-09","2015-06-09 09:30:00.000","002051.SZ","中工国际","卖出","2200","38.99","85778","8654.18 / 11.22%","111.51","普通成交"
"2015-06-08","2015-06-08 09:30:00.000","600476.SH","湘邮科技","买入","100","44.8","4480","--","5","普通成交"
"2015-06-08","2015-06-08 09:30:00.000","600131.SH","岷江水电","卖出","400","14.8","5920","1832.18 / 44.82%","10.92","普通成交"
"2015-06-08","2015-06-08 09:30:00.000","002214.SZ","大立科技","买入","100","20.9","2090","--","5","普通成交"
"2015-06-05","2015-06-05 09:30:00.000","600476.SH","湘邮科技","买入","200","43.5","8700","--","5","普通成交"
"2015-06-05","2015-06-05 09:30:00.000","600131.SH","岷江水电","卖出","800","13.86","11088","2912.36 / 35.62%","16.09","普通成交"
"2015-06-05","2015-06-05 09:30:00.000","002214.SZ","大立科技","买入","100","20.91","2091","--","5","普通成交"
"2015-06-05","2015-06-05 09:30:00.000","000498.SZ","山东路桥","买入","100","9.66","966","--","5","普通成交"
"2015-06-04","2015-06-04 09:30:00.000","000519.SZ","江南红箭","卖出","100","25.03","2503","185.3 / 7.99%","7.5","普通成交"
"2015-06-04","2015-06-04 00:00:00.000","002051.SZ","中工国际","卖出","0","36.99","528.21","--","132.05","除权除息"
"2015-06-03","2015-06-03 09:30:00.000","600476.SH","湘邮科技","买入","100","39.16","3916","--","5","普通成交"
"2015-06-03","2015-06-03 09:30:00.000","600131.SH","岷江水电","卖出","100","11.43","1143","121.05 / 11.85%","6.14","普通成交"
"2015-06-03","2015-06-03 09:30:00.000","002214.SZ","大立科技","卖出","100","21.45","2145","257.31 / 13.63%","7.15","普通成交"
"2015-06-02","2015-06-02 09:30:00.000","600476.SH","湘邮科技","买入","100","36.57","3657","--","5","普通成交"
"2015-06-02","2015-06-02 09:30:00.000","600131.SH","岷江水电","卖出","200","10.75","2150","106.09 / 5.19%","7.15","普通成交"
"2015-06-02","2015-06-02 09:30:00.000","002051.SZ","中工国际","买入","2200","35.33","77726","--","23.32","普通成交"
"2015-06-02","2015-06-02 09:30:00.000","000519.SZ","江南红箭","买入","5400","23.17","125118","--","37.54","普通成交"
"2015-06-02","2015-06-02 09:30:00.000","000498.SZ","山东路桥","买入","9000","9.25","83250","--","24.98","普通成交"
"2015-06-02","2015-06-02 09:30:00.000","300250.SZ","初灵信息","卖出","800","92.16","73728","11886.83 / 19.22%","95.85","普通成交"
"2015-06-02","2015-06-02 09:30:00.000","600248.SH","延长化建","卖出","6400","15.8","101120","18410.16 / 22.26%","131.46","普通成交"
"2015-06-02","2015-06-02 09:30:00.000","302132.SZ","中航电测","卖出","1910","59.32","113301.2","38442.99 / 51.35%","147.29","普通成交"
"2015-06-01","2015-06-01 09:30:00.000","600476.SH","湘邮科技","买入","700","34.45","24115","--","7.23","普通成交"
"2015-06-01","2015-06-01 09:30:00.000","600248.SH","延长化建","卖出","400","15.8","6320","1150.63 / 22.26%","11.32","普通成交"
"2015-06-01","2015-06-01 09:30:00.000","600131.SH","岷江水电","卖出","300","9.99","2997","-68.86 / -2.25%","8","普通成交"
"2015-06-01","2015-06-01 09:30:00.000","302132.SZ","中航电测","卖出","100","53.51","5351","1431.72 / 36.53%","10.35","普通成交"
"2015-06-01","2015-06-01 09:30:00.000","002214.SZ","大立科技","卖出","500","19.34","9670","231.57 / 2.45%","14.67","普通成交"
"2015-06-01","2015-06-01 09:30:00.000","000498.SZ","山东路桥","买入","400","8.7","3480","--","5","普通成交"
"2015-05-29","2015-05-29 09:30:00.000","600248.SH","延长化建","卖出","200","13.45","2690","105.32 / 4.07%","7.69","普通成交"
"2015-05-29","2015-05-29 09:30:00.000","600131.SH","岷江水电","买入","400","10.25","4100","--","5","普通成交"
"2015-05-29","2015-05-29 09:30:00.000","302132.SZ","中航电测","卖出","100","49.38","4938","1018.72 / 25.99%","9.94","普通成交"
"2015-05-29","2015-05-29 09:30:00.000","002214.SZ","大立科技","买入","100","19.26","1926","--","5","普通成交"
"2015-05-28","2015-05-28 09:30:00.000","600248.SH","延长化建","买入","300","13.79","4137","--","5","普通成交"
"2015-05-28","2015-05-28 09:30:00.000","600131.SH","岷江水电","卖出","100","11.2","1120","98.21 / 9.61%","6.12","普通成交"
"2015-05-28","2015-05-28 09:30:00.000","302132.SZ","中航电测","卖出","100","48.59","4859","939.72 / 23.98%","9.86","普通成交"
"2015-05-27","2015-05-27 09:30:00.000","600131.SH","岷江水电","买入","200","10.73","2146","--","5","普通成交"
"2015-05-27","2015-05-27 09:30:00.000","002214.SZ","大立科技","买入","100","21.1","2110","--","5","普通成交"
"2015-05-27","2015-05-27 09:30:00.000","002200.SZ","云投生态","买入","100","29.02","2902","--","5","普通成交"
"2015-05-27","2015-05-27 00:00:00.000","302132.SZ","中航电测","买入","510","46.49","-68","--","17","除权除息"
"2015-05-26","2015-05-26 09:30:00.000","600131.SH","岷江水电","买入","100","10.64","1064","--","5","普通成交"
"2015-05-26","2015-05-26 09:30:00.000","300250.SZ","初灵信息","买入","100","79.2","7920","--","5","普通成交"
"2015-05-25","2015-05-25 09:30:00.000","600248.SH","延长化建","买入","6700","12.88","86296","--","25.89","普通成交"
"2015-05-25","2015-05-25 09:30:00.000","600131.SH","岷江水电","买入","10400","10.2","106080","--","31.82","普通成交"
"2015-05-25","2015-05-25 09:30:00.000","302132.SZ","中航电测","买入","1700","50.98","86666","--","26","普通成交"
"2015-05-25","2015-05-25 09:30:00.000","300250.SZ","初灵信息","买入","700","77","53900","--","16.17","普通成交"
"2015-05-25","2015-05-25 09:30:00.000","002214.SZ","大立科技","买入","3800","18.8","71440","--","21.43","普通成交"
"2015-05-25","2015-05-25 09:30:00.000","002200.SZ","云投生态","买入","2900","27.17","78793","--","23.64","普通成交"

